schedule,subject_id,n_trials,Ep_pub,Ep_fix,Elogp_pub,Elogp_fix
schedule_0,schedule_0/1609192629_91.csv,100,0.689382844492431,0.689382844492431,-0.508931317749925,-0.508931317749925
schedule_0,schedule_0/1609192631_41.csv,100,0.603878795392312,0.603878795392312,-0.734576449012404,-0.734576449012404
schedule_0,schedule_0/1609192645_96.csv,100,0.864325672332416,0.870123946498428,-0.202066965770667,-0.19460739352368
schedule_0,schedule_0/1609192659_46.csv,100,0.818462773554413,0.821360607410743,-0.272932857759719,-0.269211617523219
schedule_0,schedule_0/1609192660_88.csv,100,0.593144332379416,0.593144332379416,-0.699445568088634,-0.699445568088634
schedule_0,schedule_0/1609192666_76.csv,100,0.622498743929301,0.622498743929301,-0.656475225384098,-0.656475225384098
schedule_0,schedule_0/1609192671_28.csv,100,0.646737771013716,0.649629821520068,-0.654963405459361,-0.651219776608756
schedule_0,schedule_0/1609192671_91.csv,100,0.553404692211361,0.553404692211361,-0.831938563436743,-0.831938563436743
schedule_0,schedule_0/1609192675_50.csv,100,0.765407508332815,0.768308815518564,-0.424721173948645,-0.421022852442949
schedule_0,schedule_0/1609192684_30.csv,100,0.756568218598391,0.762381558329361,-0.438380288844865,-0.430975765118514
schedule_0,schedule_0/1609192691_49.csv,100,0.55768086129562,0.55768086129562,-0.793758732554128,-0.793758732554128
schedule_0,schedule_0/1609192694_14.csv,100,0.626521376248948,0.632155530253836,-0.723902495183533,-0.711657110571911
schedule_0,schedule_0/1609192694_30.csv,100,0.68520526552574,0.68520526552574,-0.503684488280908,-0.503684488280908
schedule_0,schedule_0/1609192700_36.csv,100,0.585431195908328,0.591302317885772,-0.748821962789119,-0.735645400919853
schedule_0,schedule_0/1609192704_12.csv,100,0.642359693487059,0.642359693487059,-0.611388578893715,-0.611388578893715
schedule_0,schedule_0/1609192705_23.csv,100,0.793723127557611,0.799521717055711,-0.359752353980921,-0.352342190036994
schedule_0,schedule_0/1609192720_98.csv,100,0.651672351723985,0.651672351723985,-0.601831382120419,-0.601831382120419
schedule_0,schedule_0/1609192723_100.csv,100,0.779706602096883,0.782599577248744,-0.37268384374503,-0.368957156159673
schedule_0,schedule_0/1609192724_83.csv,100,0.302770771646912,0.302770771646912,-1.45596662475732,-1.45596662475732
schedule_0,schedule_0/1609192743_47.csv,100,0.789514414368561,0.792408665284561,-0.341128018367472,-0.337396104111024
schedule_0,schedule_0/1609192752_29.csv,100,0.71538673329029,0.7215948897076,-0.515075792305659,-0.502265835975646
schedule_0,schedule_0/1609192779_61.csv,100,0.855885940993224,0.861687072758695,-0.212497421801502,-0.205061002190269
schedule_0,schedule_0/1609192794_68.csv,100,0.814674074220053,0.817570458162598,-0.296355058056873,-0.292630672921039
schedule_0,schedule_0/1609192803_11.csv,100,0.362609526013723,0.362609526013723,-1.2788275792393,-1.2788275792393
schedule_0,schedule_0/1609192822_86.csv,100,0.389181697663078,0.389193454650634,-1.22562791712951,-1.22628025007304
schedule_0,schedule_0/1609192855_87.csv,100,0.659605108774955,0.659605108774955,-0.593790700993016,-0.593790700993016
schedule_0,schedule_0/1609192879_9.csv,100,0.741259887368337,0.741259887368337,-0.404276339011878,-0.404276339011878
schedule_0,schedule_0/1609192910_86.csv,100,0.521149813368485,0.521149813368485,-0.870670277378881,-0.870670277378881
schedule_0,schedule_0/1609192931_9.csv,100,0.803663338391811,0.809466534877851,-0.329043793329603,-0.321654872437985
schedule_0,schedule_0/1609192966_84.csv,100,0.717868214596332,0.723667099050009,-0.524945346355424,-0.517587487805441
schedule_0,schedule_0/1609193006_92.csv,100,0.646894381568936,0.64404075082526,-0.601207470067635,-0.605689820606657
schedule_0,schedule_0/1609193047_24.csv,100,0.789216077495041,0.792115876465213,-0.334153119450857,-0.330431124608318
schedule_0,schedule_0/1609193054_41.csv,100,0.637700547527269,0.637700547527269,-0.620274721153187,-0.620274721153187
schedule_0,schedule_0/1609431230_38.csv,100,0.559052802666905,0.561997928094844,-0.783756141354146,-0.774263821394003
schedule_0,schedule_0/1609431733_21.csv,100,0.608856781902692,0.611754906623689,-0.750147057036637,-0.746310058715223
schedule_0,schedule_0/1609432065_28.csv,100,0.612261563954022,0.612261563954022,-0.691158007620901,-0.691158007620901
schedule_0,schedule_0/1609434693_74.csv,100,0.698764249748104,0.698764249748104,-0.479244550225964,-0.479244550225964
schedule_0,schedule_0/1609435018_72.csv,100,0.655231402214412,0.655231402214412,-0.596452398666812,-0.596452398666812
schedule_0,schedule_0/1609444022_28.csv,100,0.737550796493297,0.73756250122427,-0.489840627050643,-0.503296188034902
schedule_0,schedule_0/1609444091_82.csv,100,0.63605766788872,0.63605766788872,-0.616998108193823,-0.616998108193823
schedule_0,schedule_0/1609444114_15.csv,100,0.865611388815554,0.871410583731327,-0.202261935532428,-0.194782273009251
schedule_0,schedule_0/1609444122_75.csv,100,0.690360916900677,0.693178778080889,-0.571287880526743,-0.567515610009788
schedule_0,schedule_0/1609444280_4.csv,100,0.691025025757566,0.688155190209803,-0.478129387144057,-0.482632522464414
schedule_0,schedule_0/1609444406_73.csv,100,0.657792402835811,0.657792402835811,-0.591567803848815,-0.591567803848815
schedule_0,schedule_0/1609444409_45.csv,100,0.78799812000066,0.790894689509438,-0.381431728515033,-0.37775143486515
schedule_0,schedule_0/1609444974_1.csv,100,0.286328506582285,0.286328506582285,-1.50848347210663,-1.50848347210663
schedule_0,schedule_0/1609446378_18.csv,100,0.499350438795601,0.502124373132767,-0.933911935125373,-0.925643372613869
schedule_0,schedule_0/1609447948_47.csv,100,0.62617702373413,0.635091781647749,-0.733870416583108,-0.717176145875756
schedule_0,schedule_0/1609523529_47.csv,100,0.773709693415184,0.776608146734072,-0.367672668044463,-0.363947509659354
schedule_0,schedule_0/1609523585_50.csv,100,0.461742654987779,0.467494032434995,-1.09423164415654,-1.08220261200371
schedule_0,schedule_0/1609523639_62.csv,100,0.49328415028342,0.49328415028342,-1.00250632510986,-1.00250632510986
schedule_0,schedule_0/1609523919_16.csv,100,0.559856231374464,0.559856231374464,-0.827639460263587,-0.827639460263587
schedule_0,schedule_0/1609524343_3.csv,100,0.614233936757711,0.611333493443338,-0.654188479002895,-0.658914716164766
schedule_0,schedule_0/1609526146_31.csv,100,0.496926901136918,0.496926901136918,-0.962890562185061,-0.962890562185061
schedule_0,schedule_0/1609527284_77.csv,100,0.708209451419279,0.711113882191207,-0.538429849659519,-0.534743298612211
schedule_0,schedule_0/1609527461_74.csv,100,0.698203505908716,0.698203505908716,-0.491672330421086,-0.491672330421086
schedule_0,schedule_0/1609529149_17.csv,100,0.660816406782818,0.66664390561722,-0.647946623973768,-0.640522064348008
schedule_0,schedule_0/1609702141_32.csv,100,0.709272850455787,0.709272850455787,-0.471203970757608,-0.471203970757608
schedule_0,schedule_0/1609702179_21.csv,100,0.502580584965934,0.502580584965934,-0.947277485151977,-0.947277485151977
schedule_0,schedule_0/1609702224_79.csv,100,0.753955945409804,0.759735144729315,-0.402181997907754,-0.394607135097561
schedule_0,schedule_0/1609702226_62.csv,100,0.541131565502702,0.546933328383449,-0.947127393616499,-0.939789816276271
schedule_0,schedule_0/1609702253_27.csv,100,0.706247323369463,0.709141362186748,-0.562951793408954,-0.559247830133745
schedule_0,schedule_0/1609702293_62.csv,100,0.752609793444647,0.758454008457643,-0.43607785917477,-0.428644044453386
schedule_0,schedule_0/1609702295_17.csv,100,0.740062238083991,0.742958660408464,-0.454255131234677,-0.450526131485647
schedule_0,schedule_0/1609702314_83.csv,100,0.584213216829557,0.587339450182463,-0.718905376773228,-0.710361651814052
schedule_0,schedule_0/1609702356_86.csv,100,0.674717698623583,0.674717698623583,-0.551717898851548,-0.551717898851548
schedule_0,schedule_0/1609702372_48.csv,100,0.708718274489149,0.71161757260088,-0.544238515950967,-0.540518477895716
schedule_0,schedule_0/1609703130_14.csv,100,0.343379134488357,0.343379134488357,-1.33212439934154,-1.33212439934154
schedule_0,schedule_0/1609703826_32.csv,100,0.761940362291222,0.760940363114241,-0.430169243769183,-0.443554369793645
schedule_0,schedule_0/1609707895_45.csv,100,0.678792825703055,0.684595590062474,-0.640042892645931,-0.63262903382829
schedule_0,schedule_0/1609798880_76.csv,100,0.63296530913642,0.630107881956944,-0.639803223778085,-0.644398870192613
schedule_0,schedule_0/1609798892_21.csv,100,0.711143758631495,0.714040092500245,-0.563347413103774,-0.559628498160883
schedule_0,schedule_0/1609798893_41.csv,100,0.594937261286944,0.594937261286944,-0.716000207890923,-0.716000207890923
schedule_0,schedule_0/1609798905_62.csv,100,0.644520357556512,0.644520357556512,-0.608254445954901,-0.608254445954901
schedule_0,schedule_0/1609798917_81.csv,100,0.73347430013597,0.73347430013597,-0.400506531253641,-0.400506531253641
schedule_0,schedule_0/1609798940_31.csv,100,0.69394861291471,0.696845747310452,-0.552031902360256,-0.548287719516315
schedule_0,schedule_0/1609798958_26.csv,100,0.73415191023914,0.739957467175495,-0.480409876335657,-0.472973827226878
schedule_0,schedule_0/1609798992_89.csv,100,0.851434368552917,0.857206518996118,-0.222657545685727,-0.215203563142166
schedule_0,schedule_0/1609799028_18.csv,100,0.743076086773342,0.740270759010022,-0.380391611262227,-0.38483904695856
schedule_0,schedule_0/1609799192_5.csv,100,0.657258113669531,0.657258113669531,-0.585086690816558,-0.585086690816558
schedule_0,schedule_0/1609799353_95.csv,100,0.782920291591459,0.788722689267583,-0.375340757688941,-0.367847205804205
schedule_0,schedule_0/1609799539_89.csv,100,0.749083908443696,0.751977151541094,-0.417550196375825,-0.413794283934138
schedule_0,schedule_0/1609800227_2.csv,100,0.714483005006067,0.714483005006067,-0.458003066126805,-0.458003066126805
schedule_0,schedule_0/1609801786_77.csv,100,0.329370359052091,0.328805086226759,-1.4254325097514,-1.43230932510575
schedule_0,schedule_0/1609804910_70.csv,100,0.793371959613615,0.796273520723934,-0.365207010364654,-0.361523032369822
schedule_0,schedule_0/1609859372_91.csv,100,0.501491860783367,0.501491860783367,-0.907935279392453,-0.907935279392453
schedule_0,schedule_0/1609859377_3.csv,100,0.583718097339036,0.586614004425916,-0.825760624293911,-0.821910904747032
schedule_0,schedule_0/1609859463_81.csv,100,0.6616591126351,0.659388716803289,-0.624650453993849,-0.638606686554864
schedule_0,schedule_0/1609859537_75.csv,100,0.485022100608583,0.487918708034526,-1.02188801069891,-1.01802928757523
schedule_0,schedule_0/1609859542_43.csv,100,0.671211070623533,0.671211070623533,-0.550655232859543,-0.550655232859543
schedule_0,schedule_0/1609859687_91.csv,100,0.757091663736811,0.759982469844574,-0.425743787248589,-0.422015488980187
schedule_0,schedule_0/1609859753_29.csv,100,0.692665831304634,0.698387637245463,-0.567188430701758,-0.559644492897934
schedule_0,schedule_0/1609860100_63.csv,100,0.693878020457499,0.693878020457499,-0.508172053668418,-0.508172053668418
schedule_0,schedule_0/1609860268_68.csv,100,0.678544402015571,0.68144378818867,-0.598876762520811,-0.595155654512732
schedule_0,schedule_0/1609860339_69.csv,100,0.437758339677535,0.437685092259865,-1.11968263259767,-1.1118127124781
schedule_0,schedule_0/1609860630_43.csv,100,0.628406853262982,0.631304801492374,-0.731206365829541,-0.727477427750032
schedule_0,schedule_0/1609861369_7.csv,100,0.673976916220042,0.673976916220042,-0.526231392383539,-0.526231392383539
schedule_0,schedule_0/1609861921_95.csv,100,0.790831401939752,0.793724356333974,-0.340446833916852,-0.336675319814767
schedule_0,schedule_0/1609861922_6.csv,100,0.489033040429798,0.489033040429798,-0.974627748993381,-0.974627748993381
schedule_0,schedule_0/1609862729_75.csv,100,0.576240393356041,0.576240393356041,-0.827053402506306,-0.827053402506306
schedule_0,schedule_0/1609863032_28.csv,100,0.587852185583351,0.587852185583351,-0.733346418974197,-0.733346418974197
schedule_0,schedule_0/1609863175_76.csv,100,0.375083998700907,0.372183255502703,-1.25838557970906,-1.26311109442064
schedule_0,schedule_0/1609863278_62.csv,100,0.62154653255044,0.62154653255044,-0.65532680617617,-0.65532680617617
schedule_0,schedule_0/1609864245_38.csv,100,0.674783438203999,0.674783438203999,-0.543129229209655,-0.543129229209655
schedule_0,schedule_0/1609865283_87.csv,100,0.79813275619165,0.803926097906128,-0.357158109361261,-0.34976214510049
schedule_0,schedule_0/1609865337_58.csv,100,0.60690125713923,0.60690125713923,-0.70263390337069,-0.70263390337069
schedule_0,schedule_0/1609868483_36.csv,100,0.67638631136206,0.679281876316934,-0.587148403668979,-0.583346471806531
schedule_0,schedule_0/1609885155_89.csv,100,0.661488494416859,0.661488494416859,-0.584176626046937,-0.584176626046937
schedule_0,schedule_0/1609885180_73.csv,100,0.656449106221788,0.662258044060004,-0.676829389748325,-0.669454634491735
schedule_0,schedule_0/1609885197_23.csv,100,0.724735946577871,0.724735946577871,-0.436208903893029,-0.436208903893029
schedule_0,schedule_0/1609885202_52.csv,100,0.803219728881758,0.806117029342773,-0.322564369302442,-0.318843006697094
schedule_0,schedule_0/1609885225_9.csv,100,0.622587662982674,0.625551946319022,-0.650731411890159,-0.642273843316571
schedule_0,schedule_0/1609885236_91.csv,100,0.721273008861211,0.72416217009803,-0.531712015163143,-0.528046860716956
schedule_0,schedule_0/1609885237_37.csv,100,0.665521234567425,0.668271174889357,-0.611215598865365,-0.607283775941294
schedule_0,schedule_0/1609885255_72.csv,100,0.782508050797071,0.785400632231133,-0.359459968056365,-0.355736942415618
schedule_0,schedule_0/1609885267_45.csv,100,0.66929872251201,0.672182675088431,-0.582309400428163,-0.578473776445062
schedule_0,schedule_0/1609885271_33.csv,100,0.578400386766618,0.575058587796162,-0.858133926458726,-0.870783667791621
schedule_0,schedule_0/1609885381_10.csv,100,0.625113937240911,0.622211632723343,-0.635139622988252,-0.639821656357394
schedule_0,schedule_0/1609885406_80.csv,100,0.681783564708015,0.681783564708015,-0.533835164151564,-0.533835164151564
schedule_0,schedule_0/1609885407_56.csv,100,0.68808967774816,0.69099032929323,-0.612434681296546,-0.608747681279491
schedule_0,schedule_0/1609885436_52.csv,100,0.688951231549957,0.691840361257315,-0.559075978683476,-0.555339998568735
schedule_0,schedule_0/1609885504_71.csv,100,0.734850874072418,0.740640240560822,-0.506516605496303,-0.499123775493632
schedule_0,schedule_0/1609885507_73.csv,100,0.775001848848599,0.780781978029216,-0.401288491532048,-0.393859374995781
schedule_0,schedule_0/1609885588_14.csv,100,0.77132163127216,0.777141148320109,-0.396075475541268,-0.388612967762519
schedule_0,schedule_0/1609885626_44.csv,100,0.614970922714953,0.614970922714953,-0.673419229271396,-0.673419229271396
schedule_0,schedule_0/1609885680_91.csv,100,0.702114217146401,0.707917886195429,-0.577071942284329,-0.569645326267036
schedule_0,schedule_0/1609885816_24.csv,100,0.582187949864517,0.582187949864517,-0.764779012247733,-0.764779012247733
schedule_0,schedule_0/1609886203_25.csv,100,0.68698245973089,0.68988098916235,-0.574308147397226,-0.570586090753976
schedule_0,schedule_0/1609886260_53.csv,100,0.658952426263528,0.661845746740575,-0.601745092066583,-0.59799035677531
schedule_0,schedule_0/1609886752_76.csv,100,0.748075436310797,0.748075436310797,-0.398343438233689,-0.398343438233689
schedule_0,schedule_0/1609886962_77.csv,100,0.827278755319794,0.833061930309954,-0.275010582864718,-0.267564881886141
schedule_0,schedule_0/1609887135_44.csv,100,0.668112602465701,0.670998011894558,-0.596460606232517,-0.592667776657479
schedule_0,schedule_0/1609887246_85.csv,100,0.62895314462702,0.631839419671856,-0.687873633896253,-0.68408476266434
schedule_0,schedule_0/1609887499_63.csv,100,0.699550364888521,0.699550364888521,-0.490082055194209,-0.490082055194209
schedule_0,schedule_0/1609888873_9.csv,100,0.712416671323706,0.712416671323706,-0.469872827198995,-0.469872827198995
schedule_0,schedule_0/1609889428_1.csv,100,0.657843659957851,0.666701770847339,-0.637840450455604,-0.620883272610269
schedule_0,schedule_0/1609889440_91.csv,100,0.619076225492286,0.621961560571041,-0.749662384427306,-0.745957087340613
schedule_0,schedule_0/1609889828_61.csv,100,0.720787179065951,0.723599433605835,-0.492484798045158,-0.488547671879338
schedule_0,schedule_0/1609891045_9.csv,100,0.746301011546048,0.746412797562889,-0.401664671599533,-0.40202345656919
schedule_0,schedule_0/1609891497_1.csv,100,0.636186828417043,0.639085415529237,-0.731465970646092,-0.727765206741129
schedule_0,schedule_0/1609893951_27.csv,100,0.823038460022125,0.82876117466315,-0.277916230381091,-0.270402086642933
schedule_0,schedule_0/1610027901_79.csv,100,0.636665072242852,0.636665072242852,-0.634236452122699,-0.634236452122699
schedule_0,schedule_0/1610027906_60.csv,100,0.454089333965246,0.454089333965246,-1.06702843495474,-1.06702843495474
schedule_0,schedule_0/1610027908_38.csv,100,0.457573509726365,0.463272312744969,-1.1000691157344,-1.0872612663252
schedule_0,schedule_0/1610027914_16.csv,100,0.748650798685638,0.751548656663592,-0.442276643706454,-0.438555730415459
schedule_0,schedule_0/1610027915_83.csv,100,0.770262952038425,0.773161112446567,-0.381418409464078,-0.377701514696718
schedule_0,schedule_0/1610027919_3.csv,100,0.648627552184239,0.648627552184239,-0.598518460430149,-0.598518460430149
schedule_0,schedule_0/1610027926_49.csv,100,0.716629620503349,0.719638736615109,-0.478837949785725,-0.474722113799104
schedule_0,schedule_0/1610027936_32.csv,100,0.719273592638653,0.722173025739877,-0.51097606445886,-0.507255916930717
schedule_0,schedule_0/1610027937_11.csv,100,0.671918773765101,0.671935681129042,-0.604623465994264,-0.605591161727756
schedule_0,schedule_0/1610027948_30.csv,100,0.724523161514031,0.727422907552187,-0.486876111120777,-0.483153083281067
schedule_0,schedule_0/1610027951_94.csv,100,0.541948885692867,0.533158972394538,-0.880797859258462,-0.90552926499859
schedule_0,schedule_0/1610027957_47.csv,100,0.780618284487386,0.786407933889843,-0.379220099419516,-0.371782432769722
schedule_0,schedule_0/1610027958_43.csv,100,0.710177988176609,0.713060843697573,-0.530872449465178,-0.527123603878788
schedule_0,schedule_0/1610027961_26.csv,100,0.46606889351714,0.46304212610272,-1.06408496114714,-1.07772414240174
schedule_0,schedule_0/1610027961_76.csv,100,0.607911786999865,0.607911786999865,-0.657694666901694,-0.657694666901694
schedule_0,schedule_0/1610027980_43.csv,100,0.786486506212123,0.789384965003815,-0.348271831066918,-0.344550808406698
schedule_0,schedule_0/1610027983_36.csv,100,0.6866631585435,0.689541630472842,-0.542619356363765,-0.538828449005724
schedule_0,schedule_0/1610027996_66.csv,100,0.795971407183931,0.795971407183931,-0.298239350261531,-0.298239350261531
schedule_0,schedule_0/1610028005_18.csv,100,0.434990565471729,0.434990565471729,-1.10020662230288,-1.10020662230288
schedule_0,schedule_0/1610028006_86.csv,100,0.410482038383017,0.410482038383017,-1.17053393456633,-1.17053393456633
schedule_0,schedule_0/1610028013_96.csv,100,0.713540441538935,0.713541268347522,-0.544927984899272,-0.545652300255128
schedule_0,schedule_0/1610028016_33.csv,100,0.766043532294662,0.766043532294662,-0.365301252769325,-0.365301252769325
schedule_0,schedule_0/1610028017_31.csv,100,0.565850396304825,0.565850396304825,-0.784722917016037,-0.784722917016037
schedule_0,schedule_0/1610028032_41.csv,100,0.377373996795495,0.377373996795495,-1.31578741132396,-1.31578741132396
schedule_0,schedule_0/1610028033_52.csv,100,0.776004018749556,0.778902995746964,-0.378931643189413,-0.375188936588785
schedule_0,schedule_0/1610028039_42.csv,100,0.710971623898448,0.716778437489486,-0.557725088202258,-0.550335174382816
schedule_0,schedule_0/1610028039_56.csv,100,0.679769131630498,0.679857472323671,-0.599815217563397,-0.613292811576451
schedule_0,schedule_0/1610028048_89.csv,100,0.586524409969421,0.586524409969421,-0.741864280897368,-0.741864280897368
schedule_0,schedule_0/1610028049_99.csv,100,0.387822329736273,0.390700721898904,-1.30514756848761,-1.30147550726705
schedule_0,schedule_0/1610028052_8.csv,100,0.707022273363434,0.707022273363434,-0.482147563801885,-0.482147563801885
schedule_0,schedule_0/1610028055_19.csv,100,0.779792631943929,0.782701277529405,-0.403582637408795,-0.399884112085681
schedule_0,schedule_0/1610028059_48.csv,100,0.536320015797269,0.536320015797269,-0.836094002893628,-0.836094002893628
schedule_0,schedule_0/1610028061_31.csv,100,0.698574174752327,0.698574174752327,-0.489332738274318,-0.489332738274318
schedule_0,schedule_0/1610028074_44.csv,100,0.698457035074605,0.701356629276523,-0.562370363814838,-0.558650621383663
schedule_0,schedule_0/1610028078_39.csv,100,0.692678187299371,0.698468797234269,-0.601113788155107,-0.593670541157708
schedule_0,schedule_0/1610028081_5.csv,100,0.692276176632982,0.692276176632982,-0.470890562987324,-0.470890562987324
schedule_0,schedule_0/1610028092_96.csv,100,0.668727688030478,0.668727688030478,-0.545269380642345,-0.545269380642345
schedule_0,schedule_0/1610028113_29.csv,100,0.666405127236105,0.666405127236105,-0.562348465429272,-0.562348465429272
schedule_0,schedule_0/1610028134_43.csv,100,0.71751290331467,0.720404656860163,-0.51573369648082,-0.511973649698797
schedule_0,schedule_0/1610028140_90.csv,100,0.696413358905225,0.696413358905225,-0.486491088525168,-0.486491088525168
schedule_0,schedule_0/1610028162_15.csv,100,0.724918118888873,0.730712674762071,-0.5151101039102,-0.507680112310628
schedule_0,schedule_0/1610028164_86.csv,100,0.636262709178426,0.639157178186443,-0.692864192634727,-0.689131706235661
schedule_0,schedule_0/1610028181_17.csv,100,0.613073638426436,0.615972411996135,-0.781472461020741,-0.777721536692395
schedule_0,schedule_0/1610028192_71.csv,100,0.635720500358652,0.638631492282422,-0.696155539897153,-0.69236018039663
schedule_0,schedule_0/1610028209_13.csv,100,0.786670446975148,0.792481724698291,-0.357586652553992,-0.350098282374582
schedule_0,schedule_0/1610028216_39.csv,100,0.693459239011927,0.696352311509125,-0.572649056633932,-0.568855523855743
schedule_0,schedule_0/1610028253_38.csv,100,0.585279037544627,0.588174849038608,-0.847340782572466,-0.843599966177405
schedule_0,schedule_0/1610028271_30.csv,100,0.63778672075929,0.63778672075929,-0.614098578616653,-0.614098578616653
schedule_0,schedule_0/1610028356_91.csv,100,0.625207507959519,0.628101490070272,-0.709919946280448,-0.706187665231547
schedule_0,schedule_0/1610028419_31.csv,100,0.706411127831549,0.712200824602922,-0.507187145088503,-0.499721857544823
schedule_0,schedule_0/1610028488_2.csv,100,0.771279145524711,0.777078193336377,-0.424414383825788,-0.416996673521129
schedule_0,schedule_0/1610028501_43.csv,100,0.777474583958074,0.783233859521663,-0.401284023187792,-0.39386254488631
schedule_0,schedule_0/1610028557_40.csv,100,0.480470826500033,0.480470826500033,-1.02805754757511,-1.02805754757511
schedule_0,schedule_0/1610028561_11.csv,100,0.738155090307252,0.741049168514243,-0.472832566835076,-0.469117335569339
schedule_0,schedule_0/1610028583_59.csv,100,0.436213301651903,0.439111159061033,-1.12068372559678,-1.11253454159193
schedule_0,schedule_0/1610028635_59.csv,100,0.530379931333983,0.530453976533345,-0.951652315849066,-0.959342805897771
schedule_0,schedule_0/1610028681_49.csv,100,0.692954645019671,0.695858573016702,-0.581989714942048,-0.578285089160118
schedule_0,schedule_0/1610028712_82.csv,100,0.669487770130153,0.669487770130153,-0.54906552070029,-0.54906552070029
schedule_0,schedule_0/1610028847_60.csv,100,0.778368900765136,0.781201946539733,-0.381330322738436,-0.377634773504861
schedule_0,schedule_0/1610028962_61.csv,100,0.627774118275103,0.630717440741042,-0.684756796985165,-0.680968875261329
schedule_0,schedule_0/1610029050_55.csv,100,0.580716946627032,0.580716946627032,-0.74623999372073,-0.74623999372073
schedule_0,schedule_0/1610029062_66.csv,100,0.355976435262111,0.349301872871739,-1.38076633569874,-1.41422130203339
schedule_0,schedule_0/1610029155_58.csv,100,0.521489331434972,0.521489331434972,-0.878853886165067,-0.878853886165067
schedule_0,schedule_0/1610029176_37.csv,100,0.633756787123114,0.636653195559324,-0.701275027633674,-0.69755409451928
schedule_0,schedule_0/1610029603_45.csv,100,0.620356742798991,0.626099632632379,-0.720069827803027,-0.707800137348421
schedule_0,schedule_0/1610029849_32.csv,100,0.526911248791196,0.526911248791196,-0.883374482566236,-0.883374482566236
schedule_0,schedule_0/1610029899_89.csv,100,0.652589444265069,0.652589444265069,-0.582966836095757,-0.582966836095757
schedule_0,schedule_0/1610030064_44.csv,100,0.807253919133465,0.810148404233568,-0.308068318451836,-0.304337887447143
schedule_0,schedule_0/1610030263_90.csv,100,0.507171944294797,0.507171944294797,-0.901392590773793,-0.901392590773793
schedule_0,schedule_0/1610032210_65.csv,100,0.735985410337971,0.738793798934328,-0.455035467828595,-0.451149714910841
schedule_0,schedule_0/1610551601_42.csv,100,0.742141376192514,0.747992333844044,-0.45739500096951,-0.449932932474882
schedule_0,schedule_0/1610551660_14.csv,100,0.582888270212722,0.585788111944331,-0.816741026514067,-0.813021978184979
schedule_0,schedule_0/1610551708_3.csv,100,0.840168147250049,0.843065975456541,-0.227148474727928,-0.22342024514867
schedule_0,schedule_0/1610551735_71.csv,100,0.740091201537259,0.742984355537699,-0.444511485883447,-0.440791339791167
schedule_0,schedule_0/1610551805_61.csv,100,0.648059784095015,0.648059784095015,-0.610205047886098,-0.610205047886098
schedule_0,schedule_0/1610551884_37.csv,100,0.660124999880088,0.660124999880088,-0.556440889458959,-0.556440889458959
schedule_0,schedule_0/1610551946_49.csv,100,0.727294066809692,0.730186270228366,-0.494273691340541,-0.490542922331374
schedule_0,schedule_0/1610551994_39.csv,100,0.815701714845828,0.821497207929193,-0.310661932543336,-0.303228810903145
schedule_0,schedule_0/1610552033_66.csv,100,0.628721403547054,0.631613689480847,-0.680167256826614,-0.67643202648377
schedule_0,schedule_0/1610552133_44.csv,100,0.746871942275274,0.749766335793931,-0.450452400134313,-0.44673261362205
schedule_0,schedule_0/1610552226_70.csv,100,0.714242699448286,0.714242699448286,-0.464841711174278,-0.464841711174278
schedule_0,schedule_0/1610552304_21.csv,100,0.643707574605394,0.643707574605394,-0.60041624037222,-0.60041624037222
schedule_0,schedule_0/1610552355_39.csv,100,0.72595943072596,0.731768207732542,-0.489778904224565,-0.48235606771134
schedule_0,schedule_0/1610552542_61.csv,100,0.71579595868874,0.718689473902694,-0.45927792086453,-0.455460334985901
schedule_0,schedule_0/1610552979_22.csv,100,0.607847529745356,0.608672938645459,-0.737945754164607,-0.74296931508889
schedule_0,schedule_0/1610553058_99.csv,100,0.590888761140074,0.593797776543066,-0.805241134578355,-0.801523834910466
schedule_0,schedule_0/1610553104_2.csv,100,0.68363775502776,0.68653591929183,-0.604569739612547,-0.60085166548517
schedule_0,schedule_0/1610553321_45.csv,100,0.787331709285043,0.79012106148312,-0.364235253364117,-0.360530146679125
schedule_0,schedule_0/1610553703_17.csv,100,0.602043227152431,0.608293841113425,-0.769590072991702,-0.756111394782512
schedule_0,schedule_0/1610553844_96.csv,100,0.70185022112259,0.70185022112259,-0.483671759655918,-0.483671759655918
schedule_0,schedule_0/1610553923_93.csv,100,0.731860930936596,0.734778955327563,-0.49595894225979,-0.49222551054439
schedule_0,schedule_0/1610554170_24.csv,100,0.684335799749525,0.681433206347995,-0.515535514308478,-0.520237186074065
schedule_0,schedule_0/1610554956_7.csv,100,0.743306026341995,0.743281344472542,-0.378319362946893,-0.378836678172058
schedule_0,schedule_0/1610555203_18.csv,100,0.762044776752945,0.761972325651568,-0.40607839498132,-0.406728600846976
schedule_0,schedule_0/1610555923_24.csv,100,0.757145967105388,0.762949335033466,-0.451912015302087,-0.444494789029571
schedule_0,schedule_0/1610556562_44.csv,100,0.607309612391226,0.604406643701228,-0.684225097831538,-0.688904181089397
schedule_0,schedule_0/1610557354_77.csv,100,0.417566791550821,0.420492785497344,-1.21905907899332,-1.21519632369377
schedule_0,schedule_0/1610557935_9.csv,100,0.776530963298433,0.779394662350317,-0.344333909602766,-0.340627787274763
schedule_0,schedule_0/1610558366_72.csv,100,0.693697731149894,0.696588479439389,-0.577889352386917,-0.574160981730478
schedule_0,schedule_0/1610559280_16.csv,100,0.671297686654072,0.674193147412257,-0.627821320313394,-0.624092030689104
schedule_0,schedule_0/1610560096_59.csv,100,0.670175618451728,0.673070801353449,-0.607281701667241,-0.603553465431098
schedule_0,schedule_0/1610560767_14.csv,100,0.594445771163543,0.594445771163543,-0.733129684338523,-0.733129684338523
schedule_0,schedule_0/1610560842_73.csv,100,0.79021042059629,0.796004892894787,-0.355607173746046,-0.348184821814499
schedule_0,schedule_0/1610563219_3.csv,100,0.783356025922267,0.789151464969206,-0.388119311719667,-0.380683526486151
schedule_0,schedule_0/1610563968_38.csv,100,0.670474733279629,0.670474733279629,-0.522934472536113,-0.522934472536113
schedule_0,schedule_0/1610564768_47.csv,100,0.688456649491417,0.691371006056799,-0.56946930779776,-0.565771042881449
schedule_0,schedule_0/1610565042_45.csv,100,0.775666398811945,0.778557119470858,-0.380054712817324,-0.376323655252647
schedule_0,schedule_0/1610565951_82.csv,100,0.624909174176252,0.624909174176252,-0.645450646656148,-0.645450646656148
schedule_0,schedule_0/1610568009_92.csv,100,0.791284451506011,0.794167315874792,-0.331366761958594,-0.327639901335707
schedule_0,schedule_0/1610569071_25.csv,100,0.694721338103369,0.697618773373542,-0.546579279881093,-0.5428587207212
schedule_0,schedule_0/1610570476_95.csv,100,0.684505119132972,0.687402343046454,-0.590651089938461,-0.586927064565069
schedule_0,schedule_0/1610572081_58.csv,100,0.769903236852054,0.772800755330904,-0.395378736175126,-0.391663130828188
schedule_0,schedule_0/1610572938_1.csv,100,0.814740052155676,0.820537246645848,-0.309442607214438,-0.302028206943255
schedule_0,schedule_0/1610574064_64.csv,100,0.607519835894974,0.607519835894974,-0.688134715797634,-0.688134715797634
schedule_0,schedule_0/1610574140_45.csv,100,0.753753284916071,0.756660099805859,-0.406550029640169,-0.402762123585722
schedule_0,schedule_0/1610575126_48.csv,100,0.675613842290257,0.672760652563242,-0.52392742565203,-0.528333935736548
schedule_0,schedule_0/1610577634_82.csv,100,0.702414099561997,0.705338867078317,-0.476445956533212,-0.467514514933732
schedule_0,schedule_0/1610579047_15.csv,100,0.695549259116102,0.698411900479,-0.50451368735998,-0.494860055169669
schedule_0,schedule_0/1610579648_37.csv,100,0.562063079035568,0.562063079035568,-0.777325381641708,-0.777325381641708
schedule_0,schedule_0/1610581171_85.csv,100,0.717169026309851,0.717123614479551,-0.526033772299085,-0.538762397396264
schedule_0,schedule_0/1610636005_94.csv,100,0.633119998221202,0.633119998221202,-0.641092215798778,-0.641092215798778
schedule_0,schedule_0/1610643520_23.csv,100,0.734078387907245,0.736964927717917,-0.473374503087278,-0.469636114047431
schedule_0,schedule_0/1610947563_45.csv,100,0.650634612919614,0.653504562642656,-0.671006051465994,-0.667237521453003
schedule_0,schedule_0/1610947933_1.csv,100,0.648387408656689,0.648387408656689,-0.602002939861461,-0.602002939861461
schedule_0,schedule_0/1610948679_92.csv,100,0.722504877458781,0.72540137130498,-0.486770395614613,-0.483048744151319
schedule_0,schedule_0/1610975351_56.csv,100,0.789985468022129,0.792876689020084,-0.334420359078404,-0.330675760455881
schedule_0,schedule_0/1610975436_18.csv,100,0.714454550297353,0.720197179200015,-0.522857171400516,-0.515379711774888
schedule_0,schedule_0/1611001322_33.csv,100,0.664360540349759,0.667243890057034,-0.611532592792372,-0.607729636398086
schedule_0,schedule_0/1611001764_18.csv,100,0.445329151080933,0.44820562375297,-1.14258566422332,-1.13877098402148
schedule_0,schedule_0/1611002433_98.csv,100,0.222542903630028,0.222542903630028,-1.69967148424096,-1.69967148424096
schedule_0,schedule_0/1611005074_7.csv,100,0.679587654933051,0.68839488857537,-0.504513725912346,-0.487568967831961
schedule_0,schedule_0/1611092868_29.csv,100,0.756406822765941,0.759305010754751,-0.460163131616117,-0.456466190292141
schedule_0,schedule_0/1611093017_62.csv,100,0.621078135966475,0.621078135966475,-0.657518123921811,-0.657518123921811
schedule_0,schedule_0/1611095150_70.csv,100,0.697907925070448,0.703721886890557,-0.583178468735742,-0.57576041827834
schedule_0,schedule_0/1611257948_86.csv,100,0.716789229792093,0.719644299418304,-0.487396183250428,-0.483641941197089
schedule_0,schedule_0/1611258370_21.csv,100,0.726859347319697,0.732665953190439,-0.520223197965352,-0.512788301351991
schedule_0,schedule_0/1611475518_30.csv,100,0.611798971736925,0.614698207910434,-0.735722952894408,-0.731921001853798
schedule_0,schedule_0/1611476111_71.csv,100,0.376503554912128,0.376503554912128,-1.2569465167444,-1.2569465167444
schedule_0,schedule_0/1611476501_55.csv,100,0.885348586580833,0.891149074040686,-0.134917067667792,-0.127513837917228
schedule_0,schedule_0/1611476941_22.csv,100,0.789003862323569,0.794809502326806,-0.355857924981729,-0.348388531907828
schedule_0,schedule_0/1611477610_73.csv,100,0.720648214106678,0.720648214106678,-0.444839221329919,-0.444839221329919
schedule_0,schedule_0/1611478352_1.csv,100,0.60296372727273,0.60296372727273,-0.692325561586941,-0.692325561586941
schedule_0,schedule_0/1611478572_30.csv,100,0.716570275775731,0.719477417187004,-0.46414839826274,-0.460366055210583
schedule_0,schedule_0/1611479601_71.csv,100,0.599583943954097,0.599583943954097,-0.703940651136775,-0.703940651136775
schedule_0,schedule_0/1611481709_86.csv,100,0.832401576681533,0.838189638568744,-0.274408791701197,-0.266979889707257
schedule_0,schedule_0/1611481771_89.csv,100,0.689226423090795,0.692122493614633,-0.553920363321488,-0.550198611460509
schedule_0,schedule_0/1611482912_52.csv,100,0.686755252049285,0.689665675068142,-0.537618332176884,-0.53441388889889
schedule_0,schedule_0/1611483228_53.csv,100,0.705952682503413,0.708845915465993,-0.542506908257885,-0.538786628207394
schedule_0,schedule_0/1611483851_34.csv,100,0.622048547847434,0.622048547847434,-0.657657575030292,-0.657657575030292
schedule_0,schedule_0/1611485395_4.csv,100,0.614208210362451,0.614208210362451,-0.663686954472287,-0.663686954472287
schedule_0,schedule_0/1611486019_94.csv,100,0.729305729154157,0.732206281753784,-0.469361612732645,-0.465640930251604
schedule_0,schedule_0/1611487565_16.csv,100,0.568107746652236,0.571006634112182,-0.844676870465905,-0.840856066083647
schedule_0,schedule_0/1611487962_39.csv,100,0.830278240205944,0.836069830559383,-0.279764278467638,-0.27234331613575
schedule_0,schedule_0/1611488153_84.csv,100,0.845031453201483,0.850828702899057,-0.250625799088286,-0.243206935606009
schedule_0,schedule_0/1611489557_51.csv,100,0.693323966805154,0.693323966805154,-0.512545472380224,-0.512545472380224
schedule_0,schedule_0/1611489947_96.csv,100,0.708908011485104,0.711790492363661,-0.545119398594424,-0.541396412746833
schedule_0,schedule_0/1611491085_95.csv,100,0.682416202212796,0.685287865858155,-0.535891237516546,-0.532092265189274
schedule_0,schedule_0/1611491423_29.csv,100,0.627060856131216,0.627018780633502,-0.70523193760519,-0.706059184173922
schedule_0,schedule_0/1611492687_2.csv,100,0.53723921048317,0.53723921048317,-0.867645346618167,-0.867645346618167
schedule_0,schedule_0/1611492848_98.csv,100,0.694601369715911,0.697491872837596,-0.545965010423449,-0.542239038920358
schedule_0,schedule_0/1611493079_19.csv,100,0.66278292925375,0.66278292925375,-0.570909929201997,-0.570909929201997
schedule_0,schedule_0/1611493399_28.csv,100,0.658931129452216,0.66182026105161,-0.625408903155954,-0.621667199954131
schedule_0,schedule_0/1611493543_47.csv,100,0.785817839198084,0.788693334285207,-0.373700800508604,-0.369975127461031
schedule_0,schedule_0/1611493707_3.csv,100,0.754848885813128,0.757734806330914,-0.432484468695359,-0.428739724111981
schedule_0,schedule_0/1611494154_90.csv,100,0.585664258805177,0.585664258805177,-0.718777091506298,-0.718777091506298
schedule_0,schedule_0/1611494219_54.csv,100,0.622220976643401,0.622220976643401,-0.659431892220715,-0.659431892220715
schedule_0,schedule_0/1611494513_56.csv,100,0.622221387014138,0.622221387014138,-0.648045237910918,-0.648045237910918
schedule_0,schedule_0/1611495289_55.csv,100,0.705865718796429,0.711630018986119,-0.537994310237916,-0.530568995021107
schedule_0,schedule_0/1611495827_2.csv,100,0.877648212486877,0.883422845825031,-0.166467242372954,-0.159054205696931
schedule_0,schedule_0/1611495971_67.csv,100,0.685759098301138,0.685759098301138,-0.527912411315612,-0.527912411315612
schedule_0,schedule_0/1611496539_36.csv,100,0.704274143059449,0.704274143059449,-0.464442806544163,-0.464442806544163
schedule_0,schedule_0/1611496754_54.csv,100,0.643214054358317,0.646121274422567,-0.68283929676292,-0.679123363101945
schedule_0,schedule_0/1611496976_28.csv,100,0.8273211529969,0.833124235570241,-0.287561936368814,-0.280132544601973
schedule_0,schedule_0/1611497498_1.csv,100,0.73275012181168,0.735641679471323,-0.488807731285977,-0.485091277708123
schedule_0,schedule_0/1611497771_59.csv,100,0.652639339781788,0.652639339781788,-0.591407237947223,-0.591407237947223
schedule_0,schedule_0/1611497942_45.csv,100,0.722543179207936,0.725442887972842,-0.508752731351793,-0.505030047998907
schedule_0,schedule_0/1611498462_6.csv,100,0.77788283923768,0.78368503119377,-0.385147014589716,-0.377700267703689
schedule_0,schedule_0/1611498545_28.csv,100,0.650420485410421,0.650420485410421,-0.590316169519189,-0.590316169519189
schedule_0,schedule_0/1611498956_2.csv,100,0.687642682991279,0.690538401393964,-0.548695123257091,-0.544970249214976
schedule_0,schedule_0/1611499155_27.csv,100,0.623656811268981,0.623750764596113,-0.676282864542751,-0.683181724655887
schedule_0,schedule_0/1611499311_20.csv,100,0.813557708011456,0.819342022441253,-0.297567600028842,-0.290119682173319
schedule_0,schedule_0/1611499563_42.csv,100,0.578324008490176,0.578324008490176,-0.734913001333777,-0.734913001333777
schedule_0,schedule_0/1611499610_3.csv,100,0.713376922261871,0.710667235116787,-0.498375277475929,-0.513735171572033
schedule_0,schedule_0/1611499612_71.csv,100,0.713432737665242,0.713432737665242,-0.44572371486124,-0.44572371486124
schedule_0,schedule_0/1611500200_37.csv,100,0.667435159775857,0.670338667320358,-0.616964748508428,-0.613176301745959
schedule_0,schedule_0/1611500240_14.csv,100,0.787246060607002,0.790137416464062,-0.354499574376528,-0.350755055724157
schedule_0,schedule_0/1611500327_86.csv,100,0.625077599666478,0.625077599666478,-0.624518396734959,-0.624518396734959
schedule_0,schedule_0/1611500934_11.csv,100,0.799178206466376,0.804982563437604,-0.349298499805164,-0.341880918218426
schedule_0,schedule_0/1611500977_74.csv,100,0.831783331323696,0.834677208493059,-0.261789976612511,-0.258055915746399
schedule_0,schedule_0/1611501173_85.csv,100,0.662158607906827,0.665052791859587,-0.574399224485762,-0.565892489611041
schedule_0,schedule_0/1611501850_16.csv,100,0.611394540234691,0.611394540234691,-0.679637442967315,-0.679637442967315
schedule_0,schedule_0/1611502229_72.csv,100,0.779809306098964,0.782702585176315,-0.379327361345733,-0.37560894043639
schedule_0,schedule_0/1611502469_78.csv,100,0.809911406450711,0.81570800024765,-0.326400200871692,-0.318999118449244
schedule_0,schedule_0/1611502813_40.csv,100,0.595413597436466,0.595413597436466,-0.699063453610203,-0.699063453610203
schedule_0,schedule_0/1611503106_58.csv,100,0.642552860987344,0.64833173466571,-0.647052240353956,-0.63495143932967
schedule_0,schedule_0/1611503367_57.csv,100,0.541511984742129,0.541511984742129,-0.82307595735308,-0.82307595735308
schedule_0,schedule_0/1611503534_23.csv,100,0.706450453869805,0.70936561242893,-0.54620301125224,-0.542495996132455
schedule_0,schedule_0/1611503713_26.csv,100,0.713201869668972,0.716111945670232,-0.558273113345278,-0.554567199541443
schedule_0,schedule_0/1611503863_80.csv,100,0.813743820494287,0.819548391140644,-0.322854839705498,-0.315431870613086
schedule_0,schedule_0/1611504267_65.csv,100,0.716454240612147,0.719353193179649,-0.51986384090035,-0.516144044745445
schedule_0,schedule_0/1611504303_70.csv,100,0.548393281932825,0.55125591999969,-0.815891913808942,-0.807659201764504
schedule_0,schedule_0/1611504891_23.csv,100,0.716132934031821,0.719029561099635,-0.485332492908003,-0.481612289833054
schedule_0,schedule_0/1611504968_16.csv,100,0.755491935976498,0.758388414052695,-0.420191502710773,-0.416467017027906
schedule_0,schedule_0/1611505145_20.csv,100,0.750234169703614,0.75313052590355,-0.435612733092598,-0.431887929814934
schedule_0,schedule_0/1611505600_87.csv,100,0.708048719596428,0.71094731241837,-0.517131898403241,-0.513413115616261
schedule_0,schedule_0/1611505638_14.csv,100,0.708828290313011,0.711722797955329,-0.516711759828611,-0.512985132680208
schedule_0,schedule_0/1611505899_75.csv,100,0.788436526000189,0.791328636225493,-0.351401624892772,-0.347675974584187
schedule_0,schedule_0/1611505968_32.csv,100,0.798877507012701,0.801772380261856,-0.331154736665721,-0.327430686178485
schedule_0,schedule_0/1611506021_21.csv,100,0.648835034263528,0.645942907828317,-0.576713745794666,-0.581408517243456
schedule_0,schedule_0/1611506369_17.csv,100,0.685736260264594,0.685736260264594,-0.502185286270514,-0.502185286270514
schedule_0,schedule_0/1611506734_66.csv,100,0.703160127979689,0.703160127979689,-0.48051585053895,-0.48051585053895
schedule_0,schedule_0/1611506912_54.csv,100,0.738029293180996,0.740925632197005,-0.45092588645625,-0.447156854191847
schedule_0,schedule_0/1611507114_7.csv,100,0.741617915637945,0.74453668821089,-0.467729043755542,-0.464011500519266
schedule_0,schedule_0/1611507185_52.csv,100,0.746544424107954,0.749440139117949,-0.442560450628741,-0.438841811721489
schedule_0,schedule_0/1611507874_93.csv,100,0.637715487600937,0.637715487600937,-0.61980614724626,-0.61980614724626
schedule_0,schedule_0/1611508009_59.csv,100,0.759884866369425,0.765702078261056,-0.434205216171191,-0.426779487129768
schedule_0,schedule_0/1611508111_83.csv,100,0.708697558871174,0.711578616095763,-0.527449533705383,-0.523692930827505
schedule_0,schedule_0/1611508609_84.csv,100,0.785008289839593,0.790810580424526,-0.37569624263176,-0.368284705424602
schedule_0,schedule_0/1611563202_62.csv,100,0.612184344249103,0.612184344249103,-0.675797735918119,-0.675797735918119
schedule_0,schedule_0/1611563232_75.csv,100,0.738832864632452,0.744664487865747,-0.473795145525065,-0.466302204839217
schedule_0,schedule_0/1611563306_13.csv,100,0.825224016138491,0.831018785242156,-0.30043929248134,-0.293019222942618
schedule_0,schedule_0/1611563469_17.csv,100,0.827549541113231,0.830447669074519,-0.28952761970089,-0.285822442567872
schedule_0,schedule_0/1611564172_51.csv,100,0.629465172935945,0.632376804613159,-0.712253438812275,-0.708361467848797
schedule_0,schedule_0/1611565009_43.csv,100,0.574453397565544,0.577355203991623,-0.842723461781124,-0.838918409292098
schedule_0,schedule_0/1611565510_81.csv,100,0.507721081866043,0.510581622833117,-0.921474659099748,-0.913032997281357
schedule_0,schedule_0/1611565993_100.csv,100,0.743460016331936,0.749336966567957,-0.459692120007044,-0.452202632314998
schedule_0,schedule_0/1611567243_49.csv,100,0.681917087912231,0.684813033557629,-0.59316021648827,-0.589423562472852
schedule_0,schedule_0/1611567609_77.csv,100,0.667877022259171,0.670769618467393,-0.630839752065342,-0.627123872940581
schedule_0,schedule_0/1611567759_22.csv,100,0.770544528098507,0.767421012010907,-0.361130362426088,-0.365487214201253
schedule_0,schedule_0/1611568013_17.csv,100,0.761861254123132,0.768091346125641,-0.389772365182953,-0.376692977838935
schedule_0,schedule_0/1611569346_69.csv,100,0.494940753252107,0.497832932467816,-0.976417221140531,-0.972407591099758
schedule_0,schedule_0/1611570666_48.csv,100,0.781193027610161,0.784078946133318,-0.34972308342918,-0.34600745191755
schedule_0,schedule_0/1611571095_26.csv,100,0.779733108294918,0.782628532970514,-0.394396330833948,-0.390715807091802
schedule_0,schedule_0/1611571938_37.csv,100,0.519414094779436,0.522314116019774,-1.0038803943865,-1.00020701049836
schedule_0,schedule_0/1611572685_94.csv,100,0.619315672975411,0.619315672975411,-0.661579884978541,-0.661579884978541
schedule_0,schedule_0/1611573006_93.csv,100,0.54066599965845,0.54066599965845,-0.835374547189622,-0.835374547189622
schedule_0,schedule_0/1611573328_64.csv,100,0.855466037388112,0.86127230065602,-0.21690753485381,-0.209456737136159
schedule_0,schedule_0/1611574662_98.csv,100,0.666145385994545,0.665955002494892,-0.651837444330823,-0.664699713729778
schedule_0,schedule_0/1611574778_86.csv,100,0.763926667100977,0.766822689754188,-0.411856143603125,-0.40813854700316
schedule_0,schedule_0/1611575254_42.csv,100,0.783973197323712,0.786873100358396,-0.356457290602671,-0.352738000417063
schedule_0,schedule_0/1611575882_83.csv,100,0.66037359845307,0.663267162711687,-0.559624489320425,-0.551403308828611
schedule_0,schedule_0/1611576289_28.csv,100,0.729138285727696,0.732037738274786,-0.476039036364176,-0.472312825167922
schedule_0,schedule_0/1611576581_100.csv,100,0.618285210251462,0.621181544662921,-0.70173016740319,-0.6978983393602
schedule_0,schedule_0/1611576997_94.csv,100,0.720654445285282,0.720654445285282,-0.444162248122195,-0.444162248122195
schedule_0,schedule_0/1611577741_92.csv,100,0.663378400654011,0.663378400654011,-0.576075808272048,-0.576075808272048
schedule_0,schedule_0/1611577830_88.csv,100,0.608407502670535,0.611330749778251,-0.734591426011339,-0.730769424408468
schedule_0,schedule_0/1611578286_61.csv,100,0.710993599157052,0.710993599157052,-0.475359129653258,-0.475359129653258
schedule_0,schedule_0/1611578811_68.csv,100,0.7526667332934,0.755558613051428,-0.437174531851083,-0.433446419114552
schedule_0,schedule_0/1611579021_60.csv,100,0.638321095236543,0.636343816207014,-0.676752621886585,-0.690983759824074
schedule_0,schedule_0/1611579288_89.csv,100,0.679198743572049,0.682083056163897,-0.569235549323949,-0.565429255138568
schedule_0,schedule_0/1611579551_83.csv,100,0.63353372545293,0.63353372545293,-0.628506979133568,-0.628506979133568
schedule_0,schedule_0/1611579653_81.csv,100,0.617425000993172,0.617425000993172,-0.652002680331345,-0.652002680331345
schedule_0,schedule_0/1611580024_100.csv,100,0.735623481997181,0.738517404427685,-0.459325931944317,-0.455602266248847
schedule_0,schedule_0/1611580230_74.csv,100,0.736964395484253,0.739871362046395,-0.491614295962626,-0.487918614229656
schedule_0,schedule_0/1611580365_41.csv,100,0.546472460503724,0.543579282436556,-0.833129180991993,-0.837819543349921
schedule_0,schedule_0/1611580522_52.csv,100,0.672606240309414,0.672606240309414,-0.549676925332303,-0.549676925332303
schedule_0,schedule_0/1611580772_78.csv,100,0.876967647870999,0.882761540982467,-0.173909034893734,-0.1664651590238
schedule_0,schedule_0/1611581061_24.csv,100,0.601712706965775,0.604552586753877,-0.761353418170286,-0.757576279114252
schedule_0,schedule_0/1611581362_18.csv,100,0.733686299791245,0.739122711839645,-0.452212142040493,-0.439920907071925
schedule_0,schedule_0/1611581420_21.csv,100,0.622293350578759,0.62812287085978,-0.731505383720463,-0.724145617151704
schedule_0,schedule_0/1611581539_92.csv,100,0.782059550945442,0.784957864119063,-0.358735121041616,-0.354985909338397
schedule_0,schedule_0/1611581797_3.csv,100,0.696597893259577,0.699510398821781,-0.567105308889844,-0.563411224715705
schedule_0,schedule_0/1611581889_85.csv,100,0.699779058232264,0.702682938083332,-0.571784641646337,-0.568083065752406
schedule_0,schedule_0/1611582315_84.csv,100,0.769962051192529,0.772859631450823,-0.384470650385654,-0.380730952564009
schedule_0,schedule_0/1611582667_40.csv,100,0.769331800237158,0.775120659602437,-0.383367155575498,-0.375903934567656
schedule_0,schedule_0/1611583094_17.csv,100,0.390003426532848,0.390003426532848,-1.19055967852417,-1.19055967852417
schedule_0,schedule_0/1611583252_63.csv,100,0.525133341332305,0.52803748747125,-0.8987221876851,-0.894898974347832
schedule_0,schedule_0/1611583385_27.csv,100,0.710595955357226,0.713486261901029,-0.517887888830361,-0.514165114809504
schedule_0,schedule_0/1611583727_78.csv,100,0.673352665016306,0.676253242025981,-0.530385835363235,-0.522180146890563
schedule_0,schedule_0/1611583934_44.csv,100,0.831056462161253,0.836866969965629,-0.286551126859494,-0.279057548678792
schedule_0,schedule_0/1611584589_25.csv,100,0.747934195936472,0.750829609934924,-0.436620702863778,-0.432908546401827
schedule_0,schedule_0/1611584819_87.csv,100,0.694895625848797,0.697792657667545,-0.533248697909688,-0.529531700618719
schedule_0,schedule_0/1611585040_95.csv,100,0.729749011505782,0.732631142559142,-0.443597014330493,-0.43984865104177
schedule_0,schedule_0/1611585164_60.csv,100,0.688042629141926,0.688042629141926,-0.509722779900969,-0.509722779900969
schedule_0,schedule_0/1611585329_26.csv,100,0.777598701736626,0.783382845780188,-0.37642647723131,-0.36897790863071
schedule_0,schedule_0/1611585608_23.csv,100,0.792614887745955,0.798423586738571,-0.355864889049196,-0.348442677985046
schedule_0,schedule_0/1611585719_64.csv,100,0.772846017361222,0.778661143428354,-0.395380449147836,-0.387963444466873
schedule_0,schedule_0/1611586214_13.csv,100,0.785879148073875,0.788768166037816,-0.366269001252683,-0.362531748843817
schedule_0,schedule_0/1611586291_26.csv,100,0.695395235570739,0.695395235570739,-0.492072646580941,-0.492072646580941
schedule_0,schedule_0/1611586490_64.csv,100,0.665364520111094,0.668288869859094,-0.618527736163372,-0.614648437105727
schedule_0,schedule_0/1611588030_94.csv,100,0.673257543360253,0.67341761821834,-0.599818004003997,-0.606437025680721
schedule_0,schedule_0/1611588388_84.csv,100,0.620334438813272,0.623239938394903,-0.702639925781698,-0.698828114538307
schedule_0,schedule_0/1611588459_95.csv,100,0.644008252652945,0.649876146387208,-0.660374401744062,-0.652796789219582
schedule_0,schedule_0/1611588692_81.csv,100,0.669530260861592,0.672494471442045,-0.536362135419174,-0.527960883010905
schedule_0,schedule_0/1611588951_87.csv,100,0.731268757227856,0.734155227854146,-0.466915769931,-0.46319433052554
schedule_0,schedule_0/1611588967_37.csv,100,0.806101893835481,0.808971938798745,-0.287990816634883,-0.284279920469991
schedule_0,schedule_0/1611589021_93.csv,100,0.891237807140167,0.897039701004145,-0.128171822519649,-0.120731392186577
schedule_0,schedule_0/1611589349_89.csv,100,0.654828453474326,0.654828453474326,-0.577144160182749,-0.577144160182749
schedule_0,schedule_0/1611589440_19.csv,100,0.722505630646914,0.722505630646914,-0.438665394164029,-0.438665394164029
schedule_0,schedule_0/1611589500_89.csv,100,0.645268280699037,0.648167928310917,-0.666905705035853,-0.663184568906108
schedule_0,schedule_0/1611589593_66.csv,100,0.639085709291413,0.641977840103337,-0.66795384168117,-0.664115988128726
schedule_0,schedule_0/1611589895_56.csv,100,0.622383074481308,0.622383074481308,-0.657918009351413,-0.657918009351413
schedule_0,schedule_0/1611590400_79.csv,100,0.837109764020525,0.842904335728552,-0.270351759991705,-0.262928823423951
schedule_0,schedule_0/1611590966_95.csv,100,0.544829922378568,0.544829922378568,-0.804555108853167,-0.804555108853167
schedule_0,schedule_0/1611591167_78.csv,100,0.741375000676836,0.74422631411826,-0.436748314970294,-0.432987281946533
schedule_0,schedule_0/1611591398_53.csv,100,0.549201033890943,0.552103588843214,-0.858023075606215,-0.85416495709489
schedule_0,schedule_0/1611591578_91.csv,100,0.66960567237075,0.666731737452158,-0.540453062877865,-0.545073746325353
schedule_0,schedule_0/1611591623_33.csv,100,0.570495635416972,0.573391392277576,-0.884873635458153,-0.881139766009607
schedule_0,schedule_0/1611592048_22.csv,100,0.68788409473334,0.690746249829804,-0.597700423744261,-0.593948507972131
schedule_0,schedule_0/1611592962_74.csv,100,0.693190383933915,0.693284769455393,-0.563355178792348,-0.564121311495546
schedule_0,schedule_0/1611593244_42.csv,100,0.709382387815295,0.715178113984155,-0.555418858698072,-0.547982622624149
schedule_0,schedule_0/1611593487_15.csv,100,0.770450258647715,0.773334189962188,-0.38725598126348,-0.383499785571077
schedule_0,schedule_0/1611593801_93.csv,100,0.623695243443697,0.624420453865583,-0.718273742103688,-0.73127920602385
schedule_0,schedule_0/1611594150_50.csv,100,0.534628019481165,0.531720037617179,-0.83220289087823,-0.836605661180959
schedule_0,schedule_0/1611594193_12.csv,100,0.659397509715733,0.665182108586894,-0.663873169586669,-0.65637002390619
schedule_0,schedule_0/1611594516_33.csv,100,0.664198488946737,0.66708915600151,-0.579646933682984,-0.575843861011701
schedule_0,schedule_0/1611594977_27.csv,100,0.670016086600709,0.670016086600709,-0.546098442248248,-0.546098442248248
schedule_0,schedule_0/1611595242_23.csv,100,0.740441050115943,0.743304968601656,-0.440171876628959,-0.436456130346114
schedule_0,schedule_0/1611596328_62.csv,100,0.626029881462185,0.628933881250153,-0.752203835476284,-0.748503133194251
schedule_0,schedule_0/1611596719_7.csv,100,0.756133064379062,0.759027559584309,-0.428576292559831,-0.42485656589126
schedule_0,schedule_0/1611596815_79.csv,100,0.552642034462286,0.552642034462286,-0.806415659977974,-0.806415659977974
schedule_0,schedule_0/1611596912_53.csv,100,0.446394061882219,0.446394061882219,-1.09065613748481,-1.09065613748481
schedule_0,schedule_0/1611597487_31.csv,100,0.709305474095464,0.712194961134629,-0.536976872946755,-0.533251852889164
schedule_0,schedule_0/1611597899_17.csv,100,0.778138535746812,0.783939721369655,-0.391147111393162,-0.38373163967383
schedule_0,schedule_0/1611598404_88.csv,100,0.784237776533544,0.787136863319277,-0.347500204789999,-0.343737504489356
schedule_0,schedule_0/1611598858_51.csv,100,0.573915377436753,0.573915377436753,-0.757294086173884,-0.757294086173884
schedule_0,schedule_0/1611599187_12.csv,100,0.703072997481205,0.705968506765084,-0.556146131176878,-0.552426253328064
schedule_0,schedule_0/1611599219_1.csv,100,0.731099888724884,0.733959303008275,-0.462579127462648,-0.458825246441849
schedule_0,schedule_0/1611599398_1.csv,100,0.374809148205284,0.371778411739199,-1.3498188576507,-1.36673135948392
schedule_0,schedule_0/1611599468_21.csv,100,0.714332811777597,0.717254632289293,-0.525526449310432,-0.52176377440869
schedule_0,schedule_0/1611599999_9.csv,100,0.790055544351084,0.792954358976244,-0.357957572964149,-0.354240678882089
schedule_0,schedule_0/1611600074_96.csv,100,0.695070584053746,0.695070584053746,-0.49175927947543,-0.49175927947543
schedule_0,schedule_0/1611600318_25.csv,100,0.773150820780931,0.779019064638678,-0.382976149524895,-0.375449275817544
schedule_0,schedule_0/1611600551_33.csv,100,0.612332160916849,0.61831150830921,-0.740106910658057,-0.726904803670188
schedule_0,schedule_0/1611600971_88.csv,100,0.697099239531384,0.697099239531384,-0.48653395726354,-0.48653395726354
schedule_0,schedule_0/1611601200_70.csv,100,0.678198692946111,0.681093078208139,-0.612479517458581,-0.608763201832227
schedule_0,schedule_0/1611601469_99.csv,100,0.602063506245998,0.602063506245998,-0.684945386467035,-0.684945386467035
schedule_0,schedule_0/1611602011_2.csv,100,0.838313239576958,0.844120496464661,-0.261851607476637,-0.254394914494245
schedule_0,schedule_0/1611602128_24.csv,100,0.631066210753557,0.633983440607756,-0.729719324405591,-0.726036634512715
schedule_0,schedule_0/1611602352_56.csv,100,0.620090917860888,0.620090917860888,-0.643940758256914,-0.643940758256914
schedule_0,schedule_0/1611602499_80.csv,100,0.581516027187737,0.584413425392225,-0.805783377901119,-0.802005926350809
schedule_0,schedule_0/1611602999_37.csv,100,0.625075586263215,0.625075586263215,-0.620011709903566,-0.620011709903566
schedule_0,schedule_0/1611603249_16.csv,100,0.753569830947331,0.756359734558679,-0.432214629729626,-0.428457699302999
schedule_0,schedule_0/1611603433_84.csv,100,0.687132305758615,0.68726342063949,-0.55846944368281,-0.558797506116372
schedule_0,schedule_0/1611603515_21.csv,100,0.634850843591467,0.637737366320211,-0.705450684113317,-0.701701931346386
schedule_0,schedule_0/1611603738_54.csv,100,0.585805506775731,0.591636753265808,-0.771891722564485,-0.759128091864849
schedule_0,schedule_0/1611604148_88.csv,100,0.731166328307458,0.734063227631258,-0.46932028284566,-0.465603326014471
schedule_0,schedule_0/1611604428_57.csv,100,0.740129929936341,0.740129929936341,-0.402323892257724,-0.402323892257724
schedule_0,schedule_0/1611604564_7.csv,100,0.622944746820174,0.622944746820174,-0.652954513390952,-0.652954513390952
schedule_0,schedule_0/1611604769_51.csv,100,0.843481500609337,0.849278479289181,-0.225714040405889,-0.21824857253975
schedule_0,schedule_0/1611605019_25.csv,100,0.782181555685559,0.787985650230994,-0.38732909493571,-0.379899909323796
schedule_0,schedule_0/1611605083_17.csv,100,0.776115805986241,0.779007190334678,-0.378940057805263,-0.375200017468504
schedule_0,schedule_0/1611605185_18.csv,100,0.700536745812612,0.703429483308219,-0.494769512102491,-0.490990355198633
schedule_0,schedule_0/1611605323_92.csv,100,0.757883926757615,0.760777610209025,-0.416887509501525,-0.413164178413562
schedule_0,schedule_0/1611605558_7.csv,100,0.796822147181083,0.799722981985387,-0.320512953070284,-0.316777833811658
schedule_0,schedule_0/1611605669_58.csv,100,0.798100567588987,0.800886283157918,-0.338335982677115,-0.33461785398475
schedule_0,schedule_0/1611606176_43.csv,100,0.799533307558138,0.805326506786931,-0.355244801715542,-0.347830665345276
schedule_0,schedule_0/1611606602_47.csv,100,0.688448136014242,0.691344254783018,-0.565731675618591,-0.562013928382996
schedule_0,schedule_0/1611607281_13.csv,100,0.393789752651885,0.393789752651885,-1.24520486968402,-1.24520486968402
schedule_0,schedule_0/1611608155_75.csv,100,0.506004723399661,0.506004723399661,-0.909354219170592,-0.909354219170592
schedule_0,schedule_0/1611608981_23.csv,100,0.682376110780318,0.682376110780318,-0.521317171332509,-0.521317171332509
schedule_0,schedule_0/1611609137_13.csv,100,0.765998971911653,0.771804053390421,-0.417914289554136,-0.410536940863107
schedule_0,schedule_0/1611609714_95.csv,100,0.652787603578398,0.65568185417179,-0.650845650118367,-0.647125095291698
schedule_0,schedule_0/1611610009_5.csv,100,0.694300735103057,0.700039981036677,-0.560815859641206,-0.553307625206508
schedule_0,schedule_0/1611610424_2.csv,100,0.736430310757304,0.739324023870443,-0.470912817729091,-0.467196540414899
schedule_0,schedule_0/1611610915_6.csv,100,0.700853855110452,0.700853855110452,-0.476599582422123,-0.476599582422123
schedule_0,schedule_0/1611610927_28.csv,100,0.823132423516055,0.826023888449741,-0.271779345550245,-0.2680385833771
schedule_0,schedule_0/1611611239_43.csv,100,0.77323764507196,0.776137869693864,-0.371220563725028,-0.36749909149563
schedule_0,schedule_0/1611611660_48.csv,100,0.738940520052146,0.744741036060301,-0.491173595630935,-0.483797032803444
schedule_0,schedule_0/1611612017_88.csv,100,0.754437965869001,0.760244221427535,-0.441987377587715,-0.434587220257714
schedule_0,schedule_0/1611612331_83.csv,100,0.62174005710435,0.624618180439999,-0.697993532360039,-0.694198601057841
schedule_0,schedule_0/1611612765_31.csv,100,0.728983465684041,0.73188734480888,-0.45956989809745,-0.455801964245789
schedule_0,schedule_0/1611613154_52.csv,100,0.71103809879828,0.713931894178836,-0.513312316092085,-0.509594691754646
schedule_0,schedule_0/1611614246_54.csv,100,0.684159572128702,0.684159572128702,-0.520673775839017,-0.520673775839017
schedule_0,schedule_0/1611615137_94.csv,100,0.668863887072696,0.668863887072696,-0.558597216637431,-0.558597216637431
schedule_0,schedule_0/1611616009_19.csv,100,0.763513428242222,0.76927428189093,-0.410286757043725,-0.40284455267687
schedule_0,schedule_0/1611616033_66.csv,100,0.716575678556112,0.719471035442777,-0.529940132434397,-0.526224496631277
schedule_0,schedule_0/1611617059_36.csv,100,0.644325490612674,0.647262335642875,-0.661531589489649,-0.657650836440075
schedule_0,schedule_0/1611617756_86.csv,100,0.7092478659921,0.7092478659921,-0.47223976824314,-0.47223976824314
schedule_0,schedule_0/1611618206_6.csv,100,0.598259168540897,0.601193548742206,-0.785091795631148,-0.781260360204346
schedule_0,schedule_0/1611618866_58.csv,100,0.757635855471058,0.763477129897762,-0.415489663351482,-0.407967392175212
schedule_0,schedule_0/1611619413_11.csv,100,0.65665751192996,0.65665751192996,-0.569369510033467,-0.569369510033467
schedule_0,schedule_0/1611620012_26.csv,100,0.791403898146632,0.794333074817616,-0.337720628317818,-0.333938650591594
schedule_0,schedule_0/1611620166_91.csv,100,0.647210281806777,0.647210281806777,-0.637894182095622,-0.637894182095622
schedule_0,schedule_0/1611621002_94.csv,100,0.739967695021466,0.742857008601533,-0.452411160315132,-0.448673032165246
schedule_0,schedule_0/1611622660_60.csv,100,0.586880076926481,0.586880076926481,-0.752392796878544,-0.752392796878544
schedule_0,schedule_0/1611622832_65.csv,100,0.648738400429117,0.65167389927781,-0.687093137881193,-0.68327339663783
schedule_0,schedule_0/1611623865_8.csv,100,0.84242490619474,0.8482089758103,-0.241450705367423,-0.234013281239387
schedule_0,schedule_0/1611624292_60.csv,100,0.643768563938184,0.643768563938184,-0.610105705937476,-0.610105705937476
schedule_0,schedule_0/1611624859_57.csv,100,0.752857741721301,0.7586472267377,-0.460882996308953,-0.453493812720865
schedule_0,schedule_0/1611625162_91.csv,100,0.734333376852293,0.740137610059579,-0.480346436841919,-0.472927736337959
schedule_0,schedule_0/1611625319_72.csv,100,0.640584648906826,0.640584648906826,-0.601860614990723,-0.601860614990723
schedule_0,schedule_0/1611625680_34.csv,100,0.681351475547238,0.681351475547238,-0.535970154006463,-0.535970154006463
schedule_0,schedule_0/1611626821_68.csv,100,0.620847499111211,0.623737192165884,-0.72417292109268,-0.720449746602063
schedule_0,schedule_0/1611633823_2.csv,100,0.478139186069854,0.478139186069854,-1.02182510962973,-1.02182510962973
schedule_0,schedule_0/1614020470_75.csv,100,0.610274215824148,0.613174885018398,-0.75128353301294,-0.747509349796404
schedule_0,schedule_0/1614021970_7.csv,100,0.66653148481077,0.66942959634299,-0.584957510721059,-0.58112309001183
schedule_0,schedule_0/1614022557_33.csv,100,0.653127089856801,0.653177661472415,-0.624116706903083,-0.623962522691506
schedule_0,schedule_0/1614024150_10.csv,100,0.687930513743238,0.687930513743238,-0.514083415457877,-0.514083415457877
schedule_0,schedule_0/1614025133_91.csv,100,0.677352617651742,0.677352617651742,-0.543584939363458,-0.543584939363458
schedule_0,schedule_0/1614026148_17.csv,100,0.683698189814221,0.689509193993409,-0.604303564165445,-0.59689018186092
schedule_0,schedule_0/1614028042_99.csv,100,0.659999232549557,0.657132014309898,-0.547620666105441,-0.552245552665831
schedule_0,schedule_0/1614031282_21.csv,100,0.757316789869301,0.763110093046598,-0.444592544479321,-0.43720106011977
schedule_0,schedule_0/1614032420_39.csv,100,0.768236366469313,0.774029536741934,-0.413157283180942,-0.405699078412344
schedule_0,schedule_0/1614033076_13.csv,100,0.469155115969971,0.469155115969971,-0.993679718397036,-0.993679718397036
schedule_0,schedule_0/1614035042_13.csv,100,0.79781804633911,0.800710456301541,-0.32350637901873,-0.319785128008609
schedule_0,schedule_0/1614039255_20.csv,100,0.681877300106812,0.681877300106812,-0.5264434550289,-0.5264434550289
schedule_0,schedule_0/1614044115_33.csv,100,0.700736795709032,0.703593949319678,-0.526141858888561,-0.522423567021611
schedule_0,schedule_0/1614045320_14.csv,100,0.579067724222597,0.579067724222597,-0.77482262262819,-0.77482262262819
schedule_0,schedule_0/1614045576_4.csv,100,0.640007715208191,0.642900671455154,-0.674570592577717,-0.670827484851051
schedule_0,schedule_0/1614047631_63.csv,100,0.70005896557172,0.705873111694149,-0.556042188808241,-0.548585231403737
schedule_0,schedule_0/1614049529_59.csv,100,0.829897188091488,0.835681060363388,-0.262844210740074,-0.255403022690592
schedule_0,schedule_0/1614051527_12.csv,100,0.619256534661613,0.620038969600968,-0.733372400532714,-0.744421499617777
schedule_0,schedule_0/1614052945_99.csv,100,0.664716184047911,0.661728035837999,-0.552104044487618,-0.556132126047966
schedule_0,schedule_0/1614053298_44.csv,100,0.694416694752342,0.700250153814021,-0.547383295962216,-0.539851978258028
schedule_0,schedule_0/1614060482_100.csv,100,0.765676144125242,0.771406806853151,-0.378144020812819,-0.370676819149198
schedule_0,schedule_0/1614061067_49.csv,100,0.794461630809816,0.800266296137156,-0.342836702541262,-0.335404674577049
schedule_0,schedule_0/1614072956_93.csv,100,0.592577542412625,0.595473238806618,-0.795436899352262,-0.791711037836378
schedule_1,schedule_1/1590419456_17.csv,100,0.749915454810432,0.761520937181579,-0.432502708938045,-0.41762535981224
schedule_1,schedule_1/1590419466_12.csv,100,0.643494898355959,0.637664516228749,-0.585278453013152,-0.588346095964165
schedule_1,schedule_1/1590419478_29.csv,100,0.587657332956562,0.602095471886192,-0.724622512767713,-0.665675575082887
schedule_1,schedule_1/1590419491_50.csv,100,0.635289896047694,0.618000195404815,-0.695165425234894,-0.719980451570703
schedule_1,schedule_1/1590419498_67.csv,100,0.678455029286212,0.675478390308662,-0.584734574537616,-0.570130034700581
schedule_1,schedule_1/1590419510_37.csv,100,0.649733000955407,0.664170165046214,-0.643216405860777,-0.614880864511978
schedule_1,schedule_1/1590419514_19.csv,100,0.783186828580328,0.791882294497001,-0.367955247392336,-0.356969557577967
schedule_1,schedule_1/1590419527_6.csv,100,0.578954051333239,0.584655266899224,-0.764597765469593,-0.745037083641279
schedule_1,schedule_1/1590419552_54.csv,100,0.752471155342452,0.761225356039373,-0.441847164955363,-0.443823997356735
schedule_1,schedule_1/1590419660_33.csv,100,0.60883523612741,0.625725457293852,-0.724258036264325,-0.691761296045844
schedule_1,schedule_1/1590419738_34.csv,100,0.792535135719475,0.798340634289308,-0.352239956227933,-0.344806071641193
schedule_1,schedule_1/1590419948_20.csv,100,0.526995783468055,0.543838090579554,-0.869810878933584,-0.817175751495953
schedule_1,schedule_1/1590420452_68.csv,100,0.823169040046696,0.837675553900395,-0.277549437157691,-0.259085438800978
schedule_1,schedule_1/1590420889_17.csv,100,0.564653812739134,0.576130856359946,-0.892424979997981,-0.86220387979613
schedule_1,schedule_1/1590422527_90.csv,100,0.541201513883463,0.544090046082071,-0.904181135689519,-0.90041864666034
schedule_1,schedule_1/1590423228_33.csv,100,0.530569499861517,0.544955540643112,-0.935321686948641,-0.905499891855036
schedule_1,schedule_1/1590428410_36.csv,100,0.46630271657353,0.460282519452622,-0.95036329543616,-0.945471978744755
schedule_1,schedule_1/1609192729_13.csv,100,0.564554269756234,0.581251329740063,-0.831293624501339,-0.774951085096687
schedule_1,schedule_1/1609192749_78.csv,100,0.643150365453101,0.651843603039814,-0.63085197125267,-0.612018938133554
schedule_1,schedule_1/1609192766_16.csv,100,0.672100925661827,0.652062914991802,-0.528438447094029,-0.551320835903758
schedule_1,schedule_1/1609192774_7.csv,100,0.662487707166371,0.653725375826813,-0.589190891603955,-0.601776209519408
schedule_1,schedule_1/1609192788_21.csv,100,0.708496858339967,0.699897037175317,-0.508387009535732,-0.516131924641416
schedule_1,schedule_1/1609192818_57.csv,100,0.476654986849505,0.476646599264599,-1.0285487555159,-1.01607865672426
schedule_1,schedule_1/1609192830_8.csv,100,0.598609934675988,0.607326887126583,-0.738268829965526,-0.718184883710395
schedule_1,schedule_1/1609192858_28.csv,100,0.62894447366014,0.646421890893858,-0.638246022164654,-0.600381878437375
schedule_1,schedule_1/1609192876_93.csv,100,0.59334319797413,0.60484237804124,-0.772847368517502,-0.750545411142491
schedule_1,schedule_1/1609192892_64.csv,100,0.621462986968887,0.63585313856881,-0.683999509916357,-0.655303183708483
schedule_1,schedule_1/1609192984_99.csv,100,0.618978224958558,0.619022719390769,-0.730685407735467,-0.733802163270931
schedule_1,schedule_1/1609193000_41.csv,100,0.460773388531696,0.46378040944784,-1.00503821322525,-0.996265582827024
schedule_1,schedule_1/1609193024_82.csv,100,0.681026287664906,0.675038654904439,-0.557706449819386,-0.585501829204819
schedule_1,schedule_1/1609431313_38.csv,100,0.589096438372846,0.594897005725518,-0.772692597088955,-0.765353438761803
schedule_1,schedule_1/1609431423_32.csv,100,0.620758988133145,0.626550861739176,-0.655854063854507,-0.636220933644102
schedule_1,schedule_1/1609432442_57.csv,100,0.705879329929885,0.706078541088914,-0.500514281716414,-0.497737873679509
schedule_1,schedule_1/1609432817_51.csv,100,0.724306825168593,0.741203581166512,-0.465394502758779,-0.430343587623439
schedule_1,schedule_1/1609437130_59.csv,100,0.752416349161906,0.764105927270066,-0.418076670039876,-0.399337288554011
schedule_1,schedule_1/1609438309_9.csv,100,0.596965536566453,0.605526806792176,-0.779036615789398,-0.770943254005762
schedule_1,schedule_1/1609444062_37.csv,100,0.597264599976743,0.605951433358419,-0.755746800349519,-0.740652983453221
schedule_1,schedule_1/1609444086_62.csv,100,0.533606535017881,0.539397433164114,-0.912157277490375,-0.893112956875625
schedule_1,schedule_1/1609444095_73.csv,100,0.863141304821571,0.868940659152962,-0.169915477546386,-0.163253057040913
schedule_1,schedule_1/1609444179_92.csv,100,0.779177800839621,0.787877029288857,-0.341589402883941,-0.331407138383698
schedule_1,schedule_1/1609444247_39.csv,100,0.651043074119635,0.642488811308187,-0.646253028647725,-0.66905759579827
schedule_1,schedule_1/1609444310_19.csv,100,0.839793552137784,0.854302950775487,-0.219974012444637,-0.201450000976171
schedule_1,schedule_1/1609444627_7.csv,100,0.658179853927588,0.66375806424624,-0.634857042057354,-0.623641195113529
schedule_1,schedule_1/1609444929_97.csv,100,0.653010275161783,0.661708427842876,-0.658423774779269,-0.643583183233605
schedule_1,schedule_1/1609523552_31.csv,100,0.74332364863059,0.731992622262739,-0.409646490299697,-0.421063778461612
schedule_1,schedule_1/1609523598_62.csv,100,0.521943615665259,0.522278145036113,-0.955307006386252,-0.957403469884548
schedule_1,schedule_1/1609523780_80.csv,100,0.679752535861551,0.662835315926854,-0.520982149056095,-0.556688919441021
schedule_1,schedule_1/1609524037_51.csv,100,0.822780841635055,0.819662598652624,-0.247166254237473,-0.261483975727584
schedule_1,schedule_1/1609524956_47.csv,100,0.727147022763725,0.724259187287119,-0.455084223683664,-0.460849353283246
schedule_1,schedule_1/1609525885_66.csv,100,0.748117494196299,0.756764922239067,-0.438765389109837,-0.423198074309671
schedule_1,schedule_1/1609527225_61.csv,100,0.621722727467366,0.633137182221001,-0.696801091495237,-0.682158085276906
schedule_1,schedule_1/1609527308_100.csv,100,0.581473346709847,0.584372831059578,-0.739117944325231,-0.731808437790457
schedule_1,schedule_1/1609527831_6.csv,100,0.570519995415539,0.580019738800797,-0.839807392386487,-0.81691125150599
schedule_1,schedule_1/1609531225_20.csv,100,0.746914514445441,0.738329474620158,-0.401232983355294,-0.416489159602595
schedule_1,schedule_1/1609702163_50.csv,100,0.564324150263805,0.5788616391036,-0.835062941549297,-0.781346313613814
schedule_1,schedule_1/1609702187_60.csv,100,0.747786871767697,0.74778827113326,-0.454609142225493,-0.456342995232745
schedule_1,schedule_1/1609702215_12.csv,100,0.585751871616192,0.585799421798716,-0.776283443662534,-0.783802700504087
schedule_1,schedule_1/1609702242_80.csv,100,0.67732638670083,0.680277671350745,-0.590729296343724,-0.573935255908083
schedule_1,schedule_1/1609702258_75.csv,100,0.643127314789096,0.660782265518893,-0.650409329655155,-0.595177132809379
schedule_1,schedule_1/1609702276_66.csv,100,0.652238172886407,0.64646373315312,-0.571379723620938,-0.558860380222551
schedule_1,schedule_1/1609702304_81.csv,100,0.679060883212778,0.664733395165836,-0.546430650732205,-0.569691403414757
schedule_1,schedule_1/1609702317_39.csv,100,0.634627824769945,0.631720707339431,-0.683469826871564,-0.689108831670256
schedule_1,schedule_1/1609702333_13.csv,100,0.474772593550209,0.492162277687114,-0.954339175762026,-0.902421822683121
schedule_1,schedule_1/1609702621_4.csv,100,0.613587555079666,0.619308880158235,-0.701992662867197,-0.694639638999147
schedule_1,schedule_1/1609703024_63.csv,100,0.539577226102968,0.536831169076844,-0.942276999136181,-0.95624164906603
schedule_1,schedule_1/1609704495_75.csv,100,0.632745575026267,0.637147379645952,-0.652473682918385,-0.617684106428757
schedule_1,schedule_1/1609798873_56.csv,100,0.631517096460163,0.625747776815062,-0.665382447273994,-0.66883913399867
schedule_1,schedule_1/1609798888_22.csv,100,0.604063357607119,0.612628129895078,-0.68190011056509,-0.652820005090098
schedule_1,schedule_1/1609798898_16.csv,100,0.563555002567447,0.578025637655543,-0.833029861351943,-0.809857878664125
schedule_1,schedule_1/1609798906_13.csv,100,0.602472556129588,0.61408406053314,-0.785334147072387,-0.766764574969964
schedule_1,schedule_1/1609798924_43.csv,100,0.629053046091438,0.646343485907691,-0.63215312154381,-0.587014260987897
schedule_1,schedule_1/1609798933_57.csv,100,0.662379568427079,0.665235903655211,-0.584375667411065,-0.572164550788778
schedule_1,schedule_1/1609798947_8.csv,100,0.507406494505867,0.516405251970901,-0.941268645132989,-0.89532961684548
schedule_1,schedule_1/1609798976_99.csv,100,0.710987311519513,0.702387631357313,-0.488796142560802,-0.504139572354907
schedule_1,schedule_1/1609798998_89.csv,100,0.683205088036287,0.680291566710347,-0.503391235419515,-0.509850272472014
schedule_1,schedule_1/1609799062_41.csv,100,0.67810450952059,0.689753372742721,-0.59367255124819,-0.578933099334956
schedule_1,schedule_1/1609799075_99.csv,100,0.604797453767706,0.619292570461386,-0.684844754748329,-0.653729984216158
schedule_1,schedule_1/1609799226_41.csv,100,0.30922099669843,0.314878318267738,-1.41942973730208,-1.39825606830075
schedule_1,schedule_1/1609799588_3.csv,100,0.594201422784087,0.611590022672292,-0.708301968629685,-0.646771898790118
schedule_1,schedule_1/1609802594_64.csv,100,0.556581443373622,0.559281565840814,-0.846983818221485,-0.834081877746193
schedule_1,schedule_1/1609802669_35.csv,100,0.608208969333662,0.608302359938626,-0.743455991538656,-0.735227391802414
schedule_1,schedule_1/1609807210_63.csv,100,0.576796174114237,0.583607982239664,-0.805102844483513,-0.812486805237951
schedule_1,schedule_1/1609859353_52.csv,100,0.634143818895699,0.628357916347001,-0.665098252719789,-0.669381452490362
schedule_1,schedule_1/1609859429_17.csv,100,0.634375773667741,0.6232601252115,-0.673364731240344,-0.69930286147066
schedule_1,schedule_1/1609859431_45.csv,100,0.538711330092064,0.536287123505259,-0.866686982967717,-0.861799076134386
schedule_1,schedule_1/1609859473_8.csv,100,0.414677396614938,0.429210566806501,-1.19216842506085,-1.15880044842163
schedule_1,schedule_1/1609859482_9.csv,100,0.593672932973914,0.59066740435413,-0.686200645090057,-0.677903111396938
schedule_1,schedule_1/1609859598_12.csv,100,0.732698346380943,0.721398953881839,-0.419729508963051,-0.430298116879613
schedule_1,schedule_1/1609859836_47.csv,100,0.638187945666067,0.654411717489691,-0.678973437384498,-0.632661679109985
schedule_1,schedule_1/1609859980_2.csv,100,0.708898532403945,0.708844614379178,-0.488678283858344,-0.485465031161924
schedule_1,schedule_1/1609860172_91.csv,100,0.489158810841205,0.489162210714141,-0.970230782744158,-0.963171631264671
schedule_1,schedule_1/1609860189_46.csv,100,0.635420003958197,0.632513168364596,-0.66085768523868,-0.666867560186662
schedule_1,schedule_1/1609860405_28.csv,100,0.765036149416839,0.765060424339714,-0.374660408627481,-0.376717476910614
schedule_1,schedule_1/1609860536_61.csv,100,0.577664950178774,0.568956588927079,-0.738085504642315,-0.738149052565473
schedule_1,schedule_1/1609860950_25.csv,100,0.492768816799759,0.515706518126799,-1.00101144241423,-0.945203574097852
schedule_1,schedule_1/1609861453_88.csv,100,0.663028375789622,0.665883716694703,-0.627763263044155,-0.615424154291623
schedule_1,schedule_1/1609861744_25.csv,100,0.634513247230278,0.620017463510574,-0.633311003063809,-0.648955462838582
schedule_1,schedule_1/1609862124_15.csv,100,0.672620975290111,0.687116134777235,-0.623602184899918,-0.605207234171081
schedule_1,schedule_1/1609863033_98.csv,100,0.624522891188853,0.621644136260556,-0.642608411669793,-0.640696746718453
schedule_1,schedule_1/1609863086_19.csv,100,0.524244763238069,0.535831081352806,-0.860813229294779,-0.823963738828103
schedule_1,schedule_1/1609863489_4.csv,100,0.816166469099717,0.827778873720772,-0.299778080739443,-0.284924403808524
schedule_1,schedule_1/1609863503_71.csv,100,0.740439670021564,0.731796672686148,-0.423373049124389,-0.432768247604203
schedule_1,schedule_1/1609864597_27.csv,100,0.690946928565484,0.696150684783522,-0.526946316112283,-0.509629475093552
schedule_1,schedule_1/1609864799_20.csv,100,0.749803985145495,0.758498943502076,-0.437636189615571,-0.426589024464108
schedule_1,schedule_1/1609866682_50.csv,100,0.572689646599885,0.587109926812872,-0.817744457352504,-0.787653490348896
schedule_1,schedule_1/1609868162_76.csv,100,0.77779302541694,0.783686522374377,-0.339190405047612,-0.333103066541613
schedule_1,schedule_1/1609885166_53.csv,100,0.632108689326796,0.638959684995886,-0.678962788301446,-0.655324086848011
schedule_1,schedule_1/1609885179_79.csv,100,0.601712217427416,0.590479699218644,-0.738662161672583,-0.745758562097225
schedule_1,schedule_1/1609885191_61.csv,100,0.688888611568785,0.691842514383361,-0.552670452037141,-0.544752153772214
schedule_1,schedule_1/1609885214_92.csv,100,0.582182585667693,0.579246998829157,-0.734501942662588,-0.729661959329703
schedule_1,schedule_1/1609885217_17.csv,100,0.635733086928792,0.644439053819791,-0.695356337965779,-0.68418274020605
schedule_1,schedule_1/1609885245_94.csv,100,0.717539312357729,0.732038746592718,-0.515575161864851,-0.497073556476721
schedule_1,schedule_1/1609885252_84.csv,100,0.684309324186431,0.689951756529054,-0.51668576482225,-0.506580322955329
schedule_1,schedule_1/1609885265_93.csv,100,0.564723487099251,0.576436046549471,-0.79938475037675,-0.759903346751135
schedule_1,schedule_1/1609885281_11.csv,100,0.703268934411839,0.680266071874195,-0.510558660827199,-0.543619337965535
schedule_1,schedule_1/1609885283_21.csv,100,0.585039818710255,0.590835194783606,-0.734135976573838,-0.713712247841911
schedule_1,schedule_1/1609885325_4.csv,100,0.612344163617319,0.621519372301172,-0.736223602250974,-0.708712460188412
schedule_1,schedule_1/1609885376_53.csv,100,0.71639344743507,0.69689114757779,-0.42911957538704,-0.454265471443353
schedule_1,schedule_1/1609885378_94.csv,100,0.745662834890677,0.754394727618991,-0.427629175063301,-0.412230158307192
schedule_1,schedule_1/1609885404_36.csv,100,0.63117825518402,0.631178862245098,-0.642436280338653,-0.638903059172175
schedule_1,schedule_1/1609885430_63.csv,100,0.554634624839125,0.545975359871533,-0.827171879193901,-0.840636100563095
schedule_1,schedule_1/1609885435_46.csv,100,0.517023266035309,0.52861184891837,-0.975356451632674,-0.956248770331231
schedule_1,schedule_1/1609885496_41.csv,100,0.615003128407135,0.615121694039248,-0.706642513827331,-0.68692066761271
schedule_1,schedule_1/1609885555_96.csv,100,0.708463673143804,0.711866275722979,-0.53202822164828,-0.52400345317313
schedule_1,schedule_1/1609885596_14.csv,100,0.522718414706817,0.543036780910792,-0.933239450743234,-0.859201704754712
schedule_1,schedule_1/1609885763_1.csv,100,0.73801173193684,0.735149862552222,-0.452214757888378,-0.452077782095541
schedule_1,schedule_1/1609885784_18.csv,100,0.799256729791136,0.793489448152211,-0.305441321862611,-0.315481245164895
schedule_1,schedule_1/1609886198_91.csv,100,0.552359144562941,0.558074952521375,-0.827121402471395,-0.806431594853069
schedule_1,schedule_1/1609886345_52.csv,100,0.758666908805853,0.743917346466323,-0.34429339724178,-0.368736918939841
schedule_1,schedule_1/1609886513_88.csv,100,0.747370639338038,0.742172681973352,-0.400491539180138,-0.404557607158157
schedule_1,schedule_1/1609886676_9.csv,100,0.764885330160074,0.75032224625558,-0.388956347831227,-0.408517491748983
schedule_1,schedule_1/1609887196_17.csv,100,0.688837314134356,0.686004479200794,-0.552774115244764,-0.553782896804927
schedule_1,schedule_1/1609888441_93.csv,100,0.613366955901084,0.593121383775495,-0.707378211412895,-0.751937340315548
schedule_1,schedule_1/1609889037_100.csv,100,0.672892468745159,0.66130257088138,-0.52420184495915,-0.531472268704785
schedule_1,schedule_1/1609889037_67.csv,100,0.68964787680198,0.678337189781348,-0.548721812098076,-0.562030264470332
schedule_1,schedule_1/1609889342_57.csv,100,0.759284921402318,0.767978585068334,-0.400518383891313,-0.390369218181194
schedule_1,schedule_1/1609889696_100.csv,100,0.678868736010624,0.672962824372917,-0.550697874948605,-0.542128793728233
schedule_1,schedule_1/1609889812_27.csv,100,0.594544805386243,0.58847097721134,-0.766313836088535,-0.787703274527869
schedule_1,schedule_1/1609890888_22.csv,100,0.693155406864563,0.675759423926894,-0.53233502833895,-0.557926188577168
schedule_1,schedule_1/1609892728_96.csv,100,0.719934730241722,0.731369181591773,-0.520060748837845,-0.513844070095738
schedule_1,schedule_1/1609893226_67.csv,100,0.616321823135105,0.628130763695478,-0.71284587902854,-0.681258758070498
schedule_1,schedule_1/1610551366_42.csv,100,0.457033474884365,0.470948585732162,-1.0789874405185,-1.03689824957658
schedule_1,schedule_1/1610551413_62.csv,100,0.806325005899917,0.826629293817259,-0.302552316712421,-0.26564523008114
schedule_1,schedule_1/1610551496_2.csv,100,0.552452442422752,0.543841789937057,-0.786169387547281,-0.791413461314747
schedule_1,schedule_1/1610551551_97.csv,100,0.537590504599482,0.554464555469501,-0.881365644025465,-0.82298804861038
schedule_1,schedule_1/1610551582_63.csv,100,0.710481013406653,0.699022960195554,-0.517973314663926,-0.535938824881018
schedule_1,schedule_1/1610551660_68.csv,100,0.606304230474897,0.615005598619765,-0.717790291571379,-0.701982744423359
schedule_1,schedule_1/1610551761_31.csv,100,0.621279280998534,0.613706038651392,-0.694839256624753,-0.699004148434643
schedule_1,schedule_1/1610551792_23.csv,100,0.753590277082625,0.756421437010641,-0.415978903239268,-0.408841749550233
schedule_1,schedule_1/1610551899_49.csv,100,0.420068380686471,0.420062900988084,-1.13601613145987,-1.14490337404547
schedule_1,schedule_1/1610551936_95.csv,100,0.509806581907314,0.504006226840019,-0.900425592571855,-0.86659731434373
schedule_1,schedule_1/1610551982_57.csv,100,0.653286252524773,0.635881672019847,-0.59124241506414,-0.614516462566437
schedule_1,schedule_1/1610552038_31.csv,100,0.529040813792833,0.54341788446295,-0.963854971616669,-0.931523480412154
schedule_1,schedule_1/1610552161_70.csv,100,0.699238238097602,0.701541178149487,-0.47724553299745,-0.46392035209895
schedule_1,schedule_1/1610552237_23.csv,100,0.649887481354571,0.646933483641473,-0.633580076201979,-0.635760300669741
schedule_1,schedule_1/1610552283_66.csv,100,0.713436147028691,0.71617097389576,-0.476093777775302,-0.474586845804904
schedule_1,schedule_1/1610552518_76.csv,100,0.62084487604116,0.635342219776056,-0.740684231367381,-0.708620280208673
schedule_1,schedule_1/1610552608_24.csv,100,0.673216612482564,0.674012037781741,-0.541814607647647,-0.55060613294144
schedule_1,schedule_1/1610552667_15.csv,100,0.730436252573388,0.742053098461729,-0.473711538946958,-0.460473940605872
schedule_1,schedule_1/1610552791_63.csv,100,0.757950028282097,0.775354023001511,-0.420301359094783,-0.398131033946603
schedule_1,schedule_1/1610553101_1.csv,100,0.495348617327997,0.512567178067155,-0.961571341402423,-0.909969137413781
schedule_1,schedule_1/1610553233_45.csv,100,0.507332130117548,0.521830504349296,-0.897776299251149,-0.850545200777821
schedule_1,schedule_1/1610553324_13.csv,100,0.657915708711971,0.654400116997126,-0.617774716420145,-0.610190379823995
schedule_1,schedule_1/1610553720_50.csv,100,0.838590802941368,0.850198712599416,-0.235893781792184,-0.221135909386852
schedule_1,schedule_1/1610553895_19.csv,100,0.594328997921086,0.603064427981443,-0.757914283313596,-0.733704597450409
schedule_1,schedule_1/1610553985_4.csv,100,0.760823094361524,0.769457878605143,-0.405224631951336,-0.393785494639781
schedule_1,schedule_1/1610554149_14.csv,100,0.692717785073442,0.707227407351333,-0.55012721673342,-0.523204608253954
schedule_1,schedule_1/1610554403_2.csv,100,0.71041728972499,0.720895063140719,-0.495292761238147,-0.484566526040913
schedule_1,schedule_1/1610555178_59.csv,100,0.453903343445565,0.459701683349864,-1.13385455617892,-1.11987402444257
schedule_1,schedule_1/1610555457_60.csv,100,0.468835825516207,0.483079064507743,-1.03544163273702,-0.991895024616601
schedule_1,schedule_1/1610556230_44.csv,100,0.700954846282922,0.669072685863434,-0.435725086987048,-0.482841933029298
schedule_1,schedule_1/1610556618_28.csv,100,0.495565601524526,0.509945195578903,-1.02120293830077,-0.988028857753689
schedule_1,schedule_1/1610557145_22.csv,100,0.6278814433565,0.633847679133242,-0.651829043019129,-0.636087452409832
schedule_1,schedule_1/1610557399_10.csv,100,0.724340268245216,0.712837493808255,-0.440979369339282,-0.461760800853173
schedule_1,schedule_1/1610558209_67.csv,100,0.796355257166109,0.784832749983311,-0.296409627426867,-0.314629568305645
schedule_1,schedule_1/1610558549_90.csv,100,0.681504436741952,0.67272597340626,-0.509551457317648,-0.524389267354924
schedule_1,schedule_1/1610559847_55.csv,100,0.470552626341781,0.476288411783903,-1.01386822998509,-0.992291341492684
schedule_1,schedule_1/1610560829_77.csv,100,0.522013455000902,0.513426869834295,-0.926562711246011,-0.953999613144384
schedule_1,schedule_1/1610561958_46.csv,100,0.628909789945495,0.629310938811288,-0.702092421785906,-0.690182449895936
schedule_1,schedule_1/1610562582_75.csv,100,0.487316945709451,0.499143312679677,-0.945339892886369,-0.899976275875081
schedule_1,schedule_1/1610562871_53.csv,100,0.577085209877488,0.594148953208254,-0.764036974422928,-0.717310111207516
schedule_1,schedule_1/1610564042_16.csv,100,0.623811725808683,0.621560923711586,-0.692191404782158,-0.692409002106786
schedule_1,schedule_1/1610564912_59.csv,100,0.764896258325983,0.776566331844192,-0.385163289589284,-0.363963722712226
schedule_1,schedule_1/1610565406_93.csv,100,0.621993555602883,0.627851418323701,-0.696272257096826,-0.684489784734314
schedule_1,schedule_1/1610565878_86.csv,100,0.774222221783008,0.768850139548206,-0.352020800687966,-0.361311203044279
schedule_1,schedule_1/1610567944_61.csv,100,0.675130270348664,0.676010490215888,-0.58323450694684,-0.570899392716815
schedule_1,schedule_1/1610568650_92.csv,100,0.728927374330488,0.737625084111818,-0.493927712411835,-0.47812316316942
schedule_1,schedule_1/1610569211_88.csv,100,0.614106695115223,0.611341175965513,-0.740910445497356,-0.741027402742018
schedule_1,schedule_1/1610571424_5.csv,100,0.555794128088857,0.558650619121342,-0.835742509733769,-0.823536034265772
schedule_1,schedule_1/1610572251_100.csv,100,0.72204491306021,0.7307428263007,-0.492575016551575,-0.476710517244701
schedule_1,schedule_1/1610572753_93.csv,100,0.651807927651024,0.641372494074572,-0.539813547348168,-0.55377624332222
schedule_1,schedule_1/1610573258_48.csv,100,0.570693923504009,0.584947479218933,-0.780198965874296,-0.744465564480134
schedule_1,schedule_1/1610574635_76.csv,100,0.746583207320039,0.746567620731592,-0.417585524427041,-0.415030162671717
schedule_1,schedule_1/1610576037_64.csv,100,0.649172061981895,0.669347623246697,-0.620974037357381,-0.58029565608206
schedule_1,schedule_1/1610577574_94.csv,100,0.665081367012492,0.685711386067667,-0.528489280167615,-0.478026943255863
schedule_1,schedule_1/1610579944_65.csv,100,0.74068058943339,0.706784493170949,-0.37189039544634,-0.435155340714198
schedule_1,schedule_1/1610580934_72.csv,100,0.606612883702562,0.597125703104693,-0.724612212420498,-0.755840249220156
schedule_1,schedule_1/1610635968_12.csv,100,0.678544545782217,0.661195914940139,-0.533274925320382,-0.551144541424252
schedule_1,schedule_1/1610639317_58.csv,100,0.426214552544776,0.425526081467367,-1.21427637204145,-1.25232759907971
schedule_1,schedule_1/1610692811_88.csv,100,0.520405986015177,0.529040060425535,-0.933314916277396,-0.909145010677187
schedule_1,schedule_1/1610692909_21.csv,100,0.669944374813694,0.675772613632744,-0.621341937498013,-0.603322166023306
schedule_1,schedule_1/1610694120_72.csv,100,0.676635739404959,0.691059714590387,-0.593971732697552,-0.575463906020448
schedule_1,schedule_1/1610695990_84.csv,100,0.714918089204001,0.714864068654312,-0.479875925898435,-0.481407911754069
schedule_1,schedule_1/1610947745_52.csv,100,0.673722457235245,0.659209425778245,-0.546055528977509,-0.571071099146928
schedule_1,schedule_1/1610948017_22.csv,100,0.656968193707918,0.671093675494252,-0.610228294153145,-0.594524604735481
schedule_1,schedule_1/1610975282_40.csv,100,0.72475948115798,0.710250674825001,-0.433741398766502,-0.455976777667782
schedule_1,schedule_1/1610975337_62.csv,100,0.668100196736383,0.676785082059272,-0.617790081997028,-0.606677748413042
schedule_1,schedule_1/1610978157_3.csv,100,0.729264297409171,0.717683978670931,-0.42679234289292,-0.431872246726117
schedule_1,schedule_1/1611001572_74.csv,100,0.548764568697684,0.551660171957893,-0.909605024716922,-0.901971978179959
schedule_1,schedule_1/1611002111_47.csv,100,0.380304203068408,0.371411118356263,-1.33122555231861,-1.36751283175322
schedule_1,schedule_1/1611003373_51.csv,100,0.586673780706522,0.589461432210743,-0.750123610791442,-0.725704630010677
schedule_1,schedule_1/1611009301_66.csv,100,0.646964335760978,0.652752734237364,-0.605676097839951,-0.586084594351752
schedule_1,schedule_1/1611093614_14.csv,100,0.731950455821964,0.746435463650151,-0.469599243602609,-0.446499413182564
schedule_1,schedule_1/1611093763_72.csv,100,0.570318593016795,0.570231252226453,-0.789125065942326,-0.778913350267839
schedule_1,schedule_1/1611424182_98.csv,100,0.742145889092887,0.75074301893245,-0.380449704825956,-0.37042674609212
schedule_1,schedule_1/1611424209_67.csv,100,0.674227100400069,0.666509235998525,-0.547772743357831,-0.544048759982434
schedule_1,schedule_1/1611424214_20.csv,100,0.606549374509128,0.615323296766823,-0.750784816945691,-0.714050132812196
schedule_1,schedule_1/1611424228_91.csv,100,0.543811307694324,0.538013129493608,-0.833399550889416,-0.843304233021281
schedule_1,schedule_1/1611424236_34.csv,100,0.683861933186465,0.694564433197741,-0.530097812543432,-0.519556849757921
schedule_1,schedule_1/1611424269_75.csv,100,0.643116366778615,0.643117289278724,-0.593729446846396,-0.590279975875305
schedule_1,schedule_1/1611424270_96.csv,100,0.577263469056169,0.580460725432067,-0.738021778821963,-0.733952713619487
schedule_1,schedule_1/1611424281_16.csv,100,0.696570594001297,0.679545593219147,-0.505227402684212,-0.528634539863837
schedule_1,schedule_1/1611424289_51.csv,100,0.642702235237506,0.631101714726666,-0.618392599001823,-0.636150509135084
schedule_1,schedule_1/1611424348_25.csv,100,0.591997823178364,0.609070113664649,-0.761886611004814,-0.711852676376078
schedule_1,schedule_1/1611424351_24.csv,100,0.623073913925594,0.631877009818621,-0.723123600328894,-0.702424496206355
schedule_1,schedule_1/1611424406_94.csv,100,0.724645820848436,0.710233483967829,-0.464741789287774,-0.47970752404647
schedule_1,schedule_1/1611424421_43.csv,100,0.399737969967224,0.402603172545669,-1.27726353274248,-1.273609936187
schedule_1,schedule_1/1611424475_75.csv,100,0.443101626490007,0.448800867708443,-1.02059803292953,-1.00383235914121
schedule_1,schedule_1/1611424579_18.csv,100,0.625845981888202,0.612094775376743,-0.673588518251253,-0.681067434955621
schedule_1,schedule_1/1611424703_88.csv,100,0.729847031678447,0.732851102914803,-0.464120694079526,-0.456697172649447
schedule_1,schedule_1/1611424711_6.csv,100,0.717438832086688,0.720544613141349,-0.447580909069496,-0.437424484372129
schedule_1,schedule_1/1611424760_42.csv,100,0.705591708731639,0.70313756878625,-0.536835261169457,-0.545934281197958
schedule_1,schedule_1/1611424764_31.csv,100,0.713663647370472,0.713719905797503,-0.509294681730653,-0.510874639288088
schedule_1,schedule_1/1611424808_20.csv,100,0.574081632836629,0.591483308960028,-0.844562329135589,-0.817055100392462
schedule_1,schedule_1/1611424820_93.csv,100,0.415517647252516,0.427061448555672,-1.23692653314873,-1.21101967085691
schedule_1,schedule_1/1611424914_81.csv,100,0.609978481295496,0.627338256313378,-0.733142193002852,-0.700076830056561
schedule_1,schedule_1/1611424919_92.csv,100,0.728588763989342,0.73438845730075,-0.473948911946999,-0.466613409546772
schedule_1,schedule_1/1611425013_76.csv,100,0.601614432559633,0.616046703404073,-0.730372324638515,-0.679112780944542
schedule_1,schedule_1/1611425024_52.csv,100,0.6714075050636,0.674600666524013,-0.581829298553245,-0.563288931639125
schedule_1,schedule_1/1611425096_92.csv,100,0.696855632251394,0.694051752462682,-0.542328368821047,-0.543946132954167
schedule_1,schedule_1/1611425162_25.csv,100,0.633589909176327,0.608801682112646,-0.606126260562632,-0.63836721719381
schedule_1,schedule_1/1611425173_7.csv,100,0.70755103328972,0.719252911589093,-0.507731195181924,-0.487932828084955
schedule_1,schedule_1/1611425259_16.csv,100,0.574934529584484,0.589430675198968,-0.75132095813317,-0.720575329014276
schedule_1,schedule_1/1611425263_55.csv,100,0.629146861523222,0.631997373694806,-0.674565936352541,-0.668144694181636
schedule_1,schedule_1/1611425320_94.csv,100,0.716894113007455,0.705612949417322,-0.484016141465973,-0.502674365733141
schedule_1,schedule_1/1611425336_79.csv,100,0.622657591654552,0.631537548939889,-0.714765930505993,-0.693606597946576
schedule_1,schedule_1/1611425400_9.csv,100,0.60407952132208,0.61798747865303,-0.666320820521161,-0.628430840825231
schedule_1,schedule_1/1611425437_21.csv,100,0.60913654780875,0.617793230561771,-0.725622482824513,-0.701644335218226
schedule_1,schedule_1/1611425576_82.csv,100,0.678439171378258,0.681541372613585,-0.547221814002453,-0.532751379392792
schedule_1,schedule_1/1611425622_79.csv,100,0.802343128531978,0.81104974349665,-0.325476900245587,-0.314322762166704
schedule_1,schedule_1/1611425822_70.csv,100,0.696542218246038,0.687354285883967,-0.539482652537356,-0.578762718475357
schedule_1,schedule_1/1611425850_71.csv,100,0.61412387508605,0.599567758256689,-0.674846875939928,-0.708008873823419
schedule_1,schedule_1/1611425857_62.csv,100,0.632337726973278,0.611962461161038,-0.624106193619446,-0.669455706768381
schedule_1,schedule_1/1611425961_64.csv,100,0.649426970700184,0.632369242834688,-0.59277177374097,-0.623407434617597
schedule_1,schedule_1/1611426044_80.csv,100,0.528649747706682,0.537342435045779,-0.841893391070057,-0.820832259215747
schedule_1,schedule_1/1611426304_12.csv,100,0.580925588408593,0.592511506296977,-0.784590115923,-0.764431500287976
schedule_1,schedule_1/1611426355_27.csv,100,0.734976034097564,0.723786184813842,-0.442998596119363,-0.474554676285204
schedule_1,schedule_1/1611426356_53.csv,100,0.589612062614783,0.589627253221038,-0.785642028150133,-0.777803872305497
schedule_1,schedule_1/1611426676_43.csv,100,0.434459608874993,0.445563598576534,-1.18865400195586,-1.1650407776725
schedule_1,schedule_1/1611427906_25.csv,100,0.823457416229712,0.835062461190929,-0.266874976697947,-0.252027215783087
schedule_1,schedule_1/1611428903_11.csv,100,0.534740677777581,0.548342263189912,-0.846369342100645,-0.804948793410531
schedule_1,schedule_1/1611429547_3.csv,100,0.604988455589231,0.601339205557472,-0.684735393708161,-0.680779446147926
schedule_1,schedule_1/1611442600_93.csv,100,0.712493162047922,0.712892756663919,-0.470357979225425,-0.463183124093292
schedule_1,schedule_1/1611443999_68.csv,100,0.587454603305849,0.599011940628911,-0.745518193176174,-0.694196956932502
schedule_1,schedule_1/1611475584_42.csv,100,0.646773271070886,0.640998486348257,-0.616108079446086,-0.622263754515453
schedule_1,schedule_1/1611476042_99.csv,100,0.655391929304971,0.666941424237343,-0.648517241160739,-0.62367543878721
schedule_1,schedule_1/1611476352_27.csv,100,0.589530277151936,0.610126975486046,-0.790978756736766,-0.735663160676133
schedule_1,schedule_1/1611476638_73.csv,100,0.603612464831337,0.615014337796146,-0.738163066415419,-0.71352823821988
schedule_1,schedule_1/1611476779_80.csv,100,0.6803261012065,0.69191726903664,-0.544681569122999,-0.526000306304455
schedule_1,schedule_1/1611477537_2.csv,100,0.624152915882684,0.618299071170789,-0.691758933093574,-0.69222061676916
schedule_1,schedule_1/1611478172_57.csv,100,0.641556045405276,0.635723841741388,-0.601570370043205,-0.605113814438105
schedule_1,schedule_1/1611479444_17.csv,100,0.600386237409913,0.593302111014154,-0.748119913823137,-0.747245719675856
schedule_1,schedule_1/1611482166_100.csv,100,0.613939342569247,0.616567374335565,-0.741081809209763,-0.733600945996313
schedule_1,schedule_1/1611482787_63.csv,100,0.625014631861694,0.640844800703284,-0.6894239875728,-0.635064206002302
schedule_1,schedule_1/1611483407_45.csv,100,0.572643830536595,0.587150143226775,-0.758364485889353,-0.719079973121682
schedule_1,schedule_1/1611484212_29.csv,100,0.506890785562189,0.512733337503475,-0.902181293764829,-0.868483512560957
schedule_1,schedule_1/1611486225_9.csv,100,0.496710306805459,0.505522975424241,-0.959459476188842,-0.936308059542291
schedule_1,schedule_1/1611487007_46.csv,100,0.637658865762278,0.651506111676726,-0.685392317228438,-0.642341481850352
schedule_1,schedule_1/1611487064_10.csv,100,0.699907494705283,0.682495244907711,-0.473982515748202,-0.499780513113838
schedule_1,schedule_1/1611488129_55.csv,100,0.593435281359333,0.581802320840706,-0.717847885910461,-0.728932175743177
schedule_1,schedule_1/1611488175_52.csv,100,0.72781912766041,0.719143155862603,-0.45844285213795,-0.473489802620865
schedule_1,schedule_1/1611488809_41.csv,100,0.656900961200227,0.669104421190843,-0.605931388800854,-0.563788053746494
schedule_1,schedule_1/1611490243_83.csv,100,0.75077313109832,0.765248080414638,-0.431370302480968,-0.407887623916537
schedule_1,schedule_1/1611490466_6.csv,100,0.592509263905743,0.607008821571588,-0.706668425032551,-0.666185605185056
schedule_1,schedule_1/1611491629_40.csv,100,0.57069597032047,0.582210526202878,-0.792970582821292,-0.759663958710951
schedule_1,schedule_1/1611491737_49.csv,100,0.556734903986704,0.565429626512073,-0.804185860749965,-0.781554662973517
schedule_1,schedule_1/1611492036_88.csv,100,0.762704570096225,0.765999029737989,-0.372779016830254,-0.362278069857504
schedule_1,schedule_1/1611492856_9.csv,100,0.627846934225097,0.633795042377645,-0.589276652834961,-0.567682553439026
schedule_1,schedule_1/1611493239_16.csv,100,0.64676692939944,0.637906962639676,-0.636048533589886,-0.645718579245719
schedule_1,schedule_1/1611493638_43.csv,100,0.795052178186114,0.806675501907146,-0.329368488618433,-0.310031537671515
schedule_1,schedule_1/1611493825_27.csv,100,0.732140040853701,0.726345255871376,-0.391882603039529,-0.398709363978394
schedule_1,schedule_1/1611494054_57.csv,100,0.648889012480793,0.666289022219444,-0.610551317508274,-0.588331311227405
schedule_1,schedule_1/1611494180_17.csv,100,0.686697195617263,0.692109705494358,-0.488157302093901,-0.462552615124407
schedule_1,schedule_1/1611494273_40.csv,100,0.712296397664251,0.697876159144338,-0.467365855539881,-0.504107811990642
schedule_1,schedule_1/1611494387_82.csv,100,0.636794115135194,0.62813037048027,-0.673114320858109,-0.687670283628256
schedule_1,schedule_1/1611494819_88.csv,100,0.671063222908601,0.668311391674336,-0.59038122579605,-0.609308475947274
schedule_1,schedule_1/1611495048_44.csv,100,0.823222820988954,0.837736205738687,-0.25129303975182,-0.232823851867292
schedule_1,schedule_1/1611495222_42.csv,100,0.551750053077058,0.551874869191837,-0.788569056862164,-0.780137316882208
schedule_1,schedule_1/1611495907_65.csv,100,0.515305420820872,0.515898188799473,-0.995605577304595,-0.991931621148586
schedule_1,schedule_1/1611495976_67.csv,100,0.71049362433099,0.71064033371965,-0.485828855504357,-0.480780884140654
schedule_1,schedule_1/1611496213_38.csv,100,0.574976825074287,0.577884893935139,-0.81724241963588,-0.800270139427196
schedule_1,schedule_1/1611496792_20.csv,100,0.589556494089247,0.595362067441675,-0.786914588647811,-0.772290378899554
schedule_1,schedule_1/1611497117_32.csv,100,0.654965947480408,0.666384970831168,-0.638663503585352,-0.620589324791341
schedule_1,schedule_1/1611497399_92.csv,100,0.730390028832415,0.733319321255436,-0.464187492055917,-0.462185644086728
schedule_1,schedule_1/1611497840_16.csv,100,0.549708176301019,0.55545055333259,-0.875323116581753,-0.851444418030618
schedule_1,schedule_1/1611498039_29.csv,100,0.527494969249493,0.536188607628037,-0.86677078899067,-0.791251611162584
schedule_1,schedule_1/1611498234_44.csv,100,0.673201204800252,0.655643396040412,-0.534699533032246,-0.554005216172567
schedule_1,schedule_1/1611498605_86.csv,100,0.549276323918333,0.557971357798652,-0.754849942468022,-0.725405378671466
schedule_1,schedule_1/1611498691_33.csv,100,0.741774415405091,0.736020418976693,-0.441429602789359,-0.45206508459156
schedule_1,schedule_1/1611498718_3.csv,100,0.664459293838627,0.648600508471408,-0.607470440659488,-0.636221254719036
schedule_1,schedule_1/1611499205_73.csv,100,0.564076929891084,0.569849396680031,-0.760809101200598,-0.74030562360349
schedule_1,schedule_1/1611499327_73.csv,100,0.668854142717972,0.665984748818086,-0.589038923879276,-0.594382892874226
schedule_1,schedule_1/1611499442_35.csv,100,0.628433006175799,0.61371775135309,-0.691003640542035,-0.714988279288761
schedule_1,schedule_1/1611499611_59.csv,100,0.635043684269254,0.626376304030321,-0.623315098191695,-0.62863927504763
schedule_1,schedule_1/1611499629_46.csv,100,0.662764970787857,0.671550538569165,-0.580921405161935,-0.553602396441605
schedule_1,schedule_1/1611500023_14.csv,100,0.49888628391536,0.507699049461992,-0.939193234764816,-0.910354478888827
schedule_1,schedule_1/1611500303_5.csv,100,0.567408221620462,0.572806141909012,-0.801145535090869,-0.791320664343364
schedule_1,schedule_1/1611500699_84.csv,100,0.662525971549796,0.67420098520177,-0.619054586963663,-0.583791537794307
schedule_1,schedule_1/1611500986_86.csv,100,0.706559456749113,0.700741653569678,-0.493434104319605,-0.504352599376151
schedule_1,schedule_1/1611501258_76.csv,100,0.67730190515137,0.677270713621701,-0.562367135859306,-0.557557033117618
schedule_1,schedule_1/1611501385_39.csv,100,0.693307650887501,0.696192198153928,-0.561355210094957,-0.554149307955789
schedule_1,schedule_1/1611502400_82.csv,100,0.843163233589528,0.860573944851224,-0.215985549632819,-0.193785385567736
schedule_1,schedule_1/1611502507_84.csv,100,0.726151778306273,0.711968111645013,-0.428171145306296,-0.446074144292289
schedule_1,schedule_1/1611502637_42.csv,100,0.605782722474639,0.58564688386114,-0.716029873947705,-0.760099506307786
schedule_1,schedule_1/1611503340_8.csv,100,0.67883497094187,0.687505528496906,-0.552902345080829,-0.541937903770623
schedule_1,schedule_1/1611503381_53.csv,100,0.624249250555153,0.627219175828754,-0.705848243036463,-0.698809749000464
schedule_1,schedule_1/1611503426_81.csv,100,0.654395275582464,0.657310002474161,-0.652696644206762,-0.646713954167533
schedule_1,schedule_1/1611503981_66.csv,100,0.536861612977682,0.542714968248211,-0.899251296938798,-0.874479057955274
schedule_1,schedule_1/1611504344_1.csv,100,0.571411188902088,0.582944908821244,-0.826168870140606,-0.8026558640793
schedule_1,schedule_1/1611504500_66.csv,100,0.668278405373998,0.668278405373998,-0.533472933227521,-0.533472933227521
schedule_1,schedule_1/1611504771_25.csv,100,0.723417013552929,0.709609228160054,-0.472769839594894,-0.506217155142015
schedule_1,schedule_1/1611505137_28.csv,100,0.604938618607026,0.616625203346636,-0.766831849578751,-0.742588112789407
schedule_1,schedule_1/1611505209_80.csv,100,0.609928390616667,0.621469081906819,-0.693118187081733,-0.656163488595485
schedule_1,schedule_1/1611505739_84.csv,100,0.761159319608046,0.761350088121794,-0.382084021563419,-0.383752423964844
schedule_1,schedule_1/1611505850_53.csv,100,0.60112475167375,0.592442931342801,-0.733198098014435,-0.740873317476294
schedule_1,schedule_1/1611506007_67.csv,100,0.556135593990716,0.559072438895715,-0.818519466066138,-0.804515306648054
schedule_1,schedule_1/1611506126_97.csv,100,0.638152144002686,0.640778045474653,-0.688014286608636,-0.672263927845377
schedule_1,schedule_1/1611506305_48.csv,100,0.625557745613437,0.622683609117264,-0.666650780337278,-0.661815811086088
schedule_1,schedule_1/1611506561_6.csv,100,0.567578612273374,0.567766268418685,-0.836231608285224,-0.850985091319101
schedule_1,schedule_1/1611506769_30.csv,100,0.694280071807725,0.692228942227628,-0.547911283113023,-0.548382888622672
schedule_1,schedule_1/1611506866_89.csv,100,0.792583614103262,0.783892021539524,-0.315418915353283,-0.332301630210983
schedule_1,schedule_1/1611507117_40.csv,100,0.625704599491075,0.625982146246535,-0.605028110449126,-0.590562302623978
schedule_1,schedule_1/1611507344_89.csv,100,0.586375655219752,0.575198070438791,-0.728643306768922,-0.74075506907891
schedule_1,schedule_1/1611507713_41.csv,100,0.579326539280742,0.59093161201273,-0.809846036242556,-0.782569141948115
schedule_1,schedule_1/1611508026_26.csv,100,0.527217518951844,0.53881684168596,-0.926921168236857,-0.903673981470829
schedule_1,schedule_1/1611508140_80.csv,100,0.614545474470595,0.608797244142704,-0.69131163852202,-0.694760114833681
schedule_1,schedule_1/1611508249_79.csv,100,0.555393724566434,0.564069719019244,-0.882158671820912,-0.892336141454915
schedule_1,schedule_1/1613920025_76.csv,100,0.792148433767242,0.809552557228224,-0.342355155132739,-0.315494482229701
schedule_1,schedule_1/1613920051_63.csv,100,0.627798836924503,0.639547310265596,-0.679707691416496,-0.636471951551665
schedule_1,schedule_1/1613920325_14.csv,100,0.654361373069395,0.645613555318531,-0.5990812148592,-0.611748646202477
schedule_1,schedule_1/1613920347_6.csv,100,0.619427533346817,0.628056945039352,-0.697377879029177,-0.675708732414812
schedule_1,schedule_1/1613920746_72.csv,100,0.513162186881594,0.507413390371011,-0.924431683281022,-0.92927521859345
schedule_1,schedule_1/1613920842_27.csv,100,0.592126307778601,0.592121386160842,-0.802776594313216,-0.800321324076744
schedule_1,schedule_1/1613921111_84.csv,100,0.740998446979556,0.729722497449956,-0.407971165794854,-0.420703997175894
schedule_1,schedule_1/1613921125_82.csv,100,0.614235633190833,0.617409175577526,-0.736469535371301,-0.734647292155104
schedule_1,schedule_1/1613921391_89.csv,100,0.832851839028377,0.838571309259794,-0.260738485296982,-0.269640381943894
schedule_1,schedule_1/1613921399_8.csv,100,0.793888066383045,0.805499881427513,-0.325888348210645,-0.311132799224501
schedule_1,schedule_1/1613921604_57.csv,100,0.738526803659588,0.724034831385067,-0.428598188475386,-0.45121091255539
schedule_1,schedule_1/1613921614_15.csv,100,0.705853877591416,0.694270361735407,-0.491534943889318,-0.511858546530343
schedule_1,schedule_1/1613921721_52.csv,100,0.798471746962618,0.812959266560946,-0.328667767373694,-0.310200635397002
schedule_1,schedule_1/1613921757_90.csv,100,0.700170404153563,0.697257500729377,-0.549662764807473,-0.550919463409942
schedule_1,schedule_1/1613922227_22.csv,100,0.624506792239231,0.612913420799921,-0.646087840035363,-0.666237623293988
schedule_1,schedule_1/1613922250_31.csv,100,0.604683597767779,0.587320516442504,-0.674518082535977,-0.698975492479754
schedule_1,schedule_1/1613922457_12.csv,100,0.789143983407954,0.795651041301487,-0.316426951554884,-0.303727138033587
schedule_1,schedule_1/1613922554_28.csv,100,0.648530796823993,0.651552810313564,-0.635498669223139,-0.628300176686494
schedule_1,schedule_1/1613922683_51.csv,100,0.524858808172117,0.518617201959124,-0.929228995102708,-0.949237647915689
schedule_1,schedule_1/1613923016_34.csv,100,0.791423943748243,0.800123972054861,-0.340653368914543,-0.329511093240651
schedule_1,schedule_1/1613923199_34.csv,100,0.687744610542621,0.676337587309722,-0.560978051323895,-0.579958935168117
schedule_1,schedule_1/1613923386_15.csv,100,0.671846295648455,0.67761402145644,-0.55908778180057,-0.551635880983144
schedule_1,schedule_1/1613923400_48.csv,100,0.628543736782845,0.619934434720446,-0.638232179995894,-0.653794753814391
schedule_1,schedule_1/1613923478_57.csv,100,0.541177047901719,0.555374809319773,-0.826646590009928,-0.785727226221853
schedule_1,schedule_1/1613923510_63.csv,100,0.641625641662034,0.647409347233599,-0.676684139080012,-0.660530385577742
schedule_1,schedule_1/1613923907_46.csv,100,0.270795046571334,0.271018237054006,-1.5512517279547,-1.55790083392032
schedule_1,schedule_1/1613923945_30.csv,100,0.703002574522578,0.714600653057079,-0.553885469724229,-0.539193086684454
schedule_1,schedule_1/1613924069_99.csv,100,0.650507804326513,0.653488106678174,-0.648853427669101,-0.630605647413933
schedule_1,schedule_1/1613924091_32.csv,100,0.768895137142438,0.760227402619881,-0.354116105670082,-0.369725363070965
schedule_1,schedule_1/1613924342_66.csv,100,0.548673559802813,0.557511051590381,-0.85509960861537,-0.82715940183387
schedule_1,schedule_1/1613924401_31.csv,100,0.605148988804481,0.605244918246241,-0.642301320397039,-0.634687656552181
schedule_1,schedule_1/1613924575_82.csv,100,0.62145890929824,0.61871740427475,-0.72022393880912,-0.722392738012813
schedule_1,schedule_1/1613924635_67.csv,100,0.582647020881335,0.602885802309107,-0.788415993168699,-0.742246217617074
schedule_1,schedule_1/1613924808_19.csv,100,0.557996910073027,0.566695683890441,-0.800738562392033,-0.770119899131484
schedule_1,schedule_1/1613924865_28.csv,100,0.65332783996125,0.650328986959931,-0.65123748478008,-0.648195672764222
schedule_1,schedule_1/1613925005_42.csv,100,0.76376099601611,0.76899515417914,-0.363743846117903,-0.345059514347468
schedule_1,schedule_1/1613925064_6.csv,100,0.632726689948627,0.629784491351904,-0.626078946971102,-0.627109316642403
schedule_1,schedule_1/1613925280_96.csv,100,0.734643182400712,0.712345383373899,-0.417794427750141,-0.447799180506116
schedule_1,schedule_1/1613925666_15.csv,100,0.692688514437587,0.675311619964343,-0.497153264098615,-0.524933888496509
schedule_1,schedule_1/1613925836_16.csv,100,0.642269151382047,0.645249663434075,-0.58313310650586,-0.569292531691647
schedule_1,schedule_1/1613926053_53.csv,100,0.596118824876314,0.59306593424258,-0.721806235131003,-0.728626435614767
schedule_1,schedule_1/1613926064_73.csv,100,0.670474087988039,0.68190610050714,-0.545007047990067,-0.525650759936429
schedule_1,schedule_1/1613926201_72.csv,100,0.657455001748012,0.665916124480709,-0.591933479124287,-0.569469967494004
schedule_1,schedule_1/1613926223_43.csv,100,0.556828879007881,0.556805981621417,-0.741647805838486,-0.733806201584051
schedule_1,schedule_1/1613926429_79.csv,100,0.631975670106345,0.614594059594906,-0.66633385419306,-0.684985883165659
schedule_1,schedule_1/1613926432_76.csv,100,0.671277251805461,0.665441380227646,-0.579036178097291,-0.58374483478826
schedule_1,schedule_1/1613926761_53.csv,100,0.438794249822904,0.450358780010306,-1.07213806000563,-1.03698686480762
schedule_1,schedule_1/1613926960_1.csv,100,0.761222735087218,0.767027947339779,-0.427899073681678,-0.420483420831309
schedule_1,schedule_1/1613927971_43.csv,100,0.745801616335603,0.743325080890471,-0.39875893306461,-0.400108100341057
schedule_1,schedule_1/1613928085_63.csv,100,0.596793206136399,0.588103632853201,-0.724955077781886,-0.734228663671174
schedule_1,schedule_1/1613928315_69.csv,100,0.594811121558036,0.597751649069358,-0.774171290198891,-0.755613765267753
schedule_1,schedule_1/1613928443_94.csv,100,0.660392619172238,0.666242227404144,-0.589199615972833,-0.573085100039613
schedule_1,schedule_1/1613929012_57.csv,100,0.717290961996643,0.728837734852032,-0.501824866995317,-0.468185093028899
schedule_1,schedule_1/1613929140_41.csv,100,0.528018388678481,0.530918418861017,-0.856508855278179,-0.852903681252097
schedule_1,schedule_1/1613929747_42.csv,100,0.758276408493651,0.777889132405822,-0.385639020410499,-0.348694063163088
schedule_1,schedule_1/1613930098_81.csv,100,0.65493249030005,0.660683777994523,-0.622795968239921,-0.612919984638023
schedule_1,schedule_1/1613930474_72.csv,100,0.580220377725647,0.594657555061002,-0.78864422504432,-0.760238239345614
schedule_1,schedule_1/1613930513_31.csv,100,0.576615063179927,0.58815287404795,-0.779140599576019,-0.732683264870901
schedule_1,schedule_1/1613932247_44.csv,100,0.742176244148737,0.745089198296222,-0.45273912952673,-0.445382176554799
schedule_1,schedule_1/1613932325_29.csv,100,0.674324682612008,0.662928869913954,-0.586639390386205,-0.604656168302809
schedule_1,schedule_1/1613933048_20.csv,100,0.591892958571487,0.606368102910579,-0.729970510066736,-0.692640747992788
schedule_1,schedule_1/1613933123_79.csv,100,0.692425184646138,0.683722819733078,-0.49599346703719,-0.508284588057459
schedule_1,schedule_1/1613933316_63.csv,100,0.601844334127003,0.587239684665418,-0.698527120807657,-0.715067294378671
schedule_1,schedule_1/1613933363_8.csv,100,0.581388396323427,0.578641780667045,-0.714653423722132,-0.710645947331673
schedule_1,schedule_1/1613933644_44.csv,100,0.76841425864619,0.77421970094233,-0.424258094420978,-0.416945063898518
schedule_1,schedule_1/1613933853_3.csv,100,0.698342594158369,0.689595688675917,-0.484327339447291,-0.500593788064904
schedule_1,schedule_1/1613934331_57.csv,100,0.561489470704587,0.570187814127819,-0.866032207889435,-0.850756888347279
schedule_1,schedule_1/1613934354_59.csv,100,0.539298098586046,0.545064649175049,-0.922904823378982,-0.924740744630447
schedule_1,schedule_1/1613934573_2.csv,100,0.67920762960824,0.664848361853466,-0.559435224935694,-0.580559563766692
schedule_1,schedule_1/1613934587_14.csv,100,0.630323909400321,0.635934588937731,-0.659295425900103,-0.65630244810475
schedule_1,schedule_1/1613934849_52.csv,100,0.550895407608084,0.562458167797773,-0.88217831161633,-0.852629200948706
schedule_1,schedule_1/1613934927_33.csv,100,0.676018490342895,0.673123716281805,-0.520527597065312,-0.508138897206347
schedule_1,schedule_1/1613935022_74.csv,100,0.640080673898242,0.642888279903308,-0.626449822528497,-0.619749931406812
schedule_1,schedule_1/1613935173_13.csv,100,0.748595956149145,0.760191047622438,-0.419245693966445,-0.400697467619603
schedule_1,schedule_1/1613936170_62.csv,100,0.570771456925946,0.565044869743503,-0.810117414068509,-0.810558149202254
schedule_1,schedule_1/1613936453_9.csv,100,0.666772329825768,0.664037970643303,-0.620415994184418,-0.621303470175271
schedule_1,schedule_1/1613936628_47.csv,100,0.64777182420633,0.630189682213429,-0.606098704827284,-0.641258746208501
schedule_1,schedule_1/1613936995_41.csv,100,0.662809065398013,0.662325843691097,-0.557562160661872,-0.551152167684298
schedule_1,schedule_1/1613937288_67.csv,100,0.631656059895174,0.634555654459043,-0.634149221361133,-0.626487201607767
schedule_1,schedule_1/1613937343_18.csv,100,0.478336922520685,0.486935456400544,-1.01579060013479,-0.995034589969191
schedule_1,schedule_1/1613938256_72.csv,100,0.655532446353726,0.653433195640883,-0.629018812978002,-0.627684600657284
schedule_1,schedule_1/1613939009_34.csv,100,0.564178320820943,0.561388560285669,-0.792866354428299,-0.778477682876376
schedule_1,schedule_1/1613939178_75.csv,100,0.549219536375524,0.560652340879288,-0.81185042192993,-0.779282779329079
schedule_1,schedule_1/1613939520_20.csv,100,0.590178259981312,0.587330826878175,-0.691888648831341,-0.685599022756027
schedule_1,schedule_1/1613939582_49.csv,100,0.58443524146268,0.593178276760735,-0.802077856071385,-0.774272635871322
schedule_1,schedule_1/1613939809_61.csv,100,0.586258021933457,0.600672002274268,-0.792787104306097,-0.760285175655105
schedule_1,schedule_1/1613940017_71.csv,100,0.680861642864702,0.689438984061891,-0.515049411509249,-0.499553397380293
schedule_1,schedule_1/1613940734_67.csv,100,0.656034702155299,0.633605222371338,-0.622520748740976,-0.650040355475272
schedule_1,schedule_1/1613940772_94.csv,100,0.649390662755028,0.646419371241994,-0.674954393034917,-0.675924204773873
schedule_1,schedule_1/1613941475_76.csv,100,0.455823245785934,0.464519385869021,-1.13561070123825,-1.09860341339519
schedule_1,schedule_1/1613941663_42.csv,100,0.674222749978816,0.685992065333553,-0.6176636035489,-0.590648340111878
schedule_1,schedule_1/1613942080_9.csv,100,0.636245141037232,0.618866469935451,-0.580400557616742,-0.607021110248429
schedule_1,schedule_1/1613942431_98.csv,100,0.673922052425185,0.671328034839687,-0.58760061261582,-0.57613790232362
schedule_1,schedule_1/1613942885_75.csv,100,0.459412380306542,0.456303009742011,-1.02798100980682,-1.03436691094007
schedule_1,schedule_1/1613943127_8.csv,100,0.610174746447857,0.62695967942885,-0.718698473522664,-0.679823455239807
schedule_1,schedule_1/1613943464_84.csv,100,0.603993041750687,0.615602221024713,-0.726330099313589,-0.707414757232708
schedule_1,schedule_1/1613943538_45.csv,100,0.402502102033918,0.419985462551193,-1.23088396270483,-1.16839029106472
schedule_1,schedule_1/1613943901_46.csv,100,0.537454299783928,0.55805479903056,-0.887112594239051,-0.827250072893185
schedule_1,schedule_1/1613944031_55.csv,100,0.65366811108825,0.645212198608402,-0.619538034377751,-0.634665974855564
schedule_1,schedule_1/1613944206_57.csv,100,0.75261438008021,0.755618956551407,-0.40044413727178,-0.392768041062098
schedule_1,schedule_1/1613944260_22.csv,100,0.588222116909219,0.594037524771337,-0.761570460044749,-0.742008717781867
schedule_1,schedule_1/1613944529_29.csv,100,0.649934583801992,0.667353477834108,-0.683960957098233,-0.651353725975734
schedule_1,schedule_1/1613944588_94.csv,100,0.306621263791178,0.302313134701564,-1.51082490627922,-1.53700604094662
schedule_1,schedule_1/1613944951_23.csv,100,0.688125198502441,0.699947105195481,-0.534484953424269,-0.502729395804235
schedule_1,schedule_1/1613945872_25.csv,100,0.576850422926095,0.568146342363975,-0.713969957446078,-0.727684159640963
schedule_1,schedule_1/1613945894_65.csv,100,0.530978822993197,0.533880184193994,-0.931433812250288,-0.924867014817161
schedule_1,schedule_1/1613946337_49.csv,100,0.445305911297409,0.448205911274396,-1.00010288513587,-0.988010043047348
schedule_1,schedule_1/1613946406_85.csv,100,0.572242189162467,0.580894106635404,-0.79797083341069,-0.774399701373504
schedule_1,schedule_1/1613946566_68.csv,100,0.57096916925194,0.585588572283536,-0.797350669785485,-0.761796231946031
schedule_1,schedule_1/1613946714_47.csv,100,0.729764409769874,0.738352400919833,-0.425217860121351,-0.415109942150709
schedule_1,schedule_1/1613948066_7.csv,100,0.741937661630262,0.739082656466323,-0.440034293329464,-0.445541136447666
schedule_1,schedule_1/1613948115_25.csv,100,0.634574821563575,0.643136751061601,-0.634536058720921,-0.608381431270269
schedule_1,schedule_1/1613948512_34.csv,100,0.684152054342961,0.695785517851256,-0.541083444324297,-0.512227492087247
schedule_1,schedule_1/1613948790_87.csv,100,0.527032022203369,0.529715080231204,-0.903334491672903,-0.892673820355844
schedule_1,schedule_1/1613949229_67.csv,100,0.603003679987344,0.585734344107154,-0.749521212179911,-0.801725736512888
schedule_1,schedule_1/1613949273_67.csv,100,0.58761684772924,0.608229875141874,-0.772424462514965,-0.720410352116824
schedule_1,schedule_1/1613949432_2.csv,100,0.671613850233594,0.682783357841507,-0.541689679580586,-0.512860841008617
schedule_1,schedule_1/1613949525_5.csv,100,0.797550154017154,0.809287067906433,-0.316414887611705,-0.297038654923099
schedule_1,schedule_1/1613949940_63.csv,100,0.703750397516531,0.706701736977723,-0.511425770534173,-0.504787676882496
schedule_1,schedule_1/1613949945_98.csv,100,0.662872779465423,0.680195748509,-0.641865350891371,-0.610558084085711
schedule_1,schedule_1/1613950373_86.csv,100,0.774818259012746,0.763332532809969,-0.347227798182806,-0.365539288857981
schedule_1,schedule_1/1613950430_28.csv,100,0.632562146272979,0.61771989157563,-0.594007198127294,-0.606022325990972
schedule_1,schedule_1/1613951094_74.csv,100,0.716302123396862,0.715442379863215,-0.462566642820857,-0.457160898908427
schedule_1,schedule_1/1613951159_61.csv,100,0.678426235926835,0.687001047267936,-0.560413887404304,-0.534008642214092
schedule_1,schedule_1/1613951857_86.csv,100,0.740558415832534,0.740519726123858,-0.429936110099774,-0.432337166106565
schedule_1,schedule_1/1613952120_32.csv,100,0.621511137214223,0.621576141527531,-0.654664007185589,-0.645738441808266
schedule_1,schedule_1/1613952465_47.csv,100,0.641843346342539,0.639562201220565,-0.65595757945125,-0.657371813407739
schedule_1,schedule_1/1613952675_72.csv,100,0.755075496810338,0.763780188884897,-0.433831532182459,-0.42278769106831
schedule_1,schedule_1/1613953583_78.csv,100,0.625073393772853,0.648783749616114,-0.705803748464283,-0.651761528149887
schedule_1,schedule_1/1613953635_74.csv,100,0.652874543542984,0.662002719233475,-0.640956623649998,-0.611957831686284
schedule_1,schedule_1/1613954278_57.csv,100,0.706230164771295,0.714926870813896,-0.507312740451022,-0.49729048064236
schedule_1,schedule_1/1613954586_25.csv,100,0.66940004478174,0.678145781822695,-0.585095168843718,-0.564294519652486
schedule_1,schedule_1/1613954615_39.csv,100,0.643206292413337,0.64645664901581,-0.662857721675596,-0.638734425582877
schedule_1,schedule_1/1613954720_56.csv,100,0.736159503203976,0.733308134634028,-0.426185483796914,-0.428658689825628
schedule_1,schedule_1/1613955125_76.csv,100,0.827785841378519,0.839389501900541,-0.256957823655107,-0.24208654856295
schedule_1,schedule_1/1613955901_76.csv,100,0.651272412607135,0.645473401932469,-0.64163375792728,-0.644499287627843
schedule_1,schedule_1/1613955951_13.csv,100,0.722575370824707,0.73416503541236,-0.500943694899566,-0.48115299492597
schedule_1,schedule_1/1613956059_19.csv,100,0.67026025992582,0.670379201724947,-0.599765091625867,-0.596894527153333
schedule_1,schedule_1/1613956263_63.csv,100,0.621827609050007,0.621392978438333,-0.685716443781747,-0.68764026170726
schedule_1,schedule_1/1613956672_54.csv,100,0.621130910625665,0.618306739766594,-0.716228006062641,-0.7156441735916
schedule_1,schedule_1/1613956775_24.csv,100,0.611796966160243,0.61754621266584,-0.753650763757054,-0.742326293145672
schedule_1,schedule_1/1613957072_91.csv,100,0.680280961511216,0.671420219498663,-0.518889945871196,-0.523253884467915
schedule_1,schedule_1/1613957955_79.csv,100,0.56766484085125,0.570427845192452,-0.797117026389656,-0.795184172469428
schedule_1,schedule_1/1613958546_45.csv,100,0.714272190039862,0.728801395214149,-0.510852751789569,-0.486610604627714
schedule_1,schedule_1/1613958680_35.csv,100,0.720434652409866,0.70309787914738,-0.425545499991924,-0.44309454260404
schedule_1,schedule_1/1613959137_37.csv,100,0.585726757015424,0.60310025915246,-0.740203600318112,-0.686082611227872
schedule_1,schedule_1/1613959174_72.csv,100,0.591924222257611,0.59191191992306,-0.736274655034544,-0.731685440556769
schedule_1,schedule_1/1613959525_17.csv,100,0.620176657844453,0.62882956207196,-0.681432190388279,-0.656836413393002
schedule_1,schedule_1/1613959554_45.csv,100,0.561343459134296,0.575920312398911,-0.777247792657502,-0.732685142124829
schedule_1,schedule_1/1613960585_39.csv,100,0.640022983063505,0.634171579637384,-0.613438834073878,-0.613647373531999
schedule_1,schedule_1/1613960886_98.csv,100,0.506127190796636,0.511926965940426,-0.958915976892453,-0.93622136022291
schedule_1,schedule_1/1613961162_43.csv,100,0.642221748295756,0.639435888148336,-0.667116722748756,-0.687887475977401
schedule_1,schedule_1/1613962392_64.csv,100,0.756195113038803,0.736129271413911,-0.376423635271826,-0.421089941263783
schedule_1,schedule_1/1613962749_5.csv,100,0.659043871203384,0.644718059614377,-0.58657239555057,-0.598226618460914
schedule_1,schedule_1/1613962896_81.csv,100,0.665475895635982,0.668379712954443,-0.581197970728687,-0.57757962088143
schedule_1,schedule_1/1613963688_82.csv,100,0.552018310928314,0.560797881498521,-0.807557240773925,-0.756632536741654
schedule_1,schedule_1/1613963740_63.csv,100,0.692915742384958,0.6671887579986,-0.515046456643545,-0.569229094199551
schedule_1,schedule_1/1613964489_34.csv,100,0.640173512923887,0.651545446983971,-0.673769021121197,-0.647531998721346
schedule_1,schedule_1/1613964528_72.csv,100,0.530816802177051,0.536480286657018,-0.833277268436429,-0.817819488927657
schedule_1,schedule_1/1613965372_29.csv,100,0.672360403562185,0.68682803150789,-0.587693176334863,-0.559393940948607
schedule_1,schedule_1/1613965698_9.csv,100,0.710021489378501,0.710008184211388,-0.478556431619702,-0.482839065100022
schedule_1,schedule_1/1613966356_90.csv,100,0.673117797420625,0.690603504635109,-0.572671859696162,-0.511484986914851
schedule_1,schedule_1/1613966648_32.csv,100,0.693922751787081,0.705417814861305,-0.529418316412566,-0.51016250550946
schedule_1,schedule_1/1613968039_15.csv,100,0.597981899751495,0.596116362277527,-0.740255612969742,-0.726660838106543
schedule_1,schedule_1/1613969343_27.csv,100,0.683981388434977,0.663596098354655,-0.534803537204602,-0.555104065132664
schedule_1,schedule_1/1613969540_62.csv,100,0.65973146835173,0.642313512380479,-0.548689629758454,-0.574438190925296
schedule_1,schedule_1/1613969919_44.csv,100,0.616496540975155,0.628469051272973,-0.736510423304167,-0.716481176045664
schedule_1,schedule_1/1613970255_70.csv,100,0.679251585053333,0.676473370858626,-0.576623056774323,-0.58361536676132
schedule_1,schedule_1/1613971551_11.csv,100,0.561137353612699,0.575671135349054,-0.833682058315762,-0.787084024161115
schedule_1,schedule_1/1613972420_84.csv,100,0.784308314896768,0.778504845958374,-0.325586185932957,-0.337579878515375
schedule_1,schedule_1/1613972878_41.csv,100,0.724912510438049,0.722091011535009,-0.478703154488765,-0.47890690234994
schedule_1,schedule_1/1613973122_40.csv,100,0.72516217436863,0.739583218856039,-0.455594498455981,-0.422865658839913
schedule_1,schedule_1/1613973892_40.csv,100,0.604021815958452,0.601284651356332,-0.717182516093217,-0.71316167454541
schedule_1,schedule_1/1613975435_48.csv,100,0.629589829897664,0.632459771302623,-0.677071615212655,-0.663526703919317
schedule_1,schedule_1/1613976104_75.csv,100,0.48670587370577,0.506744530077576,-1.0431536979621,-0.980659791887879
schedule_1,schedule_1/1613977227_24.csv,100,0.654245368510221,0.657521459165622,-0.63782372154284,-0.62297539686123
schedule_1,schedule_1/1613978710_25.csv,100,0.725198576653035,0.708037598762943,-0.439711203433713,-0.469449635601616
schedule_1,schedule_1/1613980879_52.csv,100,0.51397186119615,0.531341724204019,-0.954617133854903,-0.921613161641986
schedule_1,schedule_1/1613983565_59.csv,100,0.722388231311459,0.736630474933197,-0.434348214078579,-0.40617221940105
schedule_1,schedule_1/1613984067_80.csv,100,0.638375974872055,0.652914205469787,-0.657497540396312,-0.627667460609841
schedule_1,schedule_1/1613984703_42.csv,100,0.672027871776894,0.674991291089573,-0.60919890334299,-0.592126993377152
schedule_1,schedule_1/1613984715_89.csv,100,0.676280674184983,0.693407972504819,-0.554072345711774,-0.510082029957278
schedule_1,schedule_1/1613989734_58.csv,100,0.606001243815132,0.609808554894803,-0.62135037584185,-0.603908634129454
schedule_1,schedule_1/1613991345_16.csv,100,0.48679097819302,0.492617484555291,-1.07414018263402,-1.06913117209251
schedule_1,schedule_1/1613991377_88.csv,100,0.523737433554926,0.529535724797494,-0.916366644031474,-0.904048704378245
schedule_1,schedule_1/1613994742_78.csv,100,0.819708044179207,0.81103227324372,-0.246217691988679,-0.260337671079566
schedule_1,schedule_1/1613996030_34.csv,100,0.344887087606789,0.350587097304707,-1.25308297263678,-1.23683775867961
schedule_1,schedule_1/1613997913_24.csv,100,0.663972946419634,0.655275128704259,-0.603574115210397,-0.619317770899981
schedule_1,schedule_1/1613998221_31.csv,100,0.582189796182732,0.587990739033342,-0.792688890319544,-0.756798234397732
schedule_1,schedule_1/1613998698_14.csv,100,0.695444846290963,0.686814941242622,-0.529991173037086,-0.535817983935001
schedule_1,schedule_1/1613999092_45.csv,100,0.535946197794425,0.544578753516191,-0.815188859679614,-0.78033027439067
schedule_1,schedule_1/1614000708_52.csv,100,0.784825859686325,0.796420340491591,-0.366184165106306,-0.351525896345483
schedule_1,schedule_1/1614001003_78.csv,100,0.528166538300386,0.531273521801441,-0.929133289145529,-0.912720043335438
schedule_1,schedule_1/1614001038_55.csv,100,0.691330518724939,0.688592494525977,-0.522028305456259,-0.517469705463569
schedule_1,schedule_1/1614001459_36.csv,100,0.640520323707534,0.649399389067738,-0.651139460890106,-0.615516248982439
schedule_1,schedule_1/1614001833_64.csv,100,0.612810398415507,0.612884936705898,-0.654238608813556,-0.634451293412788
schedule_1,schedule_1/1614002662_22.csv,100,0.615965687862302,0.607610932650473,-0.698931751808872,-0.676154851596744
schedule_1,schedule_1/1614002692_28.csv,100,0.769845966680955,0.77274644049309,-0.387864181136829,-0.381061001425784
schedule_1,schedule_1/1614003721_2.csv,100,0.682519105529288,0.673850722525987,-0.570958841479923,-0.584733165719667
schedule_1,schedule_1/1614004252_81.csv,100,0.685479538363239,0.682801749104791,-0.577525810427567,-0.577558904641115
schedule_1,schedule_1/1614005687_8.csv,100,0.641696245189245,0.615845192746502,-0.628201704584698,-0.68646161624573
schedule_1,schedule_1/1614005759_89.csv,100,0.642931870288683,0.648518013035444,-0.607371250919853,-0.578250650731056
schedule_1,schedule_1/1614006852_51.csv,100,0.736905928887653,0.751381761485486,-0.464332529306038,-0.441060754604097
schedule_1,schedule_1/1614008251_47.csv,100,0.779236129532773,0.770409346366312,-0.35896373519923,-0.371648042847637
schedule_1,schedule_1/1614008900_37.csv,100,0.666028486508749,0.663127348433188,-0.556809854380134,-0.558095608145419
schedule_1,schedule_1/1614011752_33.csv,100,0.747835406390996,0.74808244480941,-0.42444326574351,-0.427733345069135
schedule_1,schedule_1/1614011974_26.csv,100,0.706331619236812,0.703386383473121,-0.488524919508474,-0.493964901868788
schedule_1,schedule_1/1614012589_33.csv,100,0.61344636066451,0.613485813283313,-0.724950208232264,-0.733677240643292
schedule_1,schedule_1/1614013771_5.csv,100,0.620537987786352,0.614729340052269,-0.643777122608223,-0.635954600647116
schedule_1,schedule_1/1614013962_46.csv,100,0.658694906506129,0.661594577792174,-0.616937301659685,-0.610091313452759
schedule_1,schedule_1/1614014826_48.csv,100,0.625082692019728,0.619285268274928,-0.661161917122038,-0.664224464375203
schedule_1,schedule_1/1614015541_26.csv,100,0.619521889772663,0.630735137228335,-0.633001795259781,-0.579749240382697
schedule_1,schedule_1/1614016605_62.csv,100,0.464475987919031,0.478069661290672,-1.06780838834949,-1.03324115412395
schedule_1,schedule_1/1614016903_39.csv,100,0.517578683297153,0.532262468657595,-0.926640142598462,-0.873922555975868
schedule_1,schedule_1/1614018012_93.csv,100,0.70358570511798,0.700834252504381,-0.5185263129342,-0.519660116022797
schedule_1,schedule_1/1614018790_60.csv,100,0.587888867416097,0.605071956555701,-0.789257784923948,-0.748139757963222
schedule_1,schedule_1/1614020320_88.csv,100,0.5376001108626,0.540500485563614,-0.862771062147815,-0.859135741616975
schedule_1,schedule_1/1614020471_96.csv,100,0.675078995925105,0.67210466867176,-0.570162727138793,-0.573314205789513
schedule_1,schedule_1/1614022554_87.csv,100,0.696321677996459,0.681756007679718,-0.521086702899069,-0.543296458312096
schedule_1,schedule_1/1614025118_49.csv,100,0.678955585776889,0.655727559476955,-0.512835251735881,-0.547194191690053
schedule_1,schedule_1/1614025170_74.csv,100,0.801247453613613,0.818652674619009,-0.324624071757098,-0.30245392469026
schedule_1,schedule_1/1614027992_2.csv,100,0.566786127900558,0.587242808206024,-0.84738207902752,-0.795313105382403
schedule_1,schedule_1/1614028043_11.csv,100,0.651913834797109,0.652965542510025,-0.610697580412274,-0.606585154075643
schedule_1,schedule_1/1614029752_10.csv,100,0.671307627157534,0.651137310543522,-0.558157850218524,-0.587406999146177
schedule_1,schedule_1/1614032094_54.csv,100,0.665028960052827,0.665218289371053,-0.599896969739045,-0.610217550125467
schedule_1,schedule_1/1614032575_10.csv,100,0.631280525358901,0.634096934938471,-0.620014781456715,-0.613082137302426
schedule_1,schedule_1/1614033957_36.csv,100,0.666352758285966,0.668887192292637,-0.61063122003724,-0.616864032552754
schedule_1,schedule_1/1614035068_13.csv,100,0.634212021475873,0.62260920492981,-0.629509402566724,-0.647954185578641
schedule_1,schedule_1/1614038756_19.csv,100,0.79452196910282,0.806128159842413,-0.3349961687658,-0.320263508005462
schedule_1,schedule_1/1614044629_35.csv,100,0.527707584176003,0.533527734415502,-0.866177572956536,-0.844072215755849
schedule_1,schedule_1/1614044906_29.csv,100,0.697034939161015,0.67858496103383,-0.528461023072981,-0.537467359196433
schedule_1,schedule_1/1614045729_79.csv,100,0.685004026777992,0.690661129615194,-0.540274856480718,-0.527484721596857
schedule_1,schedule_1/1614047069_36.csv,100,0.417027282958031,0.414106100498724,-1.13455936227519,-1.13927547873101
schedule_1,schedule_1/1614048623_3.csv,100,0.623165951858057,0.619859989844885,-0.706685005098675,-0.710309606423455
schedule_1,schedule_1/1614049133_37.csv,100,0.525215234094596,0.522210448296071,-0.842390716097897,-0.836410586846382
schedule_1,schedule_1/1614052305_90.csv,100,0.660187301334825,0.669952749598197,-0.605933992599124,-0.568189236010539
schedule_1,schedule_1/1614058246_77.csv,100,0.623954844368295,0.615302112471445,-0.63905167603979,-0.647637168526661
schedule_1,schedule_1/1614060017_45.csv,100,0.575647005015786,0.581409295918898,-0.730265823037603,-0.717883197104999
schedule_1,schedule_1/1614088889_95.csv,100,0.58942555597512,0.592324087145692,-0.689710941475431,-0.681271304455947
schedule_1,schedule_1/1614088954_50.csv,100,0.645514413856545,0.651318903879993,-0.644041793373958,-0.62850664720054
schedule_1,schedule_1/1614089284_66.csv,100,0.689064870510467,0.696212369558597,-0.532185452070867,-0.501899150858104
schedule_1,schedule_1/1614089322_19.csv,100,0.653245110627357,0.647584740313671,-0.591949261068342,-0.589282517026179
schedule_1,schedule_1/1614089846_46.csv,100,0.594464556540601,0.600673537021017,-0.721065658360856,-0.713378855618356
schedule_1,schedule_1/1614090152_25.csv,100,0.642624040078014,0.636880151342029,-0.636827725805709,-0.641095538469655
schedule_1,schedule_1/1614090824_17.csv,100,0.596676761191665,0.608240937748884,-0.757374212162575,-0.733096648323454
schedule_1,schedule_1/1614090874_80.csv,100,0.747239450831281,0.753084361701457,-0.44576566180236,-0.425302735739169
schedule_1,schedule_1/1614091997_15.csv,100,0.636069890141845,0.644676169544072,-0.686495876789521,-0.684190876894255
schedule_1,schedule_1/1614092501_95.csv,100,0.696399934136965,0.673435127522436,-0.509531651577173,-0.546200812446573
schedule_2,schedule_2/1590419463_8.csv,100,0.646167771895064,0.654858637137739,-0.64938918360114,-0.639037273696104
schedule_2,schedule_2/1590419470_61.csv,100,0.524342872634192,0.530776042320765,-0.871699445553823,-0.849130524409126
schedule_2,schedule_2/1590419477_51.csv,100,0.615209794584286,0.632505075873719,-0.695415994101025,-0.659002919778956
schedule_2,schedule_2/1590419486_14.csv,100,0.652000823457365,0.66649726684165,-0.619139035990273,-0.601461212813596
schedule_2,schedule_2/1590419494_67.csv,100,0.52279728937708,0.534375156527967,-0.897992462878174,-0.882513002077142
schedule_2,schedule_2/1590419506_68.csv,100,0.43147464298357,0.440272927922758,-1.08182792566793,-1.05698932863429
schedule_2,schedule_2/1590419537_42.csv,100,0.553132698589447,0.567510214500323,-0.824079920924923,-0.791481643512802
schedule_2,schedule_2/1590419649_7.csv,100,0.543148144713749,0.554698141181072,-0.916268989358698,-0.896719385144096
schedule_2,schedule_2/1590419705_92.csv,100,0.43813428045191,0.434628103285267,-1.1142117138909,-1.12499003485739
schedule_2,schedule_2/1590419780_16.csv,100,0.743493294224982,0.766676946932155,-0.419703911878451,-0.389822336324414
schedule_2,schedule_2/1590420268_34.csv,100,0.522502347319574,0.52248948601345,-0.870132487831271,-0.877814587198887
schedule_2,schedule_2/1590420815_76.csv,100,0.546172543487632,0.554582810616522,-0.804447341876296,-0.785926584983196
schedule_2,schedule_2/1590420949_7.csv,100,0.370407361748016,0.370201341574465,-1.17847816751117,-1.17443110724664
schedule_2,schedule_2/1590421709_45.csv,100,0.392049498195873,0.383375856795852,-1.16879626676691,-1.19969779493643
schedule_2,schedule_2/1590423131_52.csv,100,0.578273107911187,0.571470429331976,-0.720935737761891,-0.758121580103384
schedule_2,schedule_2/1590423436_9.csv,100,0.547651016538948,0.56213060839857,-0.787150087375159,-0.75869649530013
schedule_2,schedule_2/1609192754_17.csv,100,0.665574362577179,0.674264626839583,-0.598260485631618,-0.587999886307908
schedule_2,schedule_2/1609192756_28.csv,100,0.499760055596888,0.516965932883239,-0.950736647197415,-0.901853228244651
schedule_2,schedule_2/1609192797_20.csv,100,0.628029791999662,0.650792326149746,-0.700046161044454,-0.656322899539825
schedule_2,schedule_2/1609192817_16.csv,100,0.743394674604384,0.763683893701961,-0.39439141283207,-0.369224067280161
schedule_2,schedule_2/1609192834_57.csv,100,0.574919174284291,0.585570350906248,-0.736092344421191,-0.709293711247348
schedule_2,schedule_2/1609192848_83.csv,100,0.675558608137143,0.693134441663055,-0.545990334696712,-0.514364893391649
schedule_2,schedule_2/1609192869_93.csv,100,0.771570651898619,0.797674462042227,-0.361739380894903,-0.328188412931771
schedule_2,schedule_2/1609192897_29.csv,100,0.647973413691303,0.650974031372639,-0.581064484890364,-0.582802503608953
schedule_2,schedule_2/1609192932_31.csv,100,0.488869477319371,0.488873881320069,-0.886106523194322,-0.8824161650025
schedule_2,schedule_2/1609192953_93.csv,100,0.576121842559618,0.573282057576964,-0.765539690485278,-0.765259233899765
schedule_2,schedule_2/1609193003_56.csv,100,0.568445861430043,0.58019051442939,-0.813204827959585,-0.788332963166654
schedule_2,schedule_2/1609193099_30.csv,100,0.7023485492862,0.722215954030322,-0.464372201499056,-0.440998792872052
schedule_2,schedule_2/1609431223_72.csv,100,0.493150972929932,0.498961762324398,-0.935517627047528,-0.922089019317579
schedule_2,schedule_2/1609431966_57.csv,100,0.789474072944486,0.812663046910677,-0.319676623051781,-0.289834619244467
schedule_2,schedule_2/1609435262_33.csv,100,0.805809984284096,0.82311437564017,-0.247785882662131,-0.225978914609408
schedule_2,schedule_2/1609444030_22.csv,100,0.726058381175575,0.734687097937341,-0.396351758283522,-0.386367277930209
schedule_2,schedule_2/1609444084_32.csv,100,0.660676987596627,0.658213606733902,-0.626227296852866,-0.630347815258886
schedule_2,schedule_2/1609444096_62.csv,100,0.792540011638628,0.815740371059008,-0.297833761173672,-0.268007630264855
schedule_2,schedule_2/1609444150_100.csv,100,0.475787653959357,0.481577437265864,-0.99509538244228,-0.982057290351161
schedule_2,schedule_2/1609444205_31.csv,100,0.41280593685709,0.415686316695345,-1.0622245411323,-1.06140096258666
schedule_2,schedule_2/1609444368_28.csv,100,0.602565359324413,0.62575978434368,-0.675687410086743,-0.626826207231455
schedule_2,schedule_2/1609444883_83.csv,100,0.502726701844568,0.510927484848411,-0.931631433344795,-0.909424204734099
schedule_2,schedule_2/1609445311_41.csv,100,0.636960180918938,0.63431590329985,-0.584349097616207,-0.584415659787462
schedule_2,schedule_2/1609451364_59.csv,100,0.608846626205141,0.629140760888543,-0.707827101674794,-0.671202541823689
schedule_2,schedule_2/1609523535_30.csv,100,0.583933018437048,0.583889089848899,-0.764541126206771,-0.767521211194024
schedule_2,schedule_2/1609523614_27.csv,100,0.406009446515914,0.408905056313713,-1.15898336654574,-1.15031032841485
schedule_2,schedule_2/1609523693_53.csv,100,0.495092197757113,0.503803123752652,-0.964687667439277,-0.951847926398196
schedule_2,schedule_2/1609524263_81.csv,100,0.512435839701043,0.512426613115804,-0.80511382960318,-0.795086753106158
schedule_2,schedule_2/1609524876_1.csv,100,0.505155592565871,0.527695947836017,-0.959438549350198,-0.929305209379358
schedule_2,schedule_2/1609525426_6.csv,100,0.756811107859748,0.776819369088073,-0.393410058956472,-0.366837242197763
schedule_2,schedule_2/1609526274_33.csv,100,0.689104688062698,0.701938919575633,-0.498924490800418,-0.480357906559594
schedule_2,schedule_2/1609527333_7.csv,100,0.584431688697024,0.600674067491393,-0.677988936704971,-0.645992482577467
schedule_2,schedule_2/1609527824_99.csv,100,0.614341838561116,0.62034135967304,-0.670419895547577,-0.651368548665006
schedule_2,schedule_2/1609702145_7.csv,100,0.54096552674437,0.552609142867323,-0.825307485050444,-0.800693809903453
schedule_2,schedule_2/1609702174_68.csv,100,0.571732783698847,0.577436239101445,-0.791850510270214,-0.784120464322798
schedule_2,schedule_2/1609702203_97.csv,100,0.618520227792079,0.6185036779822,-0.671442811874928,-0.674298827144232
schedule_2,schedule_2/1609702229_47.csv,100,0.621092881611411,0.638031849547558,-0.646645489119234,-0.614690356273347
schedule_2,schedule_2/1609702250_5.csv,100,0.687720256511624,0.70775874365491,-0.487704374985828,-0.456738751073835
schedule_2,schedule_2/1609702264_10.csv,100,0.643085504708298,0.66884680517314,-0.553782204621106,-0.511532330659006
schedule_2,schedule_2/1609702295_79.csv,100,0.582405197629127,0.585297018097321,-0.68985091273974,-0.686624124342292
schedule_2,schedule_2/1609702314_49.csv,100,0.580418686004697,0.591998382065029,-0.77578681530042,-0.756017521736357
schedule_2,schedule_2/1609702322_29.csv,100,0.718919666679911,0.744989619152404,-0.457787860768768,-0.424025046528347
schedule_2,schedule_2/1609702399_83.csv,100,0.554467766886221,0.574788354175845,-0.823670489265984,-0.792400907313156
schedule_2,schedule_2/1609702522_34.csv,100,0.704430062970322,0.70483014466584,-0.467468769244127,-0.491526873465865
schedule_2,schedule_2/1609704285_30.csv,100,0.496561639713094,0.493661418609119,-0.854766683140992,-0.859424860903268
schedule_2,schedule_2/1609798863_66.csv,100,0.781613021326621,0.810615006578554,-0.338167496413019,-0.300889143310611
schedule_2,schedule_2/1609798883_44.csv,100,0.712373272045369,0.731925865406205,-0.469617878933885,-0.435519464009815
schedule_2,schedule_2/1609798887_98.csv,100,0.560618998767997,0.56636090350153,-0.763316081124587,-0.752197971393058
schedule_2,schedule_2/1609798896_11.csv,100,0.73301711240196,0.756213311065605,-0.430572570675,-0.396205224601902
schedule_2,schedule_2/1609798905_84.csv,100,0.595011523654061,0.603645025674128,-0.781096957387529,-0.75989333056504
schedule_2,schedule_2/1609798923_84.csv,100,0.581064202330007,0.595693871533732,-0.65649305351751,-0.624096716966782
schedule_2,schedule_2/1609798944_31.csv,100,0.592341286585592,0.609305152904068,-0.719166548625912,-0.68229427132294
schedule_2,schedule_2/1609798945_94.csv,100,0.648486574558345,0.660059881495118,-0.613813675038489,-0.598770214184607
schedule_2,schedule_2/1609798966_58.csv,100,0.703046809990496,0.729260850908344,-0.521098663014373,-0.482693351582313
schedule_2,schedule_2/1609798994_65.csv,100,0.653912833400091,0.665503869702796,-0.599689783303447,-0.585760978127797
schedule_2,schedule_2/1609799057_35.csv,100,0.79378453224596,0.802839673725923,-0.314764297470813,-0.304211207472482
schedule_2,schedule_2/1609799204_47.csv,100,0.635244749032412,0.646854600002787,-0.545106097614075,-0.532102960953696
schedule_2,schedule_2/1609799222_97.csv,100,0.656459947065305,0.67094282499788,-0.630879819368828,-0.613165971442555
schedule_2,schedule_2/1609799577_38.csv,100,0.577347606815192,0.577342611741657,-0.686347100226958,-0.687330327269135
schedule_2,schedule_2/1609800311_64.csv,100,0.536641952345285,0.542564266770594,-0.811665383004616,-0.799002176337419
schedule_2,schedule_2/1609802553_72.csv,100,0.622302791448997,0.631136132057345,-0.583651649799048,-0.558402982522302
schedule_2,schedule_2/1609806616_90.csv,100,0.653939153580924,0.668414073612252,-0.62623203624321,-0.607712059062057
schedule_2,schedule_2/1609859365_83.csv,100,0.487582193454405,0.499454561040327,-0.962125130728534,-0.918926932936283
schedule_2,schedule_2/1609859388_36.csv,100,0.74812722101561,0.77132125713641,-0.404064985465114,-0.375141567170184
schedule_2,schedule_2/1609859434_77.csv,100,0.588790735511664,0.585556081200193,-0.712232775356263,-0.73197988420212
schedule_2,schedule_2/1609859460_15.csv,100,0.428778203038407,0.434516258222857,-1.0767418448822,-1.05344963656297
schedule_2,schedule_2/1609859531_30.csv,100,0.726994235957266,0.73855869471546,-0.396002749903475,-0.384008200048105
schedule_2,schedule_2/1609859552_35.csv,100,0.493969402601214,0.511354780937525,-0.862251081736242,-0.821800716300757
schedule_2,schedule_2/1609859705_64.csv,100,0.473992244611882,0.48257953529494,-0.964030482908361,-0.953878413962818
schedule_2,schedule_2/1609859999_89.csv,100,0.523381768402843,0.52046430339434,-0.863165624240406,-0.867148252761782
schedule_2,schedule_2/1609860152_63.csv,100,0.514247111494919,0.516553915610514,-0.878227581462628,-0.875010092385275
schedule_2,schedule_2/1609860282_53.csv,100,0.599738605545354,0.622782848253142,-0.756199884221031,-0.72145622795043
schedule_2,schedule_2/1609860303_90.csv,100,0.356388192828454,0.356376139875197,-1.29775379942293,-1.29839813544403
schedule_2,schedule_2/1609860597_86.csv,100,0.623292705695494,0.632157933952172,-0.671403524472225,-0.67699956272546
schedule_2,schedule_2/1609860700_25.csv,100,0.462663982797108,0.46463497717117,-1.07330990962388,-1.08691668165967
schedule_2,schedule_2/1609861369_40.csv,100,0.741888929545319,0.773790990766957,-0.418804770088574,-0.377732173530079
schedule_2,schedule_2/1609862087_56.csv,100,0.522341214082144,0.539868818884142,-0.819667014023834,-0.776969579400403
schedule_2,schedule_2/1609862921_42.csv,100,0.544703855669988,0.556275899325566,-0.812868966036829,-0.788998718583846
schedule_2,schedule_2/1609862938_40.csv,100,0.455585548651122,0.449774052834072,-1.01974659517675,-1.06373562661473
schedule_2,schedule_2/1609863172_65.csv,100,0.622979163687033,0.631672078149993,-0.660107523934361,-0.662751727603843
schedule_2,schedule_2/1609863352_21.csv,100,0.593332632895816,0.587648406515951,-0.715922465872861,-0.731581799594496
schedule_2,schedule_2/1609864433_69.csv,100,0.719680432246362,0.734995821075357,-0.434691394886666,-0.422553646942379
schedule_2,schedule_2/1609864452_52.csv,100,0.551033492603703,0.552101111630254,-0.765861113548565,-0.760546362122499
schedule_2,schedule_2/1609864862_82.csv,100,0.47639050106088,0.478618223089255,-0.997617173893505,-1.00817720676174
schedule_2,schedule_2/1609865426_92.csv,100,0.640646483602064,0.660947584363876,-0.633071546912925,-0.606985311055253
schedule_2,schedule_2/1609874648_18.csv,100,0.492970632724137,0.504441205603206,-0.963119468065052,-0.933033360566473
schedule_2,schedule_2/1609885165_33.csv,100,0.531328530928274,0.537101022045365,-0.78704438970226,-0.770563359739385
schedule_2,schedule_2/1609885183_21.csv,100,0.46240572557119,0.476877313755301,-1.05110320612917,-1.01155988816381
schedule_2,schedule_2/1609885184_54.csv,100,0.527005909886552,0.524113382407096,-0.835887493634906,-0.841907713361327
schedule_2,schedule_2/1609885206_32.csv,100,0.657572792054721,0.677851629179416,-0.639462019115932,-0.608017221842729
schedule_2,schedule_2/1609885226_57.csv,100,0.585924903907063,0.614723980675163,-0.71463625485192,-0.660174490844144
schedule_2,schedule_2/1609885227_5.csv,100,0.655230475357708,0.661046401836551,-0.593048310222671,-0.584639382322831
schedule_2,schedule_2/1609885238_87.csv,100,0.631786679822002,0.628966707556715,-0.611098128143098,-0.60718472603353
schedule_2,schedule_2/1609885261_2.csv,100,0.605138292973378,0.602173758629672,-0.63778738681384,-0.644140059657331
schedule_2,schedule_2/1609885273_83.csv,100,0.53560539070305,0.55010137761226,-0.752813690528015,-0.720510264577895
schedule_2,schedule_2/1609885313_29.csv,100,0.574181498160049,0.582889671020612,-0.813324104810493,-0.803680023933186
schedule_2,schedule_2/1609885348_75.csv,100,0.548808922257431,0.558094336604728,-0.917450404132028,-0.867087967132717
schedule_2,schedule_2/1609885382_90.csv,100,0.554087432258019,0.562844402507539,-0.753259564509212,-0.738126423718686
schedule_2,schedule_2/1609885401_71.csv,100,0.461531934503028,0.4614490219671,-1.04591434409512,-1.04224581105235
schedule_2,schedule_2/1609885427_18.csv,100,0.502261332463744,0.516729751289308,-0.948877799333163,-0.91364244069118
schedule_2,schedule_2/1609885457_22.csv,100,0.493947030702835,0.496739495938458,-0.93253289604989,-0.925191863459159
schedule_2,schedule_2/1609885483_52.csv,100,0.6278238414732,0.636451373328739,-0.651324185969993,-0.640797331477805
schedule_2,schedule_2/1609885551_90.csv,100,0.622484369411658,0.633722377558741,-0.656773795832668,-0.639924460048387
schedule_2,schedule_2/1609885589_67.csv,100,0.600408330608019,0.603303322261151,-0.660563554082364,-0.657761054863851
schedule_2,schedule_2/1609885592_24.csv,100,0.629082778575625,0.649372946482586,-0.684535587611081,-0.653994074859126
schedule_2,schedule_2/1609885681_87.csv,100,0.62967543533883,0.644166385934123,-0.677691305716454,-0.658948799960677
schedule_2,schedule_2/1609885917_35.csv,100,0.557292357695108,0.563116774977752,-0.818137694757596,-0.810579265887566
schedule_2,schedule_2/1609886003_41.csv,100,0.735941957909195,0.758099339521178,-0.433476250439453,-0.402201348644019
schedule_2,schedule_2/1609886308_29.csv,100,0.631233482433238,0.642825496149045,-0.560459569220151,-0.547432798012659
schedule_2,schedule_2/1609886656_53.csv,100,0.696292419210764,0.720477269009558,-0.490085516338699,-0.440824738158813
schedule_2,schedule_2/1609887013_61.csv,100,0.626707636486409,0.628915898548713,-0.634623321470829,-0.642008414866945
schedule_2,schedule_2/1609887138_6.csv,100,0.588635924689607,0.585978733486035,-0.672900113788083,-0.691186839841666
schedule_2,schedule_2/1609887180_25.csv,100,0.769956754316818,0.796018199026257,-0.354052034256036,-0.321415697685677
schedule_2,schedule_2/1609887699_11.csv,100,0.638118233825848,0.655484904869788,-0.59075223165629,-0.56837208515788
schedule_2,schedule_2/1609888385_72.csv,100,0.681248912748079,0.692815702477008,-0.554693099590593,-0.540791466564542
schedule_2,schedule_2/1609888907_38.csv,100,0.600727307326984,0.612329911560212,-0.730337280793445,-0.707183492300825
schedule_2,schedule_2/1609889219_79.csv,100,0.453836623397924,0.453690326916851,-1.04153314478592,-1.0428298454272
schedule_2,schedule_2/1609889244_35.csv,100,0.672881856969684,0.692549336652112,-0.516272236238226,-0.485702897505881
schedule_2,schedule_2/1609889646_36.csv,100,0.608541919799883,0.625966429073082,-0.719555052711664,-0.693035576547024
schedule_2,schedule_2/1609890318_47.csv,100,0.560733608522875,0.569433874088906,-0.835750133753247,-0.824565585713381
schedule_2,schedule_2/1609890447_79.csv,100,0.654427982476593,0.672018779120243,-0.628892626624775,-0.609742453825089
schedule_2,schedule_2/1609892016_22.csv,100,0.716531281008451,0.736805321948812,-0.507527069787979,-0.477048215241355
schedule_2,schedule_2/1609896354_66.csv,100,0.644600871556449,0.661994774283447,-0.648026708060257,-0.626608766430977
schedule_2,schedule_2/1610027905_52.csv,100,0.366123593640672,0.366074524433673,-1.29221074105826,-1.29848396339324
schedule_2,schedule_2/1610027905_94.csv,100,0.630745008026616,0.645235060235219,-0.661571206042089,-0.633855550992372
schedule_2,schedule_2/1610027910_40.csv,100,0.502918472033682,0.511920788397705,-0.829786486104876,-0.804619749387817
schedule_2,schedule_2/1610027912_22.csv,100,0.774614579948201,0.794914134641657,-0.368475560797768,-0.342353419801695
schedule_2,schedule_2/1610027916_57.csv,100,0.623673781448927,0.62548318085843,-0.64894754851996,-0.658718694020214
schedule_2,schedule_2/1610027918_25.csv,100,0.709389152105323,0.738109831368888,-0.42693524095588,-0.385310794771196
schedule_2,schedule_2/1610027926_44.csv,100,0.755243027017314,0.77264314510253,-0.405693314455582,-0.383304646794202
schedule_2,schedule_2/1610027940_42.csv,100,0.643152130351627,0.65179514498573,-0.533967648771293,-0.519259038580569
schedule_2,schedule_2/1610027942_71.csv,100,0.790539788217,0.819543061729344,-0.317785774077747,-0.280481623864693
schedule_2,schedule_2/1610027951_50.csv,100,0.556527116701734,0.568117223854088,-0.840721106004327,-0.81455020624637
schedule_2,schedule_2/1610027956_98.csv,100,0.704177216124185,0.718579786904898,-0.507975089400383,-0.484741734131494
schedule_2,schedule_2/1610027959_74.csv,100,0.332024522788791,0.332024522788791,-1.32023222077817,-1.32023222077817
schedule_2,schedule_2/1610027960_39.csv,100,0.633128584349512,0.647249339845551,-0.646083920561785,-0.627620040242976
schedule_2,schedule_2/1610027977_99.csv,100,0.574885768994874,0.586470069769437,-0.680877703965039,-0.663727139936117
schedule_2,schedule_2/1610027980_37.csv,100,0.532272611024444,0.535201648037722,-0.760343625112045,-0.756024633653085
schedule_2,schedule_2/1610027991_100.csv,100,0.681114387175183,0.701402305778417,-0.563790547161407,-0.528806370797999
schedule_2,schedule_2/1610028003_34.csv,100,0.628683808852982,0.637390604559089,-0.650733764209556,-0.652228069262349
schedule_2,schedule_2/1610028003_35.csv,100,0.588052744503036,0.600972916620794,-0.770528322573008,-0.71691649416539
schedule_2,schedule_2/1610028012_9.csv,100,0.399184769103285,0.405011850527388,-1.13913640734274,-1.12549076252315
schedule_2,schedule_2/1610028016_57.csv,100,0.508677133171825,0.517335653269363,-0.915591741897451,-0.898601985447819
schedule_2,schedule_2/1610028017_40.csv,100,0.494965523165456,0.509378231143787,-0.957603101868317,-0.92972811594623
schedule_2,schedule_2/1610028025_74.csv,100,0.448191014036333,0.445095548835895,-0.998915342758812,-0.997233037736222
schedule_2,schedule_2/1610028034_33.csv,100,0.58860083555635,0.599275338681951,-0.705217428488737,-0.684760427534603
schedule_2,schedule_2/1610028038_20.csv,100,0.615075469138798,0.612519338273016,-0.636619701428336,-0.637120168108443
schedule_2,schedule_2/1610028046_52.csv,100,0.552575522882177,0.549674437816596,-0.760236783190772,-0.764859009209411
schedule_2,schedule_2/1610028050_16.csv,100,0.840430002473366,0.866525538887517,-0.207187820141486,-0.173599020291068
schedule_2,schedule_2/1610028050_32.csv,100,0.555755013757992,0.573047666241862,-0.839950048364077,-0.813017727428243
schedule_2,schedule_2/1610028058_59.csv,100,0.425216759769583,0.425164252735119,-1.13955112136051,-1.14090649029057
schedule_2,schedule_2/1610028058_63.csv,100,0.575768660161456,0.58396981849516,-0.716405643474534,-0.709660875410313
schedule_2,schedule_2/1610028065_33.csv,100,0.421756217250457,0.42061276647641,-1.17738779676048,-1.20580699896783
schedule_2,schedule_2/1610028075_52.csv,100,0.565760201740448,0.579316895668141,-0.74863208546499,-0.714321092938425
schedule_2,schedule_2/1610028076_46.csv,100,0.504110976713092,0.497697586901085,-0.95965152740709,-0.98255243357967
schedule_2,schedule_2/1610028086_91.csv,100,0.501440175670861,0.501436431546669,-0.987283064246677,-0.987917963568403
schedule_2,schedule_2/1610028092_97.csv,100,0.317199427737394,0.316474765531432,-1.43721889309657,-1.44335911736504
schedule_2,schedule_2/1610028125_78.csv,100,0.564643970733567,0.578548612969848,-0.72323366560579,-0.689450177095129
schedule_2,schedule_2/1610028125_88.csv,100,0.73709462018296,0.757393277978972,-0.45104201321097,-0.424894052812947
schedule_2,schedule_2/1610028145_12.csv,100,0.516515684256098,0.534539429342277,-0.849635380268955,-0.81004576678586
schedule_2,schedule_2/1610028160_1.csv,100,0.429843856826871,0.435671605375983,-1.06281725624271,-1.04173961134464
schedule_2,schedule_2/1610028177_17.csv,100,0.737323718193372,0.760522015285766,-0.433154848763504,-0.403362549951099
schedule_2,schedule_2/1610028194_4.csv,100,0.550358637720797,0.545218424490627,-0.846649838247096,-0.866949818516724
schedule_2,schedule_2/1610028209_23.csv,100,0.433601717005653,0.433460868338012,-1.07763591372946,-1.08396380855381
schedule_2,schedule_2/1610028217_53.csv,100,0.571884091574354,0.586789552874287,-0.681544654434355,-0.653373531956869
schedule_2,schedule_2/1610028225_57.csv,100,0.517990369372134,0.529802307622986,-0.851997734029684,-0.820189574664274
schedule_2,schedule_2/1610028265_91.csv,100,0.51830298806183,0.521182541675904,-0.795045548630263,-0.782838092256454
schedule_2,schedule_2/1610028346_20.csv,100,0.620752587853963,0.620581231145942,-0.654937977900839,-0.640848449990788
schedule_2,schedule_2/1610028458_61.csv,100,0.702071694923456,0.725247918111901,-0.503700097259626,-0.473834013973767
schedule_2,schedule_2/1610028516_62.csv,100,0.594807134235818,0.603219736811063,-0.722290391752072,-0.691479421386563
schedule_2,schedule_2/1610028534_84.csv,100,0.596086021916553,0.595777972195851,-0.751663891880995,-0.725322473478857
schedule_2,schedule_2/1610028562_88.csv,100,0.481651102475411,0.496042000258587,-0.98306672114478,-0.951172198792396
schedule_2,schedule_2/1610028573_82.csv,100,0.330026656528786,0.327130984171256,-1.25238017041692,-1.25708048603045
schedule_2,schedule_2/1610028648_65.csv,100,0.603035829461239,0.585137112651862,-0.665278256360219,-0.699057529735925
schedule_2,schedule_2/1610028672_22.csv,100,0.430853857833923,0.444359473106255,-0.998072773446308,-0.95936013469611
schedule_2,schedule_2/1610028785_70.csv,100,0.699259781314295,0.687119447926231,-0.464532439814486,-0.472759263525985
schedule_2,schedule_2/1610028841_49.csv,100,0.648333349397624,0.651348711346923,-0.551189464695605,-0.549219323661823
schedule_2,schedule_2/1610028981_60.csv,100,0.632682270312587,0.647228659399053,-0.587353981017712,-0.564137547569285
schedule_2,schedule_2/1610028987_15.csv,100,0.537749736693503,0.549412207106568,-0.873893508793686,-0.862666090916774
schedule_2,schedule_2/1610029071_30.csv,100,0.565571627764867,0.562585660320964,-0.723850981214105,-0.716016438742117
schedule_2,schedule_2/1610029122_72.csv,100,0.378395195774413,0.375494991191075,-1.1803310809469,-1.19528507229665
schedule_2,schedule_2/1610029201_32.csv,100,0.524075279317606,0.529917471544511,-0.867517510412495,-0.848889609720368
schedule_2,schedule_2/1610029208_71.csv,100,0.562450853100604,0.574312345192767,-0.729735685707769,-0.705274597462121
schedule_2,schedule_2/1610029600_22.csv,100,0.590340043110358,0.601919215324474,-0.75512021536203,-0.732078791463802
schedule_2,schedule_2/1610029784_66.csv,100,0.785389320415922,0.808581083668481,-0.319526861682713,-0.28965991342519
schedule_2,schedule_2/1610029925_34.csv,100,0.55821262653857,0.566888989930679,-0.84344188071452,-0.832034481508441
schedule_2,schedule_2/1610030219_99.csv,100,0.586959919427622,0.560915446965744,-0.682892095331894,-0.724440546517291
schedule_2,schedule_2/1610030401_82.csv,100,0.644012291367581,0.649780300230735,-0.599228547290542,-0.594583228103263
schedule_2,schedule_2/1610030456_87.csv,100,0.621441534714535,0.621214551710463,-0.620726978515323,-0.629456994200651
schedule_2,schedule_2/1610031533_6.csv,100,0.476294824424252,0.484670377331993,-0.926105536528658,-0.900608555781913
schedule_2,schedule_2/1610033303_90.csv,100,0.683544805769262,0.703830644537674,-0.575770222194602,-0.54976129111413
schedule_2,schedule_2/1610033874_9.csv,100,0.614235270627944,0.634518858319808,-0.721047740415919,-0.689390411400873
schedule_2,schedule_2/1610551331_79.csv,100,0.584961981235841,0.593598189424809,-0.672722444431252,-0.668401202865484
schedule_2,schedule_2/1610551345_11.csv,100,0.438241763844259,0.444000762808849,-1.0357189808037,-1.03394879146071
schedule_2,schedule_2/1610551388_50.csv,100,0.63397841378804,0.648342052624717,-0.653700781034204,-0.643186044489142
schedule_2,schedule_2/1610551413_89.csv,100,0.705422675494634,0.731219878346124,-0.502979119684287,-0.462536165628168
schedule_2,schedule_2/1610551480_88.csv,100,0.42097793495278,0.429429389239474,-1.07328666179465,-1.04921424783057
schedule_2,schedule_2/1610551532_25.csv,100,0.637572876449139,0.645299146483179,-0.605476495333202,-0.608566982838536
schedule_2,schedule_2/1610551614_23.csv,100,0.727828536084304,0.733640514240522,-0.396338905820109,-0.391761983127531
schedule_2,schedule_2/1610551652_71.csv,100,0.736921484184376,0.757212354373134,-0.439955891117776,-0.413857510936582
schedule_2,schedule_2/1610551702_83.csv,100,0.606065436008501,0.616407132571767,-0.676031085489221,-0.655474536793775
schedule_2,schedule_2/1610551749_66.csv,100,0.432914250200923,0.453210676839166,-1.01961057780491,-0.97318078891746
schedule_2,schedule_2/1610551889_45.csv,100,0.499989025706239,0.494491740667923,-0.875886071961132,-0.91413146333095
schedule_2,schedule_2/1610551934_87.csv,100,0.870027630885719,0.844372680628147,-0.18263639381304,-0.203614831163546
schedule_2,schedule_2/1610551958_96.csv,100,0.748515267507874,0.771368192953588,-0.405611441249393,-0.375432640554667
schedule_2,schedule_2/1610552152_26.csv,100,0.577537713464718,0.5804003492574,-0.752139957509727,-0.744368192817791
schedule_2,schedule_2/1610552226_33.csv,100,0.721344642227514,0.73527529619093,-0.401654847301566,-0.385467725264298
schedule_2,schedule_2/1610552226_41.csv,100,0.772661552984588,0.770017539865516,-0.307087223422758,-0.315309390055259
schedule_2,schedule_2/1610552258_31.csv,100,0.689846135095346,0.68114018203253,-0.50292836711241,-0.517030312415278
schedule_2,schedule_2/1610552373_30.csv,100,0.589655225483634,0.598285550300103,-0.757012199680513,-0.754374876906864
schedule_2,schedule_2/1610552495_63.csv,100,0.6847266897659,0.702123020663599,-0.556685656165193,-0.534327292235653
schedule_2,schedule_2/1610552644_43.csv,100,0.505865486802168,0.502322660253955,-0.9971727978722,-1.02069950111388
schedule_2,schedule_2/1610552981_72.csv,100,0.611746322331655,0.62334451897446,-0.667540670562638,-0.637962808424343
schedule_2,schedule_2/1610553088_53.csv,100,0.565145243539861,0.573685976655724,-0.793737204708743,-0.777353001915309
schedule_2,schedule_2/1610553163_21.csv,100,0.442444758602177,0.442444758602177,-0.971349571821286,-0.971349571821286
schedule_2,schedule_2/1610553287_76.csv,100,0.589035207350307,0.583124802072724,-0.721245177802577,-0.725025475112384
schedule_2,schedule_2/1610553493_34.csv,100,0.715531962843755,0.741617133648375,-0.484461620282574,-0.44178295732914
schedule_2,schedule_2/1610553826_26.csv,100,0.493143490279572,0.509772136825793,-0.96922164986177,-0.95094509172768
schedule_2,schedule_2/1610554203_3.csv,100,0.641409062158464,0.660359547720428,-0.591752380549832,-0.548102976190585
schedule_2,schedule_2/1610554797_54.csv,100,0.628018680497859,0.636654534615778,-0.70818691166451,-0.688112744189448
schedule_2,schedule_2/1610555013_37.csv,100,0.63699663369684,0.646384424165002,-0.606113999617468,-0.610835097721698
schedule_2,schedule_2/1610555729_57.csv,100,0.724035342076101,0.741423561221703,-0.462463514876028,-0.440966978039619
schedule_2,schedule_2/1610556524_30.csv,100,0.637889162884603,0.661521925499332,-0.578396550176827,-0.531893160836113
schedule_2,schedule_2/1610556924_93.csv,100,0.491716323469999,0.507927907572805,-0.993013941525234,-0.96635688133773
schedule_2,schedule_2/1610557917_96.csv,100,0.538032599033535,0.539255024050066,-0.897010093878948,-0.890737693996764
schedule_2,schedule_2/1610558150_22.csv,100,0.35668974516346,0.360903324887282,-1.25161933089001,-1.25039688692522
schedule_2,schedule_2/1610558472_68.csv,100,0.539545217237178,0.545411495203905,-0.758635213362825,-0.746488874483477
schedule_2,schedule_2/1610558704_11.csv,100,0.591633732212732,0.603097703030339,-0.709497810428393,-0.68568158536346
schedule_2,schedule_2/1610560154_62.csv,100,0.727301844420513,0.750172907436199,-0.420325598875557,-0.391381147869142
schedule_2,schedule_2/1610560827_89.csv,100,0.639638342668018,0.63134196791152,-0.584261618090363,-0.589767817747968
schedule_2,schedule_2/1610561751_13.csv,100,0.50336658532933,0.51165739611995,-0.946016937708685,-0.936835019817351
schedule_2,schedule_2/1610562301_43.csv,100,0.639004972008145,0.633318089952282,-0.579245370985807,-0.58390041247509
schedule_2,schedule_2/1610563391_24.csv,100,0.672307883078129,0.669425547163455,-0.528634805968021,-0.548663848984751
schedule_2,schedule_2/1610563967_27.csv,100,0.682915332909622,0.694922941470719,-0.576117991650417,-0.552899402463638
schedule_2,schedule_2/1610564639_53.csv,100,0.681400861147252,0.698798423007161,-0.561537728648437,-0.534509587684642
schedule_2,schedule_2/1610565174_28.csv,100,0.633485925035978,0.650110896706493,-0.63691943014872,-0.62182486609872
schedule_2,schedule_2/1610566301_60.csv,100,0.599065348179019,0.610112596854702,-0.735817754820408,-0.731873931630332
schedule_2,schedule_2/1610566789_39.csv,100,0.757700135933383,0.777997576919906,-0.400995083983324,-0.374914072435078
schedule_2,schedule_2/1610567604_2.csv,100,0.440226262164475,0.442118476735466,-1.086690483277,-1.08742911570597
schedule_2,schedule_2/1610568392_37.csv,100,0.61916688087311,0.624970714341077,-0.683813255394533,-0.6735958468311
schedule_2,schedule_2/1610569990_45.csv,100,0.499516944058656,0.497442353752012,-0.92129386393188,-0.949011114938948
schedule_2,schedule_2/1610571142_34.csv,100,0.542710290340381,0.554933715107644,-0.77827484222064,-0.74798974476452
schedule_2,schedule_2/1610571973_47.csv,100,0.579250743604588,0.564815069110189,-0.665254562034141,-0.687483021199779
schedule_2,schedule_2/1610572677_78.csv,100,0.590501299563004,0.604548836289501,-0.755953080128052,-0.712250359152985
schedule_2,schedule_2/1610574129_87.csv,100,0.684183342258915,0.707229483965661,-0.532810718099076,-0.498533415503037
schedule_2,schedule_2/1610574626_13.csv,100,0.670806077514514,0.666025842428342,-0.516104080421818,-0.532423173236296
schedule_2,schedule_2/1610576492_47.csv,100,0.544252526184367,0.54688979050944,-0.782035071666288,-0.770396607489977
schedule_2,schedule_2/1610579098_2.csv,100,0.55511752444573,0.560808318025023,-0.814745041912485,-0.807568245450622
schedule_2,schedule_2/1610579655_15.csv,100,0.708143585986201,0.731297948155846,-0.495889090949362,-0.46129455859521
schedule_2,schedule_2/1610580640_33.csv,100,0.57373602829188,0.60165224094229,-0.809091882058789,-0.745609659121295
schedule_2,schedule_2/1610581143_14.csv,100,0.467312685210553,0.470149042871741,-0.90985313044806,-0.901844287885682
schedule_2,schedule_2/1610635634_95.csv,100,0.578928295307382,0.593709351120245,-0.664482406144054,-0.624988846883765
schedule_2,schedule_2/1610635733_84.csv,100,0.539629854696398,0.550700631583116,-0.814224473481471,-0.790220298316365
schedule_2,schedule_2/1610635881_66.csv,100,0.671422878290071,0.685909587884357,-0.54700685829657,-0.51924208814205
schedule_2,schedule_2/1610636166_69.csv,100,0.706611339602279,0.712400743096945,-0.49808728624202,-0.492442961610638
schedule_2,schedule_2/1610638365_6.csv,100,0.712671700688221,0.737331241932958,-0.394675574420779,-0.351989711290412
schedule_2,schedule_2/1610643027_48.csv,100,0.56697557908834,0.584540867665019,-0.708244302821785,-0.672046998718177
schedule_2,schedule_2/1610693018_13.csv,100,0.337375187850426,0.336787235137696,-1.21321467024336,-1.21157764742783
schedule_2,schedule_2/1610947622_93.csv,100,0.597633250991012,0.609384556201748,-0.732107204384716,-0.711114964252853
schedule_2,schedule_2/1610947823_79.csv,100,0.662955501492009,0.67172042655062,-0.590176026287413,-0.575638642586732
schedule_2,schedule_2/1610948525_60.csv,100,0.494046350677224,0.503090864675188,-0.93948239289963,-0.908399776497155
schedule_2,schedule_2/1610975293_54.csv,100,0.452858497149986,0.455678969310783,-1.07019136305933,-1.0660849626073
schedule_2,schedule_2/1610975339_23.csv,100,0.769104755941293,0.798097821412076,-0.354658812540548,-0.317285600227598
schedule_2,schedule_2/1610975711_54.csv,100,0.640483862143065,0.660755845494467,-0.629642631352967,-0.60181510043388
schedule_2,schedule_2/1611001724_66.csv,100,0.446725629132429,0.457956229940033,-0.98167698750676,-0.956155549994901
schedule_2,schedule_2/1611002771_22.csv,100,0.534149903180999,0.545400667290702,-0.910244462018931,-0.890404833652636
schedule_2,schedule_2/1611093476_14.csv,100,0.577339771274982,0.588632761025433,-0.755260047517201,-0.734420568631349
schedule_2,schedule_2/1611475819_30.csv,100,0.70281298680839,0.728349368163644,-0.472766910848278,-0.434243651701175
schedule_2,schedule_2/1611476094_22.csv,100,0.481840085302427,0.490323539443777,-0.929366138751162,-0.91980430707801
schedule_2,schedule_2/1611476272_60.csv,100,0.528507517048984,0.541332679540847,-0.856501319757865,-0.806440102328814
schedule_2,schedule_2/1611476744_87.csv,100,0.507712894403901,0.504726886073714,-0.938708668662958,-0.959906613293596
schedule_2,schedule_2/1611476803_100.csv,100,0.749760796325588,0.772950931550045,-0.402304682891924,-0.372439033909208
schedule_2,schedule_2/1611477025_25.csv,100,0.468969506361991,0.480564930846969,-0.988919560947841,-0.959888437710207
schedule_2,schedule_2/1611478159_22.csv,100,0.445031259847081,0.456515415727328,-1.01847122216913,-0.988418979834063
schedule_2,schedule_2/1611478214_88.csv,100,0.694607183698009,0.711977359846873,-0.522000391236591,-0.50055941878013
schedule_2,schedule_2/1611478406_89.csv,100,0.615414578184607,0.626993659911119,-0.720432007696521,-0.718759890839077
schedule_2,schedule_2/1611480072_90.csv,100,0.52109862265075,0.535965963325019,-0.905997463440411,-0.859261019002055
schedule_2,schedule_2/1611481028_73.csv,100,0.643570402175194,0.655441078070779,-0.644790831072261,-0.62101705364157
schedule_2,schedule_2/1611482530_7.csv,100,0.52997234040817,0.530028210935115,-0.874761348450905,-0.885072635964071
schedule_2,schedule_2/1611482820_67.csv,100,0.467406516204515,0.478838732670491,-1.03074513098747,-1.00112644717731
schedule_2,schedule_2/1611484912_69.csv,100,0.605361150038954,0.613902630128336,-0.678017081288417,-0.667901778919921
schedule_2,schedule_2/1611485354_24.csv,100,0.630819052682315,0.636629427026705,-0.648896287041785,-0.645994575223568
schedule_2,schedule_2/1611485527_68.csv,100,0.568856154946348,0.574498215846001,-0.839676384874918,-0.832968945725744
schedule_2,schedule_2/1611487040_99.csv,100,0.534130373532801,0.539907473347577,-0.852040190598145,-0.85333971558949
schedule_2,schedule_2/1611487495_82.csv,100,0.745920967634692,0.76331546901341,-0.395860048660873,-0.374417561482617
schedule_2,schedule_2/1611487822_30.csv,100,0.619220424307318,0.630877654796063,-0.649215504435569,-0.643476203623346
schedule_2,schedule_2/1611488365_31.csv,100,0.659276800044194,0.667975441873055,-0.610706709584983,-0.600501334113912
schedule_2,schedule_2/1611489374_47.csv,100,0.557063136115092,0.585928423545572,-0.75761157349619,-0.69680739015629
schedule_2,schedule_2/1611489616_76.csv,100,0.510416659340497,0.524630413613226,-0.935642588633132,-0.905111799902351
schedule_2,schedule_2/1611490662_3.csv,100,0.532714628809979,0.532670720577715,-0.841545176316423,-0.863039594661816
schedule_2,schedule_2/1611490964_62.csv,100,0.627938210310973,0.63070758349168,-0.65951969854948,-0.658113737790466
schedule_2,schedule_2/1611491794_70.csv,100,0.552059689540929,0.559588753465829,-0.802020032821536,-0.79916828517545
schedule_2,schedule_2/1611492573_8.csv,100,0.74342246427052,0.772401524216083,-0.413483795810672,-0.371353407585504
schedule_2,schedule_2/1611492831_87.csv,100,0.513227462692817,0.520976242468107,-0.885984851577505,-0.862561251931906
schedule_2,schedule_2/1611493235_56.csv,100,0.828056579832677,0.857050515754057,-0.22259886369578,-0.185297174140828
schedule_2,schedule_2/1611493390_45.csv,100,0.643995383478931,0.644473112542804,-0.611888819706813,-0.61472227886423
schedule_2,schedule_2/1611493400_45.csv,100,0.80232491985907,0.834220368413242,-0.28571391106986,-0.244607390701212
schedule_2,schedule_2/1611494030_67.csv,100,0.737738173521912,0.7635541684854,-0.42707314405611,-0.388727463359913
schedule_2,schedule_2/1611494061_57.csv,100,0.525125460462353,0.515409224665552,-0.869720250506938,-0.929179384699157
schedule_2,schedule_2/1611494143_18.csv,100,0.629900978576958,0.644586147141232,-0.661988266621763,-0.638152176472978
schedule_2,schedule_2/1611494363_88.csv,100,0.534601926825894,0.554844730492234,-0.772791306375321,-0.72857257909897
schedule_2,schedule_2/1611494606_84.csv,100,0.424650450078155,0.436436936980656,-1.046572351292,-1.0049741962745
schedule_2,schedule_2/1611495072_4.csv,100,0.703055164242972,0.708844318443825,-0.477898270897552,-0.472215075945916
schedule_2,schedule_2/1611495240_48.csv,100,0.675278416188405,0.690553347734654,-0.492378586066565,-0.49017347076084
schedule_2,schedule_2/1611495668_60.csv,100,0.577938080080297,0.600990604991035,-0.767151537962524,-0.724533924119441
schedule_2,schedule_2/1611496019_24.csv,100,0.519304734818146,0.522201331788761,-0.869672433437281,-0.861084519774819
schedule_2,schedule_2/1611496293_49.csv,100,0.602714110607842,0.602788088153616,-0.653353318943137,-0.654496845244558
schedule_2,schedule_2/1611496653_45.csv,100,0.611206972868306,0.625315595412818,-0.668168490471737,-0.645374537133495
schedule_2,schedule_2/1611497416_45.csv,100,0.564329582598552,0.573014545098999,-0.71513196322498,-0.695093320856301
schedule_2,schedule_2/1611497673_73.csv,100,0.642210544765732,0.650916447945574,-0.609459383467876,-0.588156283461659
schedule_2,schedule_2/1611498210_20.csv,100,0.674156602675526,0.68574243925027,-0.57055266054904,-0.556598426345608
schedule_2,schedule_2/1611498325_82.csv,100,0.71628510636261,0.733493736274014,-0.475404739620791,-0.466741724436588
schedule_2,schedule_2/1611498517_41.csv,100,0.608197075115384,0.625588761601276,-0.636110579171905,-0.599589485236019
schedule_2,schedule_2/1611498711_95.csv,100,0.667314784936052,0.684748848911055,-0.546405259414169,-0.521798049715912
schedule_2,schedule_2/1611499132_59.csv,100,0.303093958944811,0.311619591107999,-1.44918517442743,-1.42747682234199
schedule_2,schedule_2/1611499360_92.csv,100,0.581864168143174,0.590224499038184,-0.749822344496005,-0.745106216499326
schedule_2,schedule_2/1611499570_8.csv,100,0.65748760693107,0.666087269216708,-0.591654809727967,-0.58641094274949
schedule_2,schedule_2/1611499896_90.csv,100,0.579252264828624,0.584467972910708,-0.719578520276313,-0.716162737183154
schedule_2,schedule_2/1611500039_99.csv,100,0.720635766418732,0.743834298943257,-0.486342069536795,-0.4564670291045
schedule_2,schedule_2/1611500210_34.csv,100,0.501630934714795,0.515953755481246,-0.943406557426498,-0.914485986889929
schedule_2,schedule_2/1611500703_99.csv,100,0.664851798607829,0.687969820961473,-0.545285593011938,-0.511818784537152
schedule_2,schedule_2/1611501297_93.csv,100,0.754374449074027,0.774678070643402,-0.412444714213937,-0.386399393101431
schedule_2,schedule_2/1611501579_74.csv,100,0.659081891185444,0.672787100155276,-0.589873274831909,-0.544345127842953
schedule_2,schedule_2/1611501992_38.csv,100,0.601378534685112,0.618754820431909,-0.75676967282098,-0.734322853798932
schedule_2,schedule_2/1611502626_57.csv,100,0.563369636894473,0.557594696046051,-0.798246173004876,-0.807613231057354
schedule_2,schedule_2/1611502687_17.csv,100,0.652474940049575,0.672730999236932,-0.631036053557063,-0.600347105888727
schedule_2,schedule_2/1611502852_83.csv,100,0.656755859615107,0.682611229473714,-0.572271477710656,-0.52975421200431
schedule_2,schedule_2/1611503398_39.csv,100,0.681872365381423,0.685361712390125,-0.494009454504782,-0.513542780118599
schedule_2,schedule_2/1611503437_4.csv,100,0.693178765084131,0.716103026600229,-0.457894211196672,-0.423708050264519
schedule_2,schedule_2/1611503676_59.csv,100,0.561512511201369,0.575959292427107,-0.836054850907627,-0.809414771119898
schedule_2,schedule_2/1611504011_30.csv,100,0.687102458122351,0.694793362738052,-0.481641829441977,-0.473124617375085
schedule_2,schedule_2/1611504244_39.csv,100,0.478643842600282,0.487334362816251,-0.876620033511098,-0.851851612788823
schedule_2,schedule_2/1611504296_19.csv,100,0.576698450732219,0.582183798436922,-0.70635104916507,-0.691704674727509
schedule_2,schedule_2/1611504708_48.csv,100,0.559110214644412,0.564998129134407,-0.714387549182259,-0.697763157546635
schedule_2,schedule_2/1611504774_78.csv,100,0.548051316812225,0.55368214026737,-0.824359220560038,-0.818190324788305
schedule_2,schedule_2/1611504967_92.csv,100,0.669272935428051,0.666464579050192,-0.549878629557191,-0.537851524694508
schedule_2,schedule_2/1611505357_100.csv,100,0.753623813828756,0.768151573724687,-0.336657213573818,-0.320791575064055
schedule_2,schedule_2/1611505519_78.csv,100,0.611258162210622,0.628369911530766,-0.727342431481618,-0.700204715119125
schedule_2,schedule_2/1611505578_9.csv,100,0.590979154932336,0.596676539690502,-0.696586367222108,-0.690043959643011
schedule_2,schedule_2/1611505803_89.csv,100,0.590778336915671,0.602488120577038,-0.662526331928925,-0.642164100448308
schedule_2,schedule_2/1611505890_16.csv,100,0.647702722559373,0.672632736409532,-0.566488111654688,-0.534041522837016
schedule_2,schedule_2/1611505899_54.csv,100,0.44105284949419,0.455240725380872,-1.09280915489968,-1.05915525870082
schedule_2,schedule_2/1611506234_3.csv,100,0.632119479640375,0.643677846319181,-0.591206413358209,-0.583167764766944
schedule_2,schedule_2/1611506340_46.csv,100,0.625571466276325,0.642968338778054,-0.672753473103814,-0.65891186087255
schedule_2,schedule_2/1611506384_66.csv,100,0.652162431721833,0.671852951665043,-0.618311266626384,-0.581726038319756
schedule_2,schedule_2/1611506842_5.csv,100,0.587506632161608,0.593318085513707,-0.654523015854335,-0.647677823567864
schedule_2,schedule_2/1611506895_82.csv,100,0.748892047873232,0.769190739480549,-0.416946232506168,-0.39082310403869
schedule_2,schedule_2/1611506922_80.csv,100,0.721125579922704,0.741419101308476,-0.482344605447301,-0.456239742513333
schedule_2,schedule_2/1611507416_93.csv,100,0.640122645795551,0.648743854875542,-0.667142055227722,-0.663935131201818
schedule_2,schedule_2/1611507862_19.csv,100,0.583414593154023,0.591045880312172,-0.695945498754812,-0.693772775029816
schedule_2,schedule_2/1611507972_2.csv,100,0.504133767228897,0.507024548861199,-0.937715096399333,-0.942622925283009
schedule_2,schedule_2/1611508243_29.csv,100,0.583286120717593,0.59471169866343,-0.751171429026631,-0.736183572538959
schedule_2,schedule_2/1611508390_80.csv,100,0.596037278184583,0.59906821696242,-0.757257579487031,-0.767551615394646
schedule_2,schedule_2/1611563226_12.csv,100,0.537423080237718,0.546115436619038,-0.900252555407174,-0.889727211051826
schedule_2,schedule_2/1611563277_28.csv,100,0.573267271847412,0.582209721806807,-0.782052132352221,-0.766237348232453
schedule_2,schedule_2/1611563442_14.csv,100,0.597895290510044,0.60348341084044,-0.648825539635031,-0.634339118676139
schedule_2,schedule_2/1611563707_1.csv,100,0.570746201643048,0.576543750855168,-0.702390483548259,-0.685750209969831
schedule_2,schedule_2/1611563921_49.csv,100,0.409686410088879,0.409653299724308,-1.08896954519393,-1.08921186564194
schedule_2,schedule_2/1611564212_21.csv,100,0.41116386322013,0.416984913494112,-1.19786392070824,-1.18041345502117
schedule_2,schedule_2/1611564727_69.csv,100,0.551710827504568,0.557372385954187,-0.796360081555618,-0.783916421715359
schedule_2,schedule_2/1611565408_3.csv,100,0.562671549689682,0.568401868333265,-0.811082063113186,-0.793174205331015
schedule_2,schedule_2/1611565899_83.csv,100,0.550569178697653,0.559064030478143,-0.76159084978521,-0.742642069493824
schedule_2,schedule_2/1611566720_36.csv,100,0.668533502169054,0.674467185131924,-0.535073505693831,-0.546927634955411
schedule_2,schedule_2/1611567258_33.csv,100,0.634105555736088,0.642796691476324,-0.643991540456043,-0.63470717573502
schedule_2,schedule_2/1611567438_8.csv,100,0.580868623044309,0.586511146871204,-0.82096716109009,-0.809934241156858
schedule_2,schedule_2/1611567684_27.csv,100,0.503434304084205,0.503091088184493,-0.879887538157706,-0.874334064654413
schedule_2,schedule_2/1611567942_79.csv,100,0.433187602879189,0.440415997895767,-1.09559374414905,-1.07831249677777
schedule_2,schedule_2/1611568026_28.csv,100,0.560980033464086,0.575591337472903,-0.785103229658752,-0.753496261798721
schedule_2,schedule_2/1611570104_43.csv,100,0.538833651429928,0.551020892586831,-0.861379704506434,-0.822756722963016
schedule_2,schedule_2/1611570628_52.csv,100,0.522779493034588,0.534229274232995,-0.949250588959257,-0.929196321661685
schedule_2,schedule_2/1611570842_76.csv,100,0.677190055712657,0.680334868662655,-0.535718078165786,-0.533656770371903
schedule_2,schedule_2/1611571930_27.csv,100,0.686102867104607,0.709293615249611,-0.544531939951798,-0.510134135028822
schedule_2,schedule_2/1611572805_90.csv,100,0.594192875282656,0.580561070174304,-0.720522185803098,-0.750068971073888
schedule_2,schedule_2/1611573319_24.csv,100,0.557069322112665,0.571411495031702,-0.81603079205749,-0.792591512861229
schedule_2,schedule_2/1611574344_88.csv,100,0.541902802453917,0.547541367384677,-0.864677176404543,-0.862106754318896
schedule_2,schedule_2/1611574666_92.csv,100,0.607007452089749,0.607105847049021,-0.643461594857541,-0.649362133724024
schedule_2,schedule_2/1611575322_41.csv,100,0.413989384254885,0.430903453116004,-1.14020636935501,-1.09909692054682
schedule_2,schedule_2/1611576108_23.csv,100,0.566003649896492,0.582892665787376,-0.754091256145201,-0.722802410681806
schedule_2,schedule_2/1611576333_41.csv,100,0.670978967388395,0.685144197314408,-0.580974531766268,-0.554106508255222
schedule_2,schedule_2/1611576789_67.csv,100,0.617105191485519,0.628263569463463,-0.679277697706138,-0.659692761936902
schedule_2,schedule_2/1611577784_82.csv,100,0.573992647174673,0.591267557527317,-0.680932156785441,-0.63839891746334
schedule_2,schedule_2/1611577952_39.csv,100,0.688267228368299,0.690326914074404,-0.475755739444295,-0.468226083900481
schedule_2,schedule_2/1611578566_43.csv,100,0.545350827709065,0.554006947801134,-0.80633103503171,-0.78337480175623
schedule_2,schedule_2/1611578857_6.csv,100,0.336947169638709,0.345635252981056,-1.32772487549496,-1.30130793065761
schedule_2,schedule_2/1611579093_28.csv,100,0.482353276205386,0.485361508387458,-1.00013501120782,-0.999656293443887
schedule_2,schedule_2/1611579457_49.csv,100,0.261657629885228,0.261550024136644,-1.57773112466043,-1.58614606620019
schedule_2,schedule_2/1611579605_99.csv,100,0.503891687611636,0.515516358348233,-0.884297759683881,-0.857784818478973
schedule_2,schedule_2/1611579820_46.csv,100,0.584687207151711,0.589034446260447,-0.757139091582914,-0.742600621124616
schedule_2,schedule_2/1611579975_7.csv,100,0.674001723386303,0.676984140220481,-0.515691369372912,-0.508823034801871
schedule_2,schedule_2/1611580025_28.csv,100,0.519715473847538,0.525535206101129,-0.875793994872008,-0.862035252455351
schedule_2,schedule_2/1611580493_99.csv,100,0.507264777623327,0.513090531905018,-0.81693887035129,-0.796501830313374
schedule_2,schedule_2/1611580709_24.csv,100,0.568398055918686,0.565391366786301,-0.728524583266796,-0.735955925535816
schedule_2,schedule_2/1611581031_50.csv,100,0.633286569940981,0.635763371796348,-0.646005784929589,-0.660628791827109
schedule_2,schedule_2/1611581165_76.csv,100,0.645668548038645,0.659543741543818,-0.537390720883723,-0.514571368995979
schedule_2,schedule_2/1611581419_52.csv,100,0.51063854419091,0.516432409678142,-0.915288072194193,-0.906479422671545
schedule_2,schedule_2/1611581513_95.csv,100,0.639820782328174,0.660190749596933,-0.56393318176333,-0.516479503626797
schedule_2,schedule_2/1611581577_66.csv,100,0.657217594376374,0.677436287513936,-0.639928501104832,-0.609354128999716
schedule_2,schedule_2/1611581911_4.csv,100,0.631968879844452,0.64077301514468,-0.633223497677216,-0.615522497386766
schedule_2,schedule_2/1611582554_67.csv,100,0.630792893792188,0.629868583199647,-0.617868195745779,-0.6386241282451
schedule_2,schedule_2/1611582841_92.csv,100,0.501418046761274,0.498487040398431,-0.875066366394566,-0.879745715331122
schedule_2,schedule_2/1611583007_39.csv,100,0.558109778220657,0.558164838681177,-0.743275726386322,-0.739303432268862
schedule_2,schedule_2/1611583175_86.csv,100,0.756765782667522,0.777060233866396,-0.394597387670006,-0.368485386069273
schedule_2,schedule_2/1611583308_39.csv,100,0.604630389103687,0.601705407768794,-0.675299816791667,-0.690156914593421
schedule_2,schedule_2/1611583554_47.csv,100,0.465573285370051,0.482969322306089,-1.0899809960276,-1.0528769193234
schedule_2,schedule_2/1611583752_41.csv,100,0.510748908036614,0.519030096962058,-0.934139683146615,-0.91830671802638
schedule_2,schedule_2/1611583991_66.csv,100,0.639058647167201,0.644971041929424,-0.666836607422876,-0.649696274597858
schedule_2,schedule_2/1611584672_38.csv,100,0.65050640465058,0.667106568753761,-0.605219806120556,-0.577686075161867
schedule_2,schedule_2/1611585066_46.csv,100,0.592323906441016,0.601265518532205,-0.718730297656568,-0.708070650144293
schedule_2,schedule_2/1611585290_49.csv,100,0.625044633620096,0.646299424556177,-0.676543857570394,-0.639852278044292
schedule_2,schedule_2/1611585556_100.csv,100,0.731628994109167,0.751925089064863,-0.41739194960103,-0.391289930088407
schedule_2,schedule_2/1611585632_70.csv,100,0.578749194798104,0.581211533297968,-0.673149285193279,-0.661779327468588
schedule_2,schedule_2/1611585979_27.csv,100,0.615122120602798,0.620863444821462,-0.682759861580341,-0.676121707974667
schedule_2,schedule_2/1611586242_51.csv,100,0.585214915851623,0.596806617490312,-0.75516176379389,-0.740007502339038
schedule_2,schedule_2/1611586433_86.csv,100,0.651787850758316,0.662808231696334,-0.554959525849013,-0.52426986593376
schedule_2,schedule_2/1611586663_71.csv,100,0.43817642181107,0.446889351347076,-0.964622740832486,-0.940070120423763
schedule_2,schedule_2/1611587885_55.csv,100,0.409940196446945,0.409925770855718,-1.08202632506524,-1.07833823364116
schedule_2,schedule_2/1611588076_89.csv,100,0.692963017490182,0.710305744461126,-0.491643930616531,-0.464344619080009
schedule_2,schedule_2/1611588403_81.csv,100,0.573653878645022,0.585264510936441,-0.699228126326867,-0.676305020977186
schedule_2,schedule_2/1611588516_51.csv,100,0.648959513168323,0.666964810918428,-0.659713205066823,-0.626367257646124
schedule_2,schedule_2/1611588654_7.csv,100,0.617103122680774,0.628007024948745,-0.692066438154547,-0.657040783584733
schedule_2,schedule_2/1611588901_42.csv,100,0.810079100589722,0.83907578972675,-0.270753076094915,-0.233449584936601
schedule_2,schedule_2/1611589000_97.csv,100,0.584258387236918,0.598544824016381,-0.815118171588397,-0.791332732736175
schedule_2,schedule_2/1611589231_10.csv,100,0.348652067000129,0.34572179708653,-1.28861014815276,-1.3037640840646
schedule_2,schedule_2/1611589372_87.csv,100,0.666776623818669,0.67537489764185,-0.60285340816476,-0.598380094120983
schedule_2,schedule_2/1611589483_19.csv,100,0.401740384377515,0.407481398469728,-1.11583105122633,-1.09440534224761
schedule_2,schedule_2/1611589578_4.csv,100,0.576133985687623,0.587510919488387,-0.731549262440454,-0.725655046711992
schedule_2,schedule_2/1611589817_36.csv,100,0.817732421094839,0.843822764373887,-0.250774677204687,-0.21721203800971
schedule_2,schedule_2/1611590252_62.csv,100,0.592449600233046,0.601229349093716,-0.657558584188649,-0.639358618886537
schedule_2,schedule_2/1611590628_72.csv,100,0.628469683652411,0.64584040256074,-0.667053211789261,-0.639615618541757
schedule_2,schedule_2/1611591064_28.csv,100,0.483577740464519,0.492306057504684,-0.999340253077903,-0.991245939463965
schedule_2,schedule_2/1611591363_30.csv,100,0.676600502209286,0.682390313716583,-0.592825999897539,-0.58535693968132
schedule_2,schedule_2/1611591575_45.csv,100,0.587494996950569,0.604445441429296,-0.765555743984426,-0.738510641845634
schedule_2,schedule_2/1611591599_75.csv,100,0.66178219937976,0.68125165908551,-0.616220778980838,-0.584308148877719
schedule_2,schedule_2/1611591938_1.csv,100,0.555229994464743,0.557968937700676,-0.818969080517813,-0.828721682063039
schedule_2,schedule_2/1611592764_83.csv,100,0.74900564460994,0.76113462498548,-0.348519724996156,-0.329687132788427
schedule_2,schedule_2/1611593121_65.csv,100,0.513046916807265,0.510429057723473,-0.922180650833053,-0.941712038000087
schedule_2,schedule_2/1611593459_82.csv,100,0.643777679782815,0.647627267061909,-0.616007691660063,-0.632836952000643
schedule_2,schedule_2/1611593868_31.csv,100,0.653262960634879,0.665004394970718,-0.584979988236014,-0.566088304278205
schedule_2,schedule_2/1611594182_72.csv,100,0.55851735110501,0.567217479278794,-0.856661374833427,-0.858306460342963
schedule_2,schedule_2/1611594281_74.csv,100,0.570718091661839,0.582290648492686,-0.779589820091785,-0.759874862802329
schedule_2,schedule_2/1611594948_73.csv,100,0.624204647976366,0.647405839982357,-0.692599257041902,-0.663500158119564
schedule_2,schedule_2/1611595138_29.csv,100,0.661823821130737,0.676330880432226,-0.612282639031447,-0.593769674865117
schedule_2,schedule_2/1611595658_47.csv,100,0.577431921367914,0.591870285049668,-0.791042897503625,-0.768636408264679
schedule_2,schedule_2/1611596673_94.csv,100,0.66561447372972,0.674307434360839,-0.644840575837636,-0.633663547099327
schedule_2,schedule_2/1611596768_4.csv,100,0.531429528036859,0.547947456725423,-0.870489157116019,-0.834918615608657
schedule_2,schedule_2/1611596821_90.csv,100,0.559903848533349,0.557117349136641,-0.717468401034711,-0.712332083089749
schedule_2,schedule_2/1611597465_60.csv,100,0.593721827549853,0.602523409428794,-0.745795785168896,-0.736998341114472
schedule_2,schedule_2/1611597620_65.csv,100,0.524294641469762,0.535888984137841,-0.936379408230494,-0.916370059645376
schedule_2,schedule_2/1611598401_55.csv,100,0.564715064150611,0.561809770531013,-0.721754641690517,-0.728056109469125
schedule_2,schedule_2/1611598857_26.csv,100,0.593979452229649,0.600271080934393,-0.68410971721263,-0.665519454235658
schedule_2,schedule_2/1611598860_76.csv,100,0.604592191385551,0.609489466264125,-0.683934514580682,-0.667245812175468
schedule_2,schedule_2/1611599394_13.csv,100,0.576031888495206,0.587271313760264,-0.697688642337011,-0.660110188249281
schedule_2,schedule_2/1611599876_79.csv,100,0.600703645856827,0.609568728109432,-0.632428981379309,-0.610609142119864
schedule_2,schedule_2/1611600057_32.csv,100,0.465816657393268,0.469361958544842,-1.03913467472892,-1.03989471758549
schedule_2,schedule_2/1611600158_51.csv,100,0.636235837946629,0.664971498959466,-0.52012769742066,-0.472004609832075
schedule_2,schedule_2/1611600317_84.csv,100,0.493386985600284,0.502071476141621,-1.01571328345577,-0.999487007029745
schedule_2,schedule_2/1611600422_8.csv,100,0.508097116700333,0.527799165406267,-0.943954132987291,-0.90730757828049
schedule_2,schedule_2/1611600861_13.csv,100,0.521788623951123,0.53049397806361,-0.802060257811769,-0.780876651589535
schedule_2,schedule_2/1611601565_84.csv,100,0.609177107460514,0.618521575875551,-0.693081281239602,-0.670300027668509
schedule_2,schedule_2/1611602090_63.csv,100,0.592184493674486,0.612411547869664,-0.744241290557558,-0.713131241454033
schedule_2,schedule_2/1611602308_18.csv,100,0.625258697607285,0.639528648300729,-0.630037798200362,-0.603345330917957
schedule_2,schedule_2/1611602466_21.csv,100,0.610776138101208,0.633289442265098,-0.664467499197047,-0.625320136557397
schedule_2,schedule_2/1611602600_5.csv,100,0.757010230914598,0.77730012902299,-0.388213638403754,-0.362104654080251
schedule_2,schedule_2/1611603219_42.csv,100,0.619491114077783,0.636753978056493,-0.677049649695096,-0.644423094649608
schedule_2,schedule_2/1611603401_74.csv,100,0.78768584759683,0.816669655906392,-0.293032275238955,-0.256326059494374
schedule_2,schedule_2/1611603450_48.csv,100,0.583764945223958,0.592540066579555,-0.729732975288747,-0.702219486594512
schedule_2,schedule_2/1611603860_2.csv,100,0.728704415921541,0.754798062735611,-0.436954063462475,-0.398924257633646
schedule_2,schedule_2/1611604376_86.csv,100,0.571718013321375,0.577668282447857,-0.807430284545469,-0.794847120132406
schedule_2,schedule_2/1611604431_52.csv,100,0.542524263944572,0.551245648311468,-0.811242905742392,-0.79409867004239
schedule_2,schedule_2/1611604589_50.csv,100,0.567164375952185,0.566716338335622,-0.783711807802854,-0.797867795246765
schedule_2,schedule_2/1611604819_45.csv,100,0.627039982858897,0.630032821317981,-0.622559939882512,-0.620989254750767
schedule_2,schedule_2/1611605062_48.csv,100,0.723857400927456,0.74414953370798,-0.467077173134174,-0.453505385299254
schedule_2,schedule_2/1611605144_50.csv,100,0.519900620748967,0.531426782968858,-0.919339601216546,-0.899500815517425
schedule_2,schedule_2/1611605264_88.csv,100,0.673097200263879,0.680382710048468,-0.508856647437864,-0.499551550286721
schedule_2,schedule_2/1611605480_3.csv,100,0.584521151378055,0.604798824268413,-0.800156267669335,-0.763100717789385
schedule_2,schedule_2/1611605592_14.csv,100,0.582939807158876,0.594511411581662,-0.822508818528548,-0.8075159476282
schedule_2,schedule_2/1611605857_18.csv,100,0.66440224542727,0.684349620733674,-0.578091175146039,-0.539348267917291
schedule_2,schedule_2/1611605897_75.csv,100,0.725626437195012,0.740033552936948,-0.442189973132457,-0.432775469929816
schedule_2,schedule_2/1611606394_55.csv,100,0.526102601750956,0.523105752804138,-0.81126789986316,-0.809985955144208
schedule_2,schedule_2/1611606742_67.csv,100,0.712090336641793,0.72948361471573,-0.496911308609098,-0.474525107664849
schedule_2,schedule_2/1611607945_75.csv,100,0.657671461143369,0.680695060406736,-0.617110255188762,-0.577239476402351
schedule_2,schedule_2/1611608258_6.csv,100,0.699658507424875,0.711122354783166,-0.491991433371378,-0.478851776899195
schedule_2,schedule_2/1611609001_65.csv,100,0.75149763874835,0.774704892099793,-0.37067417347456,-0.341674280702437
schedule_2,schedule_2/1611609108_70.csv,100,0.623667669188383,0.647119110954718,-0.597912708978898,-0.55849805208339
schedule_2,schedule_2/1611609210_58.csv,100,0.589210470058893,0.599946652307006,-0.660889557720265,-0.650532671512737
schedule_2,schedule_2/1611609869_88.csv,100,0.538916160635597,0.559139781448811,-0.778364431594775,-0.734265213973963
schedule_2,schedule_2/1611610034_29.csv,100,0.596534915938382,0.599372229214405,-0.706882614684986,-0.704647247344033
schedule_2,schedule_2/1611610809_11.csv,100,0.548842105213996,0.56044159005732,-0.724894693871583,-0.700858867387236
schedule_2,schedule_2/1611610926_88.csv,100,0.593099597009567,0.604519219300963,-0.725419773157969,-0.706320340261902
schedule_2,schedule_2/1611611109_83.csv,100,0.596265677982293,0.605194667476563,-0.717066528284271,-0.695056928847462
schedule_2,schedule_2/1611611359_16.csv,100,0.579888207004726,0.58526306402465,-0.799113550444045,-0.784048525887475
schedule_2,schedule_2/1611611803_52.csv,100,0.695648842522292,0.723253286547278,-0.473214776964884,-0.420780345594175
schedule_2,schedule_2/1611613867_46.csv,100,0.68192717171513,0.689314730389943,-0.50229075619305,-0.491947860323688
schedule_2,schedule_2/1611614629_23.csv,100,0.47160728378322,0.47695231334912,-0.996429225786322,-0.977570902947792
schedule_2,schedule_2/1611615129_93.csv,100,0.5955546396005,0.595069830982458,-0.700926829321412,-0.708317934874259
schedule_2,schedule_2/1611615247_84.csv,100,0.525246511982538,0.533566807920244,-0.909663122214945,-0.883091605442411
schedule_2,schedule_2/1611615915_9.csv,100,0.483548123295542,0.48064606889549,-0.870907121348325,-0.875569160709933
schedule_2,schedule_2/1611616015_23.csv,100,0.656019959946415,0.67855446592499,-0.527908730356339,-0.489052828818566
schedule_2,schedule_2/1611616209_5.csv,100,0.536855633505264,0.565804154983252,-0.768000328656771,-0.698360960299363
schedule_2,schedule_2/1611616960_89.csv,100,0.44027578768287,0.443158163977508,-0.967578856811871,-0.959303574240175
schedule_2,schedule_2/1611617090_35.csv,100,0.745019764625247,0.774034118961407,-0.389140441826423,-0.359447972915731
schedule_2,schedule_2/1611617931_4.csv,100,0.642140647296712,0.650327613957256,-0.604394621752804,-0.566750488698135
schedule_2,schedule_2/1611618295_51.csv,100,0.630934755646427,0.648276499795022,-0.671401904300253,-0.648260792767858
schedule_2,schedule_2/1611619298_56.csv,100,0.6490205368374,0.663115044286965,-0.590477378407079,-0.565578998403881
schedule_2,schedule_2/1611619883_6.csv,100,0.696813080497371,0.717060970525901,-0.476165615651797,-0.44645143287057
schedule_2,schedule_2/1611620029_48.csv,100,0.526751348227067,0.535667901362545,-0.822387062688115,-0.789462074641872
schedule_2,schedule_2/1611620469_84.csv,100,0.556342332934063,0.570537393937433,-0.833284661624315,-0.817431088042819
schedule_2,schedule_2/1611621900_59.csv,100,0.71802206060009,0.738335274348289,-0.464304911631768,-0.433412075772985
schedule_2,schedule_2/1611622610_22.csv,100,0.588239075392872,0.591003059037117,-0.728576193009966,-0.733039951480144
schedule_2,schedule_2/1611622832_82.csv,100,0.664414536945564,0.659122245929285,-0.495261195035201,-0.498305585362215
schedule_2,schedule_2/1611623161_53.csv,100,0.628562048620289,0.625686185217729,-0.691779031243008,-0.683251357097807
schedule_2,schedule_2/1611623484_17.csv,100,0.543178824038591,0.548914937353316,-0.804504726904819,-0.797234885548818
schedule_2,schedule_2/1611623819_50.csv,100,0.549840900709051,0.552550631982773,-0.819865446960303,-0.792327114769555
schedule_2,schedule_2/1611624281_85.csv,100,0.510645249380243,0.515932068117323,-0.948973213562386,-0.944292645183238
schedule_2,schedule_2/1611624385_90.csv,100,0.619664642419099,0.636370485716857,-0.614922267644919,-0.583233913353836
schedule_2,schedule_2/1611625085_71.csv,100,0.531253395445841,0.539947973019851,-0.878560459595914,-0.880310057140196
schedule_2,schedule_2/1611625188_99.csv,100,0.749648425102568,0.778211981584377,-0.387872159275571,-0.345992974135541
schedule_2,schedule_2/1611625458_63.csv,100,0.632686625789259,0.647200808572536,-0.599961720597226,-0.572167377967071
schedule_2,schedule_2/1611625998_45.csv,100,0.621824826178912,0.619099101351509,-0.663247904863441,-0.707115328729822
schedule_2,schedule_2/1611627165_17.csv,100,0.580866823747848,0.583749831949765,-0.763544409689975,-0.761627386593478
schedule_2,schedule_2/1611627486_57.csv,100,0.584902268114941,0.584898717403609,-0.719700727465086,-0.721267625920679
schedule_2,schedule_2/1611628012_74.csv,100,0.640286873475456,0.652380983409145,-0.652322230609899,-0.632984075639401
schedule_3,schedule_3/1590419426_98.csv,100,0.635181671836608,0.654465388172737,-0.610870973799297,-0.602731631093587
schedule_3,schedule_3/1590419459_14.csv,100,0.637718422632631,0.65288796669214,-0.584353781921592,-0.601399654441443
schedule_3,schedule_3/1590419465_88.csv,100,0.652030852221544,0.660778542452395,-0.536464996592396,-0.579206997353853
schedule_3,schedule_3/1590419481_37.csv,100,0.558531719678139,0.566234069819698,-0.813389624447748,-0.81295582128427
schedule_3,schedule_3/1590419501_39.csv,100,0.55842339539492,0.588848082350192,-0.778195095752761,-0.747276309410254
schedule_3,schedule_3/1590419513_65.csv,100,0.662080935206172,0.683183281168906,-0.543702571930056,-0.547507922041301
schedule_3,schedule_3/1590419517_1.csv,100,0.719906605926685,0.771158887031005,-0.408777495492972,-0.335770764851277
schedule_3,schedule_3/1590419532_9.csv,100,0.455749152612699,0.455749152612699,-1.05883229277981,-1.05883229277981
schedule_3,schedule_3/1590419547_17.csv,100,0.756505413333792,0.806225216664571,-0.318837134740083,-0.26375053991639
schedule_3,schedule_3/1590419616_50.csv,100,0.308007029345241,0.301379931379773,-1.43645202966354,-1.47135371956025
schedule_3,schedule_3/1590419704_54.csv,100,0.362990602520079,0.36872765747106,-1.32089146700634,-1.31345346963016
schedule_3,schedule_3/1590419953_51.csv,100,0.608357947483406,0.623808753000939,-0.694553147783529,-0.682125742878215
schedule_3,schedule_3/1590420591_11.csv,100,0.60638619882181,0.617862537876445,-0.701430457619994,-0.71012621237427
schedule_3,schedule_3/1590420863_40.csv,100,0.600491490990834,0.62135550734646,-0.692000562732449,-0.670006678190878
schedule_3,schedule_3/1590420934_4.csv,100,0.654361949367275,0.678837280106466,-0.567418127779248,-0.560387837134782
schedule_3,schedule_3/1590421224_39.csv,100,0.652973732467083,0.669762974465074,-0.565587780016195,-0.571765086706426
schedule_3,schedule_3/1590422041_76.csv,100,0.732838404010219,0.78332692944992,-0.368794196580959,-0.307467954559274
schedule_3,schedule_3/1590424494_79.csv,100,0.516432340284545,0.517567381167384,-0.914753510001129,-0.934334044182867
schedule_3,schedule_3/1609192748_72.csv,100,0.438339513204509,0.435696355833287,-1.11644653222693,-1.1378180579536
schedule_3,schedule_3/1609192770_28.csv,100,0.739853627634033,0.799815989992924,-0.366327778645304,-0.28642153619612
schedule_3,schedule_3/1609192783_64.csv,100,0.714601611252216,0.759409713743227,-0.411031186727285,-0.36348701412208
schedule_3,schedule_3/1609192801_75.csv,100,0.735583713700122,0.792484028124436,-0.376828987372753,-0.299827620512705
schedule_3,schedule_3/1609192821_55.csv,100,0.600968861914156,0.602525495022987,-0.684263859003852,-0.723331117901286
schedule_3,schedule_3/1609192840_85.csv,100,0.72640020889349,0.763653167988631,-0.388378841602667,-0.359654279616047
schedule_3,schedule_3/1609192918_34.csv,100,0.676714860745988,0.7176618492522,-0.520920121259181,-0.466340109713373
schedule_3,schedule_3/1609192989_78.csv,100,0.575358886282803,0.591111850357687,-0.753725931079373,-0.740511895903909
schedule_3,schedule_3/1609193014_4.csv,100,0.671383066519558,0.699420883197164,-0.540490096646654,-0.522938183615189
schedule_3,schedule_3/1609193052_21.csv,100,0.555545570381443,0.557304765688387,-0.822922181257399,-0.83434529109132
schedule_3,schedule_3/1609193086_17.csv,100,0.660348555691023,0.673265171717645,-0.551808822970916,-0.550286868820399
schedule_3,schedule_3/1609193182_71.csv,100,0.68526763703905,0.681354022511218,-0.457284580897798,-0.48123525735953
schedule_3,schedule_3/1609431244_42.csv,100,0.526421293387954,0.538022962809083,-0.843106204719434,-0.833367792228766
schedule_3,schedule_3/1609431542_52.csv,100,0.525246920284667,0.540161002634865,-0.88050515529106,-0.881078482319383
schedule_3,schedule_3/1609432581_60.csv,100,0.431149144898684,0.439857795974078,-1.07599792014168,-1.06395778404878
schedule_3,schedule_3/1609432763_91.csv,100,0.539998849195603,0.555142074251429,-0.873768646734348,-0.864254994869703
schedule_3,schedule_3/1609435192_33.csv,100,0.656333199292753,0.69295482742878,-0.575145116989041,-0.535218174302696
schedule_3,schedule_3/1609437688_35.csv,100,0.41344150712466,0.413354736799903,-1.14953214135251,-1.17146155675307
schedule_3,schedule_3/1609444075_34.csv,100,0.637123203325403,0.657148061940482,-0.630223699841718,-0.628365895436733
schedule_3,schedule_3/1609444112_94.csv,100,0.758742866706698,0.819321160552581,-0.315717098104282,-0.23721986348253
schedule_3,schedule_3/1609444133_17.csv,100,0.718499225560057,0.772548007290731,-0.406127483953403,-0.328793450229608
schedule_3,schedule_3/1609444345_18.csv,100,0.751693041976674,0.801993441909454,-0.33329913693274,-0.27924515212723
schedule_3,schedule_3/1609444542_51.csv,100,0.624529283215077,0.633371211941589,-0.620389292317908,-0.631912834567529
schedule_3,schedule_3/1609444714_57.csv,100,0.686126378708972,0.723285035214743,-0.497633921583267,-0.461014218346865
schedule_3,schedule_3/1609445937_77.csv,100,0.673923953520838,0.713629362182374,-0.527888731809687,-0.473306928170063
schedule_3,schedule_3/1609448056_47.csv,100,0.744231052598379,0.786592725445214,-0.349638126963016,-0.318916749034402
schedule_3,schedule_3/1609523536_61.csv,100,0.454971826759674,0.454672561377231,-1.11068322548149,-1.12774044839564
schedule_3,schedule_3/1609523629_70.csv,100,0.699516265734288,0.735618889173479,-0.462052481771843,-0.442008525680386
schedule_3,schedule_3/1609523824_62.csv,100,0.727505516035252,0.784813983048667,-0.388004202451585,-0.311102407026143
schedule_3,schedule_3/1609525211_14.csv,100,0.582351293488432,0.59962450643156,-0.73600961393818,-0.712040124607807
schedule_3,schedule_3/1609526928_62.csv,100,0.723413595487512,0.763206320079145,-0.409803635359929,-0.366686174826809
schedule_3,schedule_3/1609527444_84.csv,100,0.720008279033788,0.763076614684258,-0.420491254364852,-0.37637570247697
schedule_3,schedule_3/1609528316_46.csv,100,0.456143526841102,0.442485415330975,-1.03221242168787,-1.11069585122055
schedule_3,schedule_3/1609702165_83.csv,100,0.583428725878684,0.589361094810237,-0.677637640444373,-0.705624646985754
schedule_3,schedule_3/1609702172_84.csv,100,0.542717097047351,0.545940383319602,-0.84597580159432,-0.855623861442386
schedule_3,schedule_3/1609702206_77.csv,100,0.725780710668339,0.769716221622943,-0.391964998339735,-0.357988539768295
schedule_3,schedule_3/1609702247_50.csv,100,0.621580019855031,0.634914534845682,-0.675837548855365,-0.684429335098779
schedule_3,schedule_3/1609702248_89.csv,100,0.635746488749161,0.667770095178169,-0.605765195230031,-0.561471042238895
schedule_3,schedule_3/1609702270_44.csv,100,0.542287647121836,0.559007066420892,-0.865332141922261,-0.867423624996698
schedule_3,schedule_3/1609702312_77.csv,100,0.734849282399005,0.786593036631262,-0.380387111238401,-0.31318586145788
schedule_3,schedule_3/1609702313_19.csv,100,0.549437157441374,0.555237794953511,-0.793806922304127,-0.785796192078761
schedule_3,schedule_3/1609702327_24.csv,100,0.685474735526099,0.710229328815405,-0.481224362859612,-0.460602031117968
schedule_3,schedule_3/1609702514_67.csv,100,0.495418752729623,0.501950226937301,-0.951874425175278,-0.961846228044663
schedule_3,schedule_3/1609705814_64.csv,100,0.639629508119721,0.660584179312037,-0.569136098994386,-0.567782030715258
schedule_3,schedule_3/1609705951_56.csv,100,0.566757336250844,0.568948706233758,-0.795224852809055,-0.825578583628041
schedule_3,schedule_3/1609798860_100.csv,100,0.718612711308082,0.749877015387966,-0.3867266468425,-0.352754940361726
schedule_3,schedule_3/1609798877_85.csv,100,0.540403073376354,0.553599492118434,-0.832569735534919,-0.838387735282619
schedule_3,schedule_3/1609798891_89.csv,100,0.661793443621567,0.679832860872118,-0.5363658596245,-0.547566285913851
schedule_3,schedule_3/1609798900_7.csv,100,0.65187919209242,0.664988374347965,-0.563779067816888,-0.590793162533986
schedule_3,schedule_3/1609798903_86.csv,100,0.636531814785593,0.660613756266047,-0.596474181779475,-0.572449068671398
schedule_3,schedule_3/1609798911_89.csv,100,0.748871764903199,0.806061829413123,-0.333563715477498,-0.270710927477007
schedule_3,schedule_3/1609798939_95.csv,100,0.645208214902285,0.657899616495892,-0.570098384335982,-0.582923995420476
schedule_3,schedule_3/1609798953_78.csv,100,0.753373390385846,0.805041606489223,-0.32593769630327,-0.256251961460412
schedule_3,schedule_3/1609798977_21.csv,100,0.618843530722295,0.633292106003044,-0.650618394506802,-0.66002168332051
schedule_3,schedule_3/1609798989_59.csv,100,0.746343493003078,0.791348554307459,-0.337438015870535,-0.304925161298574
schedule_3,schedule_3/1609799015_35.csv,100,0.648820311903749,0.669190053610571,-0.580507877438332,-0.571211416599924
schedule_3,schedule_3/1609799174_82.csv,100,0.703750559018265,0.738946104299874,-0.422923511585889,-0.402960598577226
schedule_3,schedule_3/1609799247_30.csv,100,0.689945371541289,0.730119961076139,-0.486757477691338,-0.441213177125199
schedule_3,schedule_3/1609800027_74.csv,100,0.633780489374266,0.657987763074186,-0.63254631568499,-0.619211446691656
schedule_3,schedule_3/1609800225_71.csv,100,0.699321016938276,0.727205913173861,-0.45485054728432,-0.439543550481796
schedule_3,schedule_3/1609801762_8.csv,100,0.447400971315226,0.454746687014058,-1.11823139534151,-1.11824165084018
schedule_3,schedule_3/1609803629_54.csv,100,0.520998821366243,0.526692523207351,-0.879478408322111,-0.892126242898976
schedule_3,schedule_3/1610551368_78.csv,100,0.617653138159552,0.627368644765207,-0.674262541122565,-0.669141060763842
schedule_3,schedule_3/1610551437_51.csv,100,0.585048962467119,0.598972440107719,-0.741340582537706,-0.762647354593513
schedule_3,schedule_3/1610551506_52.csv,100,0.644843197680222,0.673781410407727,-0.614034433259048,-0.576211394634085
schedule_3,schedule_3/1610551579_34.csv,100,0.75567638110726,0.812272262349645,-0.322164233277455,-0.244958996221957
schedule_3,schedule_3/1610551641_97.csv,100,0.644221024742205,0.673859398959893,-0.577805630734947,-0.556936053652386
schedule_3,schedule_3/1610551707_9.csv,100,0.633749607354397,0.623008064241616,-0.598633152992883,-0.665655505919206
schedule_3,schedule_3/1610551781_7.csv,100,0.555248456498586,0.555248456498586,-0.807924487847238,-0.807924487847238
schedule_3,schedule_3/1610551819_91.csv,100,0.602466396099656,0.617972776948865,-0.687015889100645,-0.686480948891603
schedule_3,schedule_3/1610551847_56.csv,100,0.653829207699687,0.671234650094339,-0.553633452546677,-0.529206081791114
schedule_3,schedule_3/1610551924_52.csv,100,0.627935964043413,0.648034155073485,-0.647499702800759,-0.620997341932985
schedule_3,schedule_3/1610551990_66.csv,100,0.686267801260535,0.729317658401787,-0.494955309654027,-0.436053666579061
schedule_3,schedule_3/1610552075_26.csv,100,0.35832702178708,0.361210986286301,-1.28458205523612,-1.28074208323397
schedule_3,schedule_3/1610552190_63.csv,100,0.533815034047062,0.53685500400947,-0.854731603063545,-0.887898044763801
schedule_3,schedule_3/1610552261_72.csv,100,0.733644771789811,0.779972826246688,-0.371202120653166,-0.309799326201995
schedule_3,schedule_3/1610552352_66.csv,100,0.713991432971269,0.753310622363777,-0.423110748823654,-0.393950406430004
schedule_3,schedule_3/1610552590_50.csv,100,0.504616182801262,0.505278128606069,-0.906807525812331,-0.914597504224922
schedule_3,schedule_3/1610552635_49.csv,100,0.654446880213557,0.668240539862905,-0.573094556407035,-0.591444717073921
schedule_3,schedule_3/1610552816_61.csv,100,0.666887085875739,0.680117929866645,-0.564660591968493,-0.590944237220361
schedule_3,schedule_3/1610553032_89.csv,100,0.63912407485862,0.64070165621606,-0.625944458905783,-0.639318766388196
schedule_3,schedule_3/1610553239_7.csv,100,0.603945768315686,0.609299120575719,-0.697521419114086,-0.713715613094574
schedule_3,schedule_3/1610553344_52.csv,100,0.736897376018305,0.788128033655761,-0.353842640877564,-0.291718342873751
schedule_3,schedule_3/1610553358_43.csv,100,0.703707813355963,0.745003458383001,-0.450578086164233,-0.394964715477383
schedule_3,schedule_3/1610553593_82.csv,100,0.754398379191571,0.807984836774324,-0.321124479046194,-0.261705180866159
schedule_3,schedule_3/1610553838_87.csv,100,0.631976268360357,0.655091932014277,-0.673779441565544,-0.643693154490889
schedule_3,schedule_3/1610554042_65.csv,100,0.69737554627431,0.74346835944717,-0.476089285015982,-0.415206328504113
schedule_3,schedule_3/1610554181_85.csv,100,0.439062472546325,0.444516247874987,-1.12236968306837,-1.12357681085914
schedule_3,schedule_3/1610554515_86.csv,100,0.755560444232026,0.81323133927849,-0.320591627099375,-0.245741963731693
schedule_3,schedule_3/1610555184_89.csv,100,0.711921955661343,0.752380832890071,-0.425485998044615,-0.378402727066153
schedule_3,schedule_3/1610555605_52.csv,100,0.677683809558875,0.718476871341532,-0.494023868438118,-0.453064986393746
schedule_3,schedule_3/1610556127_69.csv,100,0.677551945861756,0.694029056933201,-0.488957309569881,-0.497099623203532
schedule_3,schedule_3/1610556246_58.csv,100,0.741541410297773,0.795950429274648,-0.364338065929322,-0.304726473999281
schedule_3,schedule_3/1610557025_24.csv,100,0.757778860765178,0.792374079579069,-0.307146254752047,-0.289731699551628
schedule_3,schedule_3/1610557750_29.csv,100,0.643887380722467,0.657634600587542,-0.583686576687798,-0.606308700709991
schedule_3,schedule_3/1610558538_84.csv,100,0.68836970078314,0.706310570769559,-0.483311558605482,-0.504646432974491
schedule_3,schedule_3/1610558686_21.csv,100,0.590702378207153,0.589142769674468,-0.704011248123296,-0.785754183593602
schedule_3,schedule_3/1610559935_43.csv,100,0.689340617959406,0.705069970364948,-0.464737844324961,-0.495861852922477
schedule_3,schedule_3/1610560744_10.csv,100,0.669095564633506,0.71356066381058,-0.54144364233954,-0.482755781165085
schedule_3,schedule_3/1610562618_21.csv,100,0.466384927796324,0.472079109632161,-1.02494301115379,-1.02456412861798
schedule_3,schedule_3/1610562789_77.csv,100,0.599104662066612,0.607207870798079,-0.719712951899096,-0.724129744823604
schedule_3,schedule_3/1610563663_93.csv,100,0.645000490172759,0.659510889145878,-0.556408726541245,-0.549540200590345
schedule_3,schedule_3/1610564646_4.csv,100,0.702582765038536,0.744414719636564,-0.454378276021004,-0.418583119186761
schedule_3,schedule_3/1610565613_49.csv,100,0.675573433138369,0.718572082306688,-0.502075072150075,-0.445670474714377
schedule_3,schedule_3/1610566106_58.csv,100,0.738910992061731,0.79087542251165,-0.361245304109798,-0.293867423342512
schedule_3,schedule_3/1610566396_8.csv,100,0.675146428513807,0.707799662388804,-0.516585087487422,-0.494099268270588
schedule_3,schedule_3/1610567385_59.csv,100,0.626606230289378,0.644967250065302,-0.632096385786203,-0.62885144326234
schedule_3,schedule_3/1610568722_38.csv,100,0.685289044501104,0.725917720579446,-0.488730489879124,-0.432758762574532
schedule_3,schedule_3/1610569891_43.csv,100,0.681450174177899,0.703039052291695,-0.479366067006131,-0.488832603879267
schedule_3,schedule_3/1610570832_59.csv,100,0.754566515472208,0.808283976810929,-0.32961446930939,-0.269379238807794
schedule_3,schedule_3/1610571451_99.csv,100,0.666698590707353,0.676839708606502,-0.540804177897684,-0.574138931681828
schedule_3,schedule_3/1610572734_41.csv,100,0.674517045285969,0.694850753332752,-0.519504288022729,-0.527231495527352
schedule_3,schedule_3/1610574045_58.csv,100,0.717222467776488,0.756837740866901,-0.411477162004455,-0.374057347508683
schedule_3,schedule_3/1610574629_50.csv,100,0.602391321457321,0.608916235914566,-0.723046239223211,-0.741947909857687
schedule_3,schedule_3/1610575985_14.csv,100,0.649028416605024,0.652041114261163,-0.591203072400455,-0.58713086706914
schedule_3,schedule_3/1610576441_90.csv,100,0.726646439713597,0.780301444784564,-0.395898637211461,-0.338171141599216
schedule_3,schedule_3/1610578451_10.csv,100,0.715356311038428,0.747995207217064,-0.411590692570479,-0.383526356628071
schedule_3,schedule_3/1610579562_25.csv,100,0.682884906848614,0.718473442069802,-0.47731219432598,-0.43530543017958
schedule_3,schedule_3/1610580953_13.csv,100,0.699205636978906,0.725468436576209,-0.463772032630831,-0.466531507576865
schedule_3,schedule_3/1610635962_82.csv,100,0.755705416537764,0.816330617362376,-0.327781380822217,-0.249183723801038
schedule_3,schedule_3/1610636736_23.csv,100,0.53874726393944,0.52737283666754,-0.8402837124429,-0.938044094117029
schedule_3,schedule_3/1610641304_24.csv,100,0.524670213470123,0.526674613212165,-0.882401550308372,-0.907740904515254
schedule_3,schedule_3/1610692679_36.csv,100,0.733082894108599,0.790698408841233,-0.387090165312262,-0.312067432805731
schedule_3,schedule_3/1610693042_99.csv,100,0.708081814716691,0.742540862186674,-0.420875902640341,-0.387967375790127
schedule_3,schedule_3/1610693584_24.csv,100,0.399759699402566,0.392605552680229,-1.20672595387694,-1.24854371760824
schedule_3,schedule_3/1610696003_3.csv,100,0.714004101870635,0.757832502386054,-0.418774626814795,-0.376846226010145
schedule_3,schedule_3/1610947484_77.csv,100,0.725692672077932,0.771069486689091,-0.384726154297221,-0.332781460429194
schedule_3,schedule_3/1610947511_77.csv,100,0.70232013859257,0.727565859848096,-0.448159836451434,-0.449660533290534
schedule_3,schedule_3/1610947621_14.csv,100,0.588735558156634,0.604594317754289,-0.710618817898533,-0.7041225026027
schedule_3,schedule_3/1610947738_87.csv,100,0.556555475783857,0.571281060123063,-0.812084041688749,-0.811991884086256
schedule_3,schedule_3/1610951052_50.csv,100,0.656129782205699,0.688388051612569,-0.555345314854204,-0.510055164266468
schedule_3,schedule_3/1610975273_80.csv,100,0.648922643344825,0.674146105734993,-0.571987599053705,-0.560724701848895
schedule_3,schedule_3/1610975374_53.csv,100,0.573929517483413,0.577809643958912,-0.758936051023235,-0.782090322955992
schedule_3,schedule_3/1610975542_58.csv,100,0.703349411079703,0.747463056536473,-0.43342603160813,-0.400101129311229
schedule_3,schedule_3/1611001742_86.csv,100,0.620359641215513,0.64626787145653,-0.644968703585839,-0.627292096021429
schedule_3,schedule_3/1611004542_2.csv,100,0.411913278303695,0.41915659378488,-1.16773977696467,-1.16718684880061
schedule_3,schedule_3/1611008248_71.csv,100,0.713945385985478,0.751098678166055,-0.404581703771026,-0.352144201522593
schedule_3,schedule_3/1611089759_30.csv,100,0.662160464052238,0.694206660214595,-0.544902622082133,-0.515668072007331
schedule_3,schedule_3/1611089771_69.csv,100,0.577480742780233,0.593331506620563,-0.780807067802786,-0.773595515871698
schedule_3,schedule_3/1611089800_99.csv,100,0.709248705218526,0.733422194275027,-0.412551293060013,-0.40077208265315
schedule_3,schedule_3/1611089830_39.csv,100,0.678465859724325,0.698255220826566,-0.528601121485817,-0.534738270562164
schedule_3,schedule_3/1611089833_46.csv,100,0.559082447686268,0.57384599415817,-0.794268824170911,-0.774383095056246
schedule_3,schedule_3/1611089851_5.csv,100,0.690136771295178,0.713776519730164,-0.479918833214785,-0.482950657160261
schedule_3,schedule_3/1611089868_67.csv,100,0.570920074419657,0.580174814451423,-0.792083033977842,-0.811469515983074
schedule_3,schedule_3/1611089869_37.csv,100,0.604558736527116,0.621014768903071,-0.680215539275672,-0.666852292795639
schedule_3,schedule_3/1611089890_94.csv,100,0.701140761450743,0.7373593513688,-0.467313746090065,-0.427797059754576
schedule_3,schedule_3/1611089900_6.csv,100,0.631870041458953,0.641732036672897,-0.617822137168525,-0.622190911364353
schedule_3,schedule_3/1611089905_79.csv,100,0.59515773842728,0.620821142649653,-0.704955440838394,-0.676430852991138
schedule_3,schedule_3/1611089922_26.csv,100,0.557213425216023,0.543443240058836,-0.818004979040552,-0.880022941850927
schedule_3,schedule_3/1611089957_70.csv,100,0.707279798373388,0.74846591259204,-0.441109304178168,-0.392186332850147
schedule_3,schedule_3/1611089967_92.csv,100,0.357433870505886,0.360273002803676,-1.25384872481099,-1.25713062014708
schedule_3,schedule_3/1611089988_95.csv,100,0.453331360302352,0.45906864165616,-1.04073835073495,-1.04001648770883
schedule_3,schedule_3/1611090014_9.csv,100,0.605827922880096,0.609980199919738,-0.678945358676902,-0.694646637406847
schedule_3,schedule_3/1611090047_93.csv,100,0.752612176562104,0.803717232184374,-0.323114900183675,-0.267315815361952
schedule_3,schedule_3/1611090198_68.csv,100,0.597431068700588,0.620865559893225,-0.710802824494382,-0.689444193536495
schedule_3,schedule_3/1611090418_37.csv,100,0.453849015027141,0.45111462926456,-1.04240100514574,-1.07213242155478
schedule_3,schedule_3/1611090454_78.csv,100,0.701344908400858,0.731622824629673,-0.453466074999158,-0.445006996876583
schedule_3,schedule_3/1611090984_54.csv,100,0.501453125365629,0.513534737513213,-0.978064347953995,-0.980993026021613
schedule_3,schedule_3/1611091482_30.csv,100,0.512946403139584,0.525419586831582,-0.974848620671468,-0.978074128147156
schedule_3,schedule_3/1611092460_37.csv,100,0.728817809682673,0.783643201772049,-0.38128510544702,-0.310114955435028
schedule_3,schedule_3/1611093359_33.csv,100,0.458242401110817,0.468644312486542,-1.08154759448282,-1.08845452397839
schedule_3,schedule_3/1611097447_62.csv,100,0.611705122990413,0.622410021606163,-0.652918540862715,-0.64790757867098
schedule_3,schedule_3/1611257088_1.csv,100,0.718310788777938,0.757858874731996,-0.430389763547555,-0.390567220625734
schedule_3,schedule_3/1611257103_81.csv,100,0.667433989951605,0.697897285013422,-0.527369858207826,-0.485133680082465
schedule_3,schedule_3/1611257113_61.csv,100,0.487158395830071,0.495918345803634,-1.01452046534773,-1.00223247330203
schedule_3,schedule_3/1611257131_1.csv,100,0.465545388124614,0.465545388124614,-0.984674606829692,-0.984674606829692
schedule_3,schedule_3/1611257139_92.csv,100,0.630808297633413,0.656898278978982,-0.655891361565453,-0.626671083594929
schedule_3,schedule_3/1611257149_73.csv,100,0.683852720530392,0.727756047699091,-0.495941643383271,-0.443368382220859
schedule_3,schedule_3/1611257150_30.csv,100,0.667547881540063,0.693565707724555,-0.542980650400374,-0.520104777142896
schedule_3,schedule_3/1611257161_11.csv,100,0.488411845572714,0.513621480590956,-0.996350857675304,-0.962361335646979
schedule_3,schedule_3/1611257201_58.csv,100,0.561842691134018,0.567958378916903,-0.768906767151968,-0.760485079786494
schedule_3,schedule_3/1611257220_31.csv,100,0.690100094805238,0.704789737282388,-0.464174293744405,-0.450752359228795
schedule_3,schedule_3/1611257237_74.csv,100,0.464448957784882,0.473097734324715,-1.03600068377377,-1.02455999752432
schedule_3,schedule_3/1611257260_36.csv,100,0.54887818864369,0.551381271079734,-0.822643928773611,-0.857313218733196
schedule_3,schedule_3/1611257269_66.csv,100,0.484874730265801,0.484965696896191,-0.987119823184933,-1.00139840016079
schedule_3,schedule_3/1611257275_66.csv,100,0.756602066569124,0.812419398898075,-0.321876952989759,-0.254961346734586
schedule_3,schedule_3/1611257317_84.csv,100,0.535887081828884,0.531823989811008,-0.917802610983035,-0.975205791753327
schedule_3,schedule_3/1611257348_16.csv,100,0.667098944803692,0.683598446828333,-0.508107144007501,-0.537012989199919
schedule_3,schedule_3/1611257358_85.csv,100,0.677738269944805,0.72107763911439,-0.526302465907777,-0.470051860524073
schedule_3,schedule_3/1611257388_82.csv,100,0.67302230271995,0.678888851319887,-0.544601921178598,-0.536642688164161
schedule_3,schedule_3/1611257414_95.csv,100,0.625722974513876,0.643145212587977,-0.648925589427417,-0.624260226840586
schedule_3,schedule_3/1611257429_43.csv,100,0.480623943761933,0.480192502459235,-0.966816356526297,-0.986454803172292
schedule_3,schedule_3/1611257480_58.csv,100,0.563577118034497,0.581181339768856,-0.747990927132755,-0.72335278717693
schedule_3,schedule_3/1611257489_14.csv,100,0.502897088410365,0.504415468295126,-0.975124319230991,-1.01655965442945
schedule_3,schedule_3/1611257510_46.csv,100,0.577981740271757,0.581617374560103,-0.727215909243623,-0.73935819893541
schedule_3,schedule_3/1611257552_35.csv,100,0.614325731149528,0.632992254776379,-0.686711326817691,-0.666766760696026
schedule_3,schedule_3/1611257588_23.csv,100,0.556547867810073,0.559456531406068,-0.769351908898385,-0.765246658461008
schedule_3,schedule_3/1611257628_52.csv,100,0.671372884137624,0.690199202917843,-0.502436514712248,-0.51896409025035
schedule_3,schedule_3/1611257668_92.csv,100,0.695508419220825,0.715851985618099,-0.453576959783328,-0.470289698295745
schedule_3,schedule_3/1611257744_94.csv,100,0.679929376530178,0.712998856384491,-0.530690930899495,-0.511917104390364
schedule_3,schedule_3/1611257780_88.csv,100,0.650109059592567,0.684496405565558,-0.616740614846954,-0.570158435532508
schedule_3,schedule_3/1611257827_24.csv,100,0.498035499437888,0.498608967022131,-0.962828509537845,-0.971517442294408
schedule_3,schedule_3/1611258586_41.csv,100,0.621550270770688,0.650423458075765,-0.665211717965546,-0.639859421455742
schedule_3,schedule_3/1611260372_67.csv,100,0.717170207896839,0.748016891594772,-0.409317875162405,-0.402898953315546
schedule_3,schedule_3/1611260609_52.csv,100,0.690585098250939,0.733769008088272,-0.478568515195992,-0.42229045132856
schedule_3,schedule_3/1611260970_24.csv,100,0.675580256340612,0.689428359636742,-0.495299684821732,-0.502837015083737
schedule_3,schedule_3/1611261186_98.csv,100,0.698296940555941,0.737534045488137,-0.459488382987385,-0.412795395457298
schedule_3,schedule_3/1611261216_22.csv,100,0.710208234782995,0.73973596751818,-0.417640537138259,-0.417190178297173
schedule_3,schedule_3/1611262203_19.csv,100,0.543132735633754,0.546150652925735,-0.84620765468153,-0.856021124173746
schedule_3,schedule_3/1611264913_11.csv,100,0.605523739693646,0.624241222741697,-0.712591572812743,-0.709822829801682
schedule_3,schedule_3/1611268171_9.csv,100,0.676929495309436,0.717674847826502,-0.497137004458552,-0.445809337225058
schedule_3,schedule_3/1611835505_65.csv,100,0.638505602500496,0.648837484259834,-0.593917993447122,-0.607081205807204
schedule_3,schedule_3/1611835569_91.csv,100,0.758249401068503,0.799877154434327,-0.309320032204465,-0.282213587739218
schedule_3,schedule_3/1611835596_92.csv,100,0.58568821941536,0.595187611384404,-0.740194803075027,-0.741261061976867
schedule_3,schedule_3/1611835663_12.csv,100,0.679754759697841,0.712971659769205,-0.480880520911825,-0.44285850287365
schedule_3,schedule_3/1611836275_9.csv,100,0.697311474438493,0.730039434811096,-0.448339026988933,-0.42048609297581
schedule_3,schedule_3/1611836374_49.csv,100,0.673960871666414,0.693981082389627,-0.518291197933743,-0.511536464547539
schedule_3,schedule_3/1611836575_68.csv,100,0.759867062505349,0.814603634586019,-0.306573886488902,-0.235497801325619
schedule_3,schedule_3/1611836633_80.csv,100,0.647583724592013,0.668410447162759,-0.59762018778567,-0.583218391730045
schedule_3,schedule_3/1611836667_46.csv,100,0.668592465649494,0.689326170641112,-0.541707049962598,-0.552322578548577
schedule_3,schedule_3/1611836711_95.csv,100,0.415938755854445,0.39708332311144,-1.10772470494339,-1.20070353817088
schedule_3,schedule_3/1611836926_52.csv,100,0.709070687806123,0.750906050156438,-0.447482558517766,-0.403939825808756
schedule_3,schedule_3/1611837103_55.csv,100,0.62584499096361,0.650955574753191,-0.648109423123941,-0.631331453263353
schedule_3,schedule_3/1611837430_62.csv,100,0.680969255689696,0.713245792869725,-0.500182073142544,-0.454873813476167
schedule_3,schedule_3/1611837563_96.csv,100,0.662641834358301,0.688683866685972,-0.536440460384718,-0.515296728591672
schedule_3,schedule_3/1611837891_28.csv,100,0.678362409563245,0.719771562902379,-0.495570640611496,-0.443969656101933
schedule_3,schedule_3/1611838531_8.csv,100,0.677479055081536,0.708670015662299,-0.49315919874448,-0.475360830711396
schedule_3,schedule_3/1611838589_88.csv,100,0.51710160827558,0.515796179577251,-0.899746074496713,-0.920222862710029
schedule_3,schedule_3/1611838773_23.csv,100,0.609102146695372,0.622710676736296,-0.694770008498767,-0.705017853918112
schedule_3,schedule_3/1611838910_65.csv,100,0.675732046396239,0.688459578786387,-0.496352573432308,-0.522446823766058
schedule_3,schedule_3/1611838912_82.csv,100,0.7061617765818,0.754254539401889,-0.437699728194684,-0.381620509738974
schedule_3,schedule_3/1611839064_81.csv,100,0.711781821381357,0.75179000982978,-0.422726835484497,-0.393187365262343
schedule_3,schedule_3/1611839281_48.csv,100,0.670971770279189,0.691945741541328,-0.538590567119644,-0.523879017762923
schedule_3,schedule_3/1611840733_20.csv,100,0.716033820902243,0.756597867273906,-0.411290077252188,-0.370529308571124
schedule_3,schedule_3/1611842125_24.csv,100,0.615309896513035,0.635521932475973,-0.66123266240495,-0.654865589306073
schedule_3,schedule_3/1611843085_45.csv,100,0.612783382607623,0.628439009506579,-0.673545378237152,-0.665770765153408
schedule_3,schedule_3/1611844383_100.csv,100,0.745547955267184,0.79976772668233,-0.352849921398492,-0.281193010979933
schedule_3,schedule_3/1611844560_63.csv,100,0.699918124880684,0.713520402969536,-0.456595933734001,-0.476800509129179
schedule_3,schedule_3/1611844574_44.csv,100,0.599480128452861,0.614691088298993,-0.682419347183869,-0.678517334687827
schedule_3,schedule_3/1611844698_10.csv,100,0.560371821103783,0.582455457260805,-0.762784255520469,-0.747022707038561
schedule_3,schedule_3/1611844790_2.csv,100,0.756123836380657,0.812675427350862,-0.322162775112641,-0.254698419532011
schedule_3,schedule_3/1611845084_42.csv,100,0.711391492400467,0.749717019636428,-0.442854303475312,-0.399265547481393
schedule_3,schedule_3/1611845149_77.csv,100,0.623176056156917,0.623760524613733,-0.616230156128778,-0.677280256324787
schedule_3,schedule_3/1611845332_34.csv,100,0.603220851649715,0.607184299407456,-0.67937153965386,-0.712675234929176
schedule_3,schedule_3/1611845527_57.csv,100,0.64714378141448,0.660523187926724,-0.560338715439724,-0.565306938367277
schedule_3,schedule_3/1611847339_11.csv,100,0.63604184526947,0.632409955103809,-0.620811355679058,-0.707199419106946
schedule_3,schedule_3/1611848146_89.csv,100,0.704680681545183,0.748067145313469,-0.456924534089139,-0.400816752886966
schedule_3,schedule_3/1611848835_42.csv,100,0.746079881259623,0.797670087887241,-0.348498322527253,-0.292396295689501
schedule_3,schedule_3/1611849214_54.csv,100,0.652619020910329,0.672837662929137,-0.574988954508535,-0.579677558819186
schedule_3,schedule_3/1611849230_42.csv,100,0.690899093760157,0.736833615944668,-0.489595111753435,-0.428903289533186
schedule_3,schedule_3/1611850007_70.csv,100,0.597086316075281,0.614423728880984,-0.692845758928294,-0.690643510238048
schedule_3,schedule_3/1611850304_32.csv,100,0.689478258140787,0.713880085734651,-0.490030919288064,-0.481881886426199
schedule_3,schedule_3/1611850305_47.csv,100,0.74084824509648,0.785329760506603,-0.349952022208589,-0.308081053578874
schedule_3,schedule_3/1611851122_52.csv,100,0.718034685279004,0.739626232417385,-0.39241755678071,-0.414429857774919
schedule_3,schedule_3/1611852394_62.csv,100,0.659587488099732,0.673279515280648,-0.568992398725259,-0.577618057539578
schedule_3,schedule_3/1611854325_80.csv,100,0.748611160343879,0.805345357937455,-0.332916965154867,-0.256664251278843
schedule_3,schedule_3/1611857827_27.csv,100,0.436743639783895,0.44012072557239,-1.13598782503828,-1.13862828256447
schedule_3,schedule_3/1611860536_46.csv,100,0.674475894353019,0.703689430327349,-0.506627336441315,-0.472165932120083
schedule_3,schedule_3/1613915474_71.csv,100,0.703428741055771,0.742175321398611,-0.448362959325243,-0.411344292106457
schedule_3,schedule_3/1613915488_28.csv,100,0.547445280087968,0.547906691728051,-0.788029970122073,-0.812955599082058
schedule_3,schedule_3/1613915503_39.csv,100,0.348487551919714,0.342295991594179,-1.34909429539844,-1.38450074484591
schedule_3,schedule_3/1613915518_31.csv,100,0.630127263780904,0.62733179817523,-0.625314857054694,-0.67665970583688
schedule_3,schedule_3/1613915521_63.csv,100,0.54818280313012,0.553983158908267,-0.820305211353541,-0.818864687876317
schedule_3,schedule_3/1613915530_25.csv,100,0.631405511434694,0.668876067306582,-0.617137542703551,-0.580271279686053
schedule_3,schedule_3/1613915552_27.csv,100,0.357271308681932,0.354385750526417,-1.34382247069779,-1.36283435780441
schedule_3,schedule_3/1613915562_81.csv,100,0.685736413414086,0.705908963132984,-0.492562633294785,-0.484057121807956
schedule_3,schedule_3/1613915574_70.csv,100,0.648618853643723,0.669578389082012,-0.572682054392647,-0.573646800604873
schedule_3,schedule_3/1613915604_14.csv,100,0.494818237962072,0.505383100007142,-0.984438990993545,-1.0076936017498
schedule_3,schedule_3/1613915625_61.csv,100,0.67200707505059,0.713234892148293,-0.49017587905763,-0.453342027622683
schedule_3,schedule_3/1613915664_66.csv,100,0.692016375972023,0.707215631239213,-0.472768941626157,-0.497544616549565
schedule_3,schedule_3/1613915681_11.csv,100,0.681459646969619,0.7219594500414,-0.520388062163123,-0.464681411529819
schedule_3,schedule_3/1613915691_12.csv,100,0.713181765964582,0.756682034240072,-0.425578038361663,-0.374284381023654
schedule_3,schedule_3/1613915694_3.csv,100,0.693452226516536,0.742624263226657,-0.481506408114177,-0.415399428083757
schedule_3,schedule_3/1613915718_31.csv,100,0.706850581011351,0.738704246876215,-0.44510059089684,-0.423634056999536
schedule_3,schedule_3/1613915729_96.csv,100,0.63701921828234,0.651335185824006,-0.614642264369187,-0.602838148860387
schedule_3,schedule_3/1613915735_37.csv,100,0.688965324177065,0.72345228780007,-0.493060406076897,-0.469160638859337
schedule_3,schedule_3/1613915745_75.csv,100,0.655393858031717,0.676997051247561,-0.567577075961363,-0.551002963481526
schedule_3,schedule_3/1613915781_59.csv,100,0.705526556521622,0.745352181926056,-0.460356020728571,-0.421220206670033
schedule_3,schedule_3/1613915793_61.csv,100,0.687537874977379,0.727745526159878,-0.490968811777003,-0.437537895630272
schedule_3,schedule_3/1613915838_41.csv,100,0.646086680251592,0.65201341232479,-0.562015206103736,-0.604179184415742
schedule_3,schedule_3/1613915863_64.csv,100,0.695848135313278,0.738845126962351,-0.481952617554673,-0.437456731448595
schedule_3,schedule_3/1613915916_81.csv,100,0.578886677614861,0.581921780743604,-0.750993865111252,-0.769646352680617
schedule_3,schedule_3/1613916084_35.csv,100,0.645227517114541,0.669221482315399,-0.562655470542234,-0.544923182233363
schedule_3,schedule_3/1613916088_86.csv,100,0.430573774828718,0.427276681593378,-1.14709189518577,-1.17656827302685
schedule_3,schedule_3/1613916332_40.csv,100,0.714047590152252,0.753781352744965,-0.420682197610353,-0.405280357289978
schedule_3,schedule_3/1613916343_1.csv,100,0.547980853003542,0.55090310660233,-0.794541481502649,-0.797430652436655
schedule_3,schedule_3/1613916376_94.csv,100,0.692849302658107,0.720070788914113,-0.46215813792017,-0.443916747611673
schedule_3,schedule_3/1613916407_54.csv,100,0.737507228527273,0.782676927768624,-0.363205100850752,-0.31605766745973
schedule_3,schedule_3/1613916438_69.csv,100,0.696731089016039,0.731401269863065,-0.458679114608586,-0.431917078765299
schedule_3,schedule_3/1613916525_47.csv,100,0.608950193270515,0.62192760239629,-0.677782816673262,-0.686424458489287
schedule_3,schedule_3/1613916543_73.csv,100,0.51181792347644,0.527646921565048,-0.906540119674112,-0.902761551465301
schedule_3,schedule_3/1613916558_64.csv,100,0.736191386667861,0.792302867206702,-0.374829553867482,-0.308036510009932
schedule_3,schedule_3/1613916585_26.csv,100,0.66758589939101,0.697369966847211,-0.534746024882203,-0.506910807124868
schedule_3,schedule_3/1613916660_67.csv,100,0.745506322447826,0.796737012577394,-0.361033863051204,-0.292697066818404
schedule_3,schedule_3/1613916755_76.csv,100,0.594933602353178,0.606319700624691,-0.690577085695936,-0.70833121089934
schedule_3,schedule_3/1613916775_74.csv,100,0.672869671432669,0.691045487982093,-0.518535961850509,-0.537133026879924
schedule_3,schedule_3/1613916778_55.csv,100,0.7059783448252,0.745481071894416,-0.445652061747023,-0.40083305621128
schedule_3,schedule_3/1613916895_6.csv,100,0.522456629510869,0.530631938473495,-0.894433459964925,-0.920354350716757
schedule_3,schedule_3/1613916909_79.csv,100,0.56843769667746,0.582958222424647,-0.784972029614999,-0.772934225822601
schedule_3,schedule_3/1613917013_97.csv,100,0.572934196095465,0.57888985089269,-0.747031520301076,-0.775225253378512
schedule_3,schedule_3/1613917040_2.csv,100,0.685304344848128,0.728622639236886,-0.498088976543433,-0.437845214007914
schedule_3,schedule_3/1613917056_65.csv,100,0.629289844200473,0.651429875633668,-0.643521055602517,-0.620172048392668
schedule_3,schedule_3/1613917104_21.csv,100,0.735647535517594,0.777655303115048,-0.36976995856347,-0.338241102425832
schedule_3,schedule_3/1613917117_44.csv,100,0.692571127357668,0.717631317925937,-0.450518303249881,-0.444376680257583
schedule_3,schedule_3/1613917134_13.csv,100,0.59558491418725,0.601934515418451,-0.714073436302564,-0.721735610781816
schedule_3,schedule_3/1613917175_30.csv,100,0.656080850654017,0.679809757296171,-0.557547349162089,-0.549263992612445
schedule_3,schedule_3/1613917211_79.csv,100,0.525488225437548,0.539833251377894,-0.863498844837111,-0.857840738441494
schedule_3,schedule_3/1613917330_40.csv,100,0.705551068237182,0.751936710870988,-0.454163881494638,-0.39345477209494
schedule_3,schedule_3/1613917410_87.csv,100,0.661693414911587,0.694430264917686,-0.549428788056218,-0.511496023211869
schedule_3,schedule_3/1613917443_79.csv,100,0.655521214605916,0.684173918163281,-0.586362215798409,-0.56065147507756
schedule_3,schedule_3/1613917493_47.csv,100,0.499219097097515,0.513821683136416,-0.933186480392676,-0.923697948068209
schedule_3,schedule_3/1613917534_9.csv,100,0.342110043813932,0.3390131194049,-1.26031421022047,-1.27315246193567
schedule_3,schedule_3/1613917604_58.csv,100,0.670809420423465,0.680371023537091,-0.49730066006993,-0.500345576150389
schedule_3,schedule_3/1613917612_6.csv,100,0.74395532586323,0.783613358924663,-0.338304690866513,-0.314429618917506
schedule_3,schedule_3/1613917613_81.csv,100,0.669273092725136,0.689087261097564,-0.553117584507503,-0.538028267289584
schedule_3,schedule_3/1613917640_71.csv,100,0.577016191219565,0.560616316544141,-0.744975235450524,-0.820400289930828
schedule_3,schedule_3/1613917699_79.csv,100,0.714078999305585,0.751503902878974,-0.419821115773188,-0.392039408088315
schedule_3,schedule_3/1613917705_49.csv,100,0.710103104030227,0.754857884482306,-0.416117922827735,-0.371987329428188
schedule_3,schedule_3/1613917860_54.csv,100,0.74796060648353,0.80783938678925,-0.33090681665706,-0.250462724834043
schedule_3,schedule_3/1613917903_52.csv,100,0.681946831353359,0.7224394153179,-0.507777640022838,-0.455515694653487
schedule_3,schedule_3/1613917971_69.csv,100,0.76024112440883,0.816995625255488,-0.30677997242757,-0.242967679208821
schedule_3,schedule_3/1613918075_32.csv,100,0.767260558866846,0.824836101593777,-0.290783550774571,-0.215859633106025
schedule_3,schedule_3/1613918132_68.csv,100,0.739791378871191,0.785721211984618,-0.365832336969653,-0.314990292266644
schedule_3,schedule_3/1613918147_94.csv,100,0.734246872706388,0.781306002972684,-0.370111571768955,-0.315674381726677
schedule_3,schedule_3/1613918149_80.csv,100,0.598095410394743,0.623664918738769,-0.731900388238005,-0.708687679465787
schedule_3,schedule_3/1613918217_9.csv,100,0.558585966622605,0.561506349632129,-0.84353961636355,-0.848921498063524
schedule_3,schedule_3/1613918236_20.csv,100,0.553153477263321,0.553166687611905,-0.80266678187693,-0.809890725788224
schedule_3,schedule_3/1613918434_28.csv,100,0.574823984635348,0.597957947422242,-0.794317579838078,-0.763065224121051
schedule_3,schedule_3/1613918442_4.csv,100,0.642166427514729,0.673463401271131,-0.62403945171689,-0.5811166557493
schedule_3,schedule_3/1613918457_21.csv,100,0.676078993459656,0.707919226652643,-0.52661859758532,-0.485431114351923
schedule_3,schedule_3/1613918531_96.csv,100,0.725688297152081,0.77165547735506,-0.387409658556754,-0.322992695103051
schedule_3,schedule_3/1613918605_75.csv,100,0.637974512691312,0.665728845258666,-0.595843541930787,-0.583803140340579
schedule_3,schedule_3/1613918695_67.csv,100,0.664834949650527,0.697465784758369,-0.531461824396702,-0.498542469977718
schedule_3,schedule_3/1613918823_79.csv,100,0.595142512975996,0.612968118381523,-0.723537932807084,-0.699665856826838
schedule_3,schedule_3/1613918944_73.csv,100,0.637183939636517,0.649600984122945,-0.633204960645342,-0.634221625083933
schedule_3,schedule_3/1613919016_10.csv,100,0.621234830541458,0.639709990065665,-0.618495288103859,-0.599658554970238
schedule_3,schedule_3/1613919026_6.csv,100,0.760650887707054,0.805881583144268,-0.314685701127691,-0.263628941180734
schedule_3,schedule_3/1613919127_6.csv,100,0.738534140033249,0.789673717139706,-0.361554895782026,-0.307294117177874
schedule_3,schedule_3/1613919276_3.csv,100,0.536670344851662,0.548273949326041,-0.794555410183496,-0.7779621175423
schedule_3,schedule_3/1613919281_84.csv,100,0.697167672202032,0.71853198093774,-0.456874275383431,-0.473615238096013
schedule_3,schedule_3/1613919336_76.csv,100,0.652905452581513,0.665326478792784,-0.564909650953447,-0.576678954663395
schedule_3,schedule_3/1613919372_47.csv,100,0.708799150120953,0.747215320271341,-0.427336937634045,-0.384295028976765
schedule_3,schedule_3/1613919407_71.csv,100,0.67990386620334,0.70120590825995,-0.494119553749515,-0.487143056930731
schedule_3,schedule_3/1613919437_57.csv,100,0.666379163914199,0.707026745089599,-0.535254081000883,-0.479290322007771
schedule_3,schedule_3/1613919642_67.csv,100,0.590243260675578,0.602046225098138,-0.704125643662993,-0.6877204425297
schedule_3,schedule_3/1613919666_42.csv,100,0.688241375027847,0.715168718196445,-0.479689802307506,-0.456228806897012
schedule_3,schedule_3/1613919705_56.csv,100,0.572306449740098,0.58147116984013,-0.800533877261816,-0.805102174817965
schedule_3,schedule_3/1613919733_65.csv,100,0.598016559736392,0.609834708533592,-0.686989647452899,-0.687910825143237
schedule_3,schedule_3/1613919735_2.csv,100,0.57517314725753,0.576401441328432,-0.737525200291483,-0.774293746285785
schedule_3,schedule_3/1613919754_82.csv,100,0.76573176978263,0.825482167153482,-0.300068517388196,-0.233006986005481
schedule_3,schedule_3/1613919775_4.csv,100,0.669929874714637,0.718881532088743,-0.555207741664745,-0.490939749859576
schedule_3,schedule_3/1613919803_49.csv,100,0.646744144983342,0.671179770001951,-0.598016636854083,-0.574190244603206
schedule_3,schedule_3/1613919812_86.csv,100,0.737294546976123,0.794966937330211,-0.3798592233367,-0.305012762805046
schedule_3,schedule_3/1613919831_3.csv,100,0.623501826573448,0.635121491490957,-0.616865047804667,-0.622590935297135
schedule_3,schedule_3/1613919952_62.csv,100,0.663261253812077,0.6925768531815,-0.515101785555235,-0.487207030951501
schedule_3,schedule_3/1613920024_32.csv,100,0.670668905292845,0.713552352251967,-0.526842475004641,-0.467378920300014
schedule_3,schedule_3/1613920258_93.csv,100,0.462839141708855,0.468791481960136,-1.02744759294405,-1.01938634479976
schedule_3,schedule_3/1613920286_11.csv,100,0.674777478035747,0.712615631585036,-0.507348714020922,-0.486310770870172
schedule_3,schedule_3/1613920366_67.csv,100,0.693808663796146,0.716866749498994,-0.452684500964357,-0.433774567087595
schedule_3,schedule_3/1613920439_6.csv,100,0.654637731988638,0.676354939288969,-0.561730663155352,-0.552883233581128
schedule_3,schedule_3/1613921033_36.csv,100,0.707297842932074,0.756708520924551,-0.425587750282869,-0.35966900768722
schedule_3,schedule_3/1613921055_59.csv,100,0.582343825597605,0.594664538750069,-0.817426500456401,-0.801542570494974
schedule_3,schedule_3/1613921135_75.csv,100,0.585858982344917,0.580719568441766,-0.697326139362811,-0.760241820109488
schedule_3,schedule_3/1613921310_40.csv,100,0.710099474641165,0.749163290061944,-0.42508710290586,-0.378924664762581
schedule_3,schedule_3/1613921461_40.csv,100,0.407150248659034,0.409891535413608,-1.20549503610366,-1.22258465247389
schedule_3,schedule_3/1613921464_88.csv,100,0.745824272908506,0.800519621623084,-0.357859039174849,-0.286884449162779
schedule_3,schedule_3/1613921660_59.csv,100,0.727220245737515,0.779291076050637,-0.389401375847985,-0.31962837398438
schedule_3,schedule_3/1613921695_14.csv,100,0.708480200078309,0.742879630962517,-0.435715717624618,-0.411433566722937
schedule_3,schedule_3/1613921996_46.csv,100,0.714635529957118,0.759561968553314,-0.402642877475962,-0.353466216541283
schedule_3,schedule_3/1613922171_91.csv,100,0.674542799966029,0.707380097767602,-0.509663212579246,-0.478076825650477
schedule_3,schedule_3/1613922307_68.csv,100,0.489519313944454,0.500642992463502,-0.926956896132819,-0.954694024195494
schedule_3,schedule_3/1613922312_89.csv,100,0.564292467107514,0.573049673517711,-0.828101846130795,-0.815814182556793
schedule_3,schedule_3/1613922622_25.csv,100,0.725438539409324,0.75845449334368,-0.40176558220706,-0.372978072966612
schedule_3,schedule_3/1613922640_68.csv,100,0.47481631625016,0.477847978040495,-1.01450479703495,-1.04480995799987
schedule_3,schedule_3/1613922786_50.csv,100,0.548646289397273,0.561345254767752,-0.840243073273538,-0.836639542837206
schedule_3,schedule_3/1613922946_83.csv,100,0.595315271936697,0.601901988841968,-0.75219799896506,-0.756412235348706
schedule_3,schedule_3/1613923215_8.csv,100,0.591785330651595,0.597041704636612,-0.736090238133615,-0.769341935161684
schedule_3,schedule_3/1613923352_35.csv,100,0.681105060696795,0.706219820972781,-0.499414006093429,-0.507631547391024
schedule_3,schedule_3/1613923449_65.csv,100,0.568652073497786,0.5805375369449,-0.744583410396183,-0.742315018527043
schedule_3,schedule_3/1613923478_26.csv,100,0.623580129027261,0.640786339593557,-0.632179630080716,-0.654294259896033
schedule_3,schedule_3/1613923678_70.csv,100,0.517050811123438,0.525789538014065,-0.93329720815284,-0.921162049763641
schedule_3,schedule_3/1613923777_7.csv,100,0.750500656157317,0.801587145555112,-0.332715829048075,-0.278409975535595
schedule_3,schedule_3/1613924005_90.csv,100,0.671866940078728,0.699992308503547,-0.520263477369237,-0.496184179331757
schedule_3,schedule_3/1613924045_4.csv,100,0.694038622804943,0.720678313225976,-0.475768209431544,-0.454374163994825
schedule_3,schedule_3/1613924108_35.csv,100,0.616070124012709,0.645260546506634,-0.647217807002424,-0.606170936040174
schedule_3,schedule_3/1613924256_41.csv,100,0.699713538547214,0.741179407543904,-0.453751680022008,-0.407070703586335
schedule_3,schedule_3/1613924407_1.csv,100,0.720839680681079,0.765044156489179,-0.400313077938701,-0.347971838584821
schedule_3,schedule_3/1613924540_100.csv,100,0.70577779966961,0.746098509811843,-0.426120959672602,-0.385675418464698
schedule_3,schedule_3/1613924638_80.csv,100,0.667596992322814,0.701787758081386,-0.545360559884128,-0.515816127961777
schedule_3,schedule_3/1613924793_36.csv,100,0.510925427436135,0.513278918010434,-0.895729751865045,-0.920233452885669
schedule_3,schedule_3/1613924899_95.csv,100,0.713243064309014,0.740223051429631,-0.417966491974344,-0.437399128382588
schedule_3,schedule_3/1613924944_14.csv,100,0.719721906393422,0.726311332835585,-0.425960967146876,-0.425313252099955
schedule_3,schedule_3/1613925084_7.csv,100,0.673304870945865,0.691014176856876,-0.504154390203114,-0.532413171854956
schedule_3,schedule_3/1613925281_88.csv,100,0.748964707694077,0.806370628734548,-0.346758758265389,-0.271875669979037
schedule_3,schedule_3/1613925953_19.csv,100,0.435495446877935,0.443986613325748,-1.1018695535744,-1.10481057811054
schedule_3,schedule_3/1613925992_79.csv,100,0.643724743429065,0.650712232103946,-0.6168718870219,-0.646870352736765
schedule_3,schedule_3/1613926123_99.csv,100,0.708531522308039,0.754888418034241,-0.446408573020094,-0.386702690526615
schedule_3,schedule_3/1613926174_34.csv,100,0.713420215348004,0.756370222096934,-0.408237001028518,-0.358264729813412
schedule_3,schedule_3/1613926257_30.csv,100,0.685491308567854,0.728521022026752,-0.507029258150036,-0.46247065848572
schedule_3,schedule_3/1613926388_90.csv,100,0.639269754828279,0.66590478674514,-0.59157989151376,-0.561348555034901
schedule_3,schedule_3/1613926643_1.csv,100,0.697565021957175,0.722095765330319,-0.459716953349052,-0.451775749735564
schedule_3,schedule_3/1613926998_6.csv,100,0.69149152703763,0.734168757417351,-0.481275932363356,-0.438022874864637
schedule_3,schedule_3/1613928095_70.csv,100,0.701665308891793,0.734929663236546,-0.43692012031986,-0.409493773744015
schedule_3,schedule_3/1613928146_71.csv,100,0.601220476279698,0.624810486294279,-0.682756278249479,-0.650774363766245
schedule_3,schedule_3/1613928796_55.csv,100,0.717559724820232,0.763208081125051,-0.436877104107833,-0.389978033388209
schedule_3,schedule_3/1613928838_42.csv,100,0.764447754724405,0.821176311938355,-0.301473451085792,-0.23770375792834
schedule_3,schedule_3/1613929305_68.csv,100,0.664409819380835,0.695618993505277,-0.539179577656085,-0.511779518640387
schedule_3,schedule_3/1613929373_7.csv,100,0.651881473422213,0.664411034893507,-0.562545100387206,-0.586400262152085
schedule_3,schedule_3/1613930274_87.csv,100,0.711274591711134,0.743923812142107,-0.403185450710752,-0.376205730301642
schedule_3,schedule_3/1613930336_10.csv,100,0.52441196250232,0.565310837304342,-0.847343680339291,-0.796823370561604
schedule_3,schedule_3/1613930926_53.csv,100,0.620606611047903,0.647651838964985,-0.671277402772644,-0.655476491330213
schedule_3,schedule_3/1613932217_13.csv,100,0.636900579979356,0.66204462440241,-0.587054478578535,-0.569232706610087
schedule_3,schedule_3/1613932382_54.csv,100,0.601595083891356,0.601345624554729,-0.719337699585916,-0.752510091198913
schedule_3,schedule_3/1613932427_80.csv,100,0.622529519552491,0.654719078061904,-0.641087653093297,-0.623443282830044
schedule_3,schedule_3/1613933192_28.csv,100,0.698663728682821,0.733804156218526,-0.469998715699281,-0.432264772520574
schedule_3,schedule_3/1613933448_38.csv,100,0.741252924868627,0.778166074099175,-0.359928061326306,-0.335679222230526
schedule_3,schedule_3/1613933541_36.csv,100,0.575016332331466,0.584553086256308,-0.770639955330436,-0.767970992167119
schedule_3,schedule_3/1613933980_15.csv,100,0.68209230149429,0.715534869910882,-0.490978605013387,-0.464745171748568
schedule_3,schedule_3/1613934220_63.csv,100,0.661828777576623,0.690359864705174,-0.551703602634535,-0.520954086172046
schedule_3,schedule_3/1613934400_88.csv,100,0.697585069530479,0.708380298015426,-0.443943769871632,-0.493868132307603
schedule_3,schedule_3/1613934493_53.csv,100,0.582377070374911,0.576014904314511,-0.760803643895472,-0.81671322729778
schedule_3,schedule_3/1613934597_56.csv,100,0.700064758720028,0.729172027220976,-0.464384794262656,-0.424748624988135
schedule_3,schedule_3/1613934640_35.csv,100,0.644579077274712,0.662508493858183,-0.564364743207376,-0.574805428105734
schedule_3,schedule_3/1613934951_4.csv,100,0.583273544274219,0.596704903729344,-0.733718811287236,-0.739306316805905
schedule_3,schedule_3/1613935595_17.csv,100,0.691950982790167,0.725656508484237,-0.469267783587757,-0.42886743122739
schedule_3,schedule_3/1613935627_47.csv,100,0.621851023434121,0.63425661059403,-0.623001812346106,-0.641299511792077
schedule_3,schedule_3/1613936506_73.csv,100,0.659907830146054,0.681562326728825,-0.539614150396839,-0.539193608522279
schedule_3,schedule_3/1613936509_47.csv,100,0.682697451181712,0.705171823350273,-0.463221571699508,-0.468148424876976
schedule_3,schedule_3/1613937242_75.csv,100,0.587305972392972,0.597106332746903,-0.697849126586206,-0.701861490167907
schedule_3,schedule_3/1613937959_20.csv,100,0.706082014927894,0.733217060917074,-0.444216515468088,-0.428034067433396
schedule_3,schedule_3/1613938182_2.csv,100,0.481727036827361,0.487532053149294,-0.966262121656277,-0.957962687790848
schedule_3,schedule_3/1613938485_8.csv,100,0.618963050489504,0.619422727082616,-0.67450652886225,-0.701836922072903
schedule_3,schedule_3/1613938546_57.csv,100,0.684276604460699,0.726657085351331,-0.5061287254835,-0.474624199429883
schedule_3,schedule_3/1613939225_80.csv,100,0.342704851909261,0.331881791243024,-1.34115674345771,-1.39249053120625
schedule_3,schedule_3/1613939723_40.csv,100,0.665793383441339,0.670481923054466,-0.52550585186473,-0.563536240354435
schedule_3,schedule_3/1613939778_91.csv,100,0.590559076071002,0.597237360338151,-0.732796223221754,-0.731531740108473
schedule_3,schedule_3/1613940170_29.csv,100,0.746118777986653,0.797135718710007,-0.351860056769095,-0.29178294354181
schedule_3,schedule_3/1613940659_69.csv,100,0.652184429535053,0.673011351319367,-0.565954243078467,-0.569096747807424
schedule_3,schedule_3/1613940853_93.csv,100,0.63144566929944,0.646094684832152,-0.608952558435645,-0.63145189455988
schedule_3,schedule_3/1613941377_86.csv,100,0.648050480281973,0.656516973625976,-0.608912603138738,-0.633326393113078
schedule_3,schedule_3/1613941869_80.csv,100,0.639078688273045,0.66364465125899,-0.614596467866232,-0.593504898414354
schedule_3,schedule_3/1613941905_41.csv,100,0.522511273013969,0.525412637170433,-0.92184718578162,-0.91815056243768
schedule_3,schedule_3/1613942617_24.csv,100,0.631155393894054,0.649851266032224,-0.620404130892098,-0.63002834429524
schedule_3,schedule_3/1613942877_35.csv,100,0.710819280103708,0.739269557668146,-0.420658956644529,-0.407142512593303
schedule_3,schedule_3/1613943222_81.csv,100,0.665379725114684,0.68667030013463,-0.556180043287022,-0.527730269300116
schedule_3,schedule_3/1613943363_16.csv,100,0.707356040064619,0.734564633286816,-0.431750518655118,-0.430304725403081
schedule_3,schedule_3/1613943733_22.csv,100,0.729330739198251,0.777874923192315,-0.388707756956678,-0.336442004309163
schedule_3,schedule_3/1613943832_11.csv,100,0.697618121630087,0.733030835657569,-0.448299919567331,-0.410908049784821
schedule_3,schedule_3/1613944131_55.csv,100,0.719605046797518,0.777170477205692,-0.409362079877147,-0.33318842631868
schedule_3,schedule_3/1613944135_2.csv,100,0.673229105324412,0.710555616707352,-0.536192597074469,-0.495106161510395
schedule_3,schedule_3/1613944408_22.csv,100,0.615004332213401,0.632695156668265,-0.647765690708126,-0.647653250786262
schedule_3,schedule_3/1613944601_36.csv,100,0.726227469206806,0.765826173454759,-0.384320290062259,-0.368402014570049
schedule_3,schedule_3/1613944636_22.csv,100,0.651619699908144,0.658829562856774,-0.547481346965595,-0.581282044647036
schedule_3,schedule_3/1613945213_68.csv,100,0.747735268132454,0.810469547704349,-0.341849361709669,-0.257657330927675
schedule_3,schedule_3/1613945255_26.csv,100,0.748133208196863,0.801758496775367,-0.338205966330627,-0.275534364490517
schedule_3,schedule_3/1613945927_34.csv,100,0.603532734445347,0.608164325271516,-0.688843929647089,-0.745076375392522
schedule_3,schedule_3/1613946020_8.csv,100,0.680364818393045,0.700036000662455,-0.517163010658367,-0.520622969906649
schedule_3,schedule_3/1613946530_71.csv,100,0.591050293710417,0.605658672946505,-0.736835024174202,-0.750699266696901
schedule_3,schedule_3/1613946554_24.csv,100,0.544562464720092,0.546287246298598,-0.883808346114874,-0.906364577953052
schedule_3,schedule_3/1613946887_15.csv,100,0.611717862187495,0.636629705906482,-0.665541806043247,-0.639875005011006
schedule_3,schedule_3/1613947307_85.csv,100,0.72496958236125,0.765154660718608,-0.414110755684328,-0.374401434014503
schedule_3,schedule_3/1613948284_54.csv,100,0.749798830646051,0.787578959501448,-0.326372968142572,-0.290603039728545
schedule_3,schedule_3/1613948306_42.csv,100,0.677881976308003,0.71822174124223,-0.504422487400553,-0.460348114156302
schedule_3,schedule_3/1613948853_62.csv,100,0.70616068710264,0.750561133907939,-0.427380270845279,-0.385877704721793
schedule_3,schedule_3/1613949166_45.csv,100,0.706424841479361,0.752422468229569,-0.453598989127789,-0.393186956657763
schedule_3,schedule_3/1613949345_30.csv,100,0.665647981098562,0.670597986174238,-0.538739915658187,-0.570725454478408
schedule_3,schedule_3/1613949588_95.csv,100,0.633718996030634,0.656317898020924,-0.622688754730028,-0.615780441283601
schedule_3,schedule_3/1613949935_1.csv,100,0.681834945068325,0.71622001762873,-0.519522305507662,-0.487002458759317
schedule_3,schedule_3/1613950564_69.csv,100,0.701286575284616,0.723182856837972,-0.447189784068123,-0.423554768040315
schedule_3,schedule_3/1613950580_48.csv,100,0.734618332365772,0.775958220350248,-0.364697685248195,-0.334357846620255
schedule_3,schedule_3/1613951448_15.csv,100,0.367574638742419,0.370542714434781,-1.27202795001813,-1.27449560616616
schedule_3,schedule_3/1613951678_65.csv,100,0.608652049888947,0.640017577187531,-0.688333639560331,-0.671147318721434
schedule_3,schedule_3/1613952252_45.csv,100,0.69204557608141,0.724753232019389,-0.483019238600965,-0.47337345417478
schedule_3,schedule_3/1613952390_62.csv,100,0.668097499867584,0.694372829494907,-0.512340190984763,-0.514874580401263
schedule_3,schedule_3/1613953783_68.csv,100,0.671547122106148,0.686653647044376,-0.546541877244132,-0.553596930333967
schedule_3,schedule_3/1613953800_100.csv,100,0.709610988005132,0.736000746649099,-0.415574498651239,-0.416718874452119
schedule_3,schedule_3/1613954408_74.csv,100,0.452076396051647,0.452038393063585,-1.01239062972562,-1.02656794469305
schedule_3,schedule_3/1613954535_27.csv,100,0.6580333130387,0.681042181466268,-0.540339091169584,-0.537891286083669
schedule_3,schedule_3/1613954648_13.csv,100,0.754129134176178,0.754129134176178,-0.359340455540419,-0.359340455540419
schedule_3,schedule_3/1613954707_69.csv,100,0.66038820613337,0.681357841470841,-0.549086467415713,-0.533188781549771
schedule_3,schedule_3/1613955605_87.csv,100,0.576146808198259,0.577223275346362,-0.763826567327078,-0.8010689534746
schedule_3,schedule_3/1613955785_21.csv,100,0.678036573880138,0.699850879952941,-0.500917388879502,-0.525742776672766
schedule_3,schedule_3/1613955967_52.csv,100,0.696973900814566,0.724486103857997,-0.45589235866292,-0.461246480433606
schedule_3,schedule_3/1613956346_17.csv,100,0.658602479319825,0.670002554405225,-0.539092574118282,-0.569958073788991
schedule_3,schedule_3/1613956874_11.csv,100,0.520355951649322,0.519301370599174,-0.908120302277208,-0.934731621898347
schedule_3,schedule_3/1613957037_4.csv,100,0.598221707063906,0.598228867090569,-0.711022247115785,-0.792791736406521
schedule_3,schedule_3/1613958087_92.csv,100,0.660317300465871,0.672564363919328,-0.542729954557067,-0.52612640506726
schedule_3,schedule_3/1613958193_19.csv,100,0.710425665323571,0.757271294682867,-0.413624760611482,-0.348541037376966
schedule_3,schedule_3/1613958776_22.csv,100,0.58855888090278,0.589268848570411,-0.721720759310746,-0.743014597036903
schedule_3,schedule_3/1613958843_29.csv,100,0.755156828060665,0.802316021679644,-0.323961430317903,-0.268456675316788
schedule_3,schedule_3/1613959506_76.csv,100,0.702173202135446,0.743746907846501,-0.438075823709619,-0.394041005645865
schedule_3,schedule_3/1613959524_10.csv,100,0.449917400729642,0.433566074268593,-0.981397145004892,-1.04895552811354
schedule_3,schedule_3/1613959557_35.csv,100,0.583926167528532,0.600878279363373,-0.735958249863859,-0.739609826621788
schedule_3,schedule_3/1613960175_75.csv,100,0.618341781173591,0.639074048138129,-0.671982331325312,-0.643605561129752
schedule_3,schedule_3/1613960940_86.csv,100,0.730044734867899,0.775182199841326,-0.380690905630795,-0.336976987598117
schedule_3,schedule_3/1613961032_28.csv,100,0.661196920450837,0.679328455126425,-0.549261094419134,-0.556399564199331
schedule_3,schedule_3/1613962552_23.csv,100,0.686511680006141,0.72489541532438,-0.497374761462028,-0.454148164195986
schedule_3,schedule_3/1613962707_36.csv,100,0.707944482627517,0.751583892629133,-0.436647451413321,-0.397370774839019
schedule_3,schedule_3/1613963405_11.csv,100,0.686739552785361,0.723983403729874,-0.491265418493209,-0.455589469421144
schedule_3,schedule_3/1613964172_47.csv,100,0.496113360113275,0.497063605080281,-0.945631829203913,-0.962287032666843
schedule_3,schedule_3/1613964216_29.csv,100,0.604614921767429,0.619640723922581,-0.68443906370311,-0.728530434412637
schedule_3,schedule_3/1613965224_24.csv,100,0.697961183340548,0.732976049794878,-0.457021689333218,-0.438279129102056
schedule_3,schedule_3/1613966023_3.csv,100,0.357511822438265,0.359686505757553,-1.2860953056997,-1.29378225446275
schedule_3,schedule_3/1613966255_13.csv,100,0.732113978115642,0.780798586764542,-0.392617420269261,-0.340904210121073
schedule_3,schedule_3/1613966914_95.csv,100,0.599370065171316,0.625778123045571,-0.705039410727614,-0.668999385839668
schedule_3,schedule_3/1613967913_62.csv,100,0.591017911449683,0.597900477188677,-0.740576354301197,-0.74615895729703
schedule_3,schedule_3/1613968746_21.csv,100,0.611845840087405,0.627040870916104,-0.700327194237744,-0.687934861146681
schedule_3,schedule_3/1613968816_36.csv,100,0.693631950156452,0.748092321382463,-0.482086551904799,-0.410346196521007
schedule_3,schedule_3/1613969671_37.csv,100,0.68647495626527,0.701069884693145,-0.476924287241687,-0.509633015169237
schedule_3,schedule_3/1613969833_81.csv,100,0.725464440548304,0.777330702410261,-0.406449152559181,-0.337468694841284
schedule_3,schedule_3/1613970920_59.csv,100,0.751047479328702,0.800775736044481,-0.317786555058983,-0.252120530664757
schedule_3,schedule_3/1613971547_79.csv,100,0.631614197720358,0.644203586573843,-0.599225977434848,-0.62019594631893
schedule_3,schedule_3/1613972857_18.csv,100,0.605308739091077,0.6227656600286,-0.651646294201378,-0.627220068037218
schedule_3,schedule_3/1613973219_63.csv,100,0.445516569792277,0.442788229776839,-1.0946908488142,-1.12332735777701
schedule_3,schedule_3/1613975456_3.csv,100,0.716442055480956,0.759435356898223,-0.414412279059504,-0.370347457100538
schedule_3,schedule_3/1613975463_15.csv,100,0.682618651850505,0.719925138111202,-0.491643907924596,-0.454502259309347
schedule_3,schedule_3/1613976309_96.csv,100,0.444854627519319,0.447749786686444,-1.04197043240505,-1.03798403610993
schedule_3,schedule_3/1613976430_1.csv,100,0.541440844499749,0.544448138442795,-0.89419334954348,-0.89001050847975
schedule_3,schedule_3/1613978995_86.csv,100,0.611431550733759,0.624828726206455,-0.69256400912584,-0.683002042052791
schedule_3,schedule_3/1613979166_20.csv,100,0.716165695855079,0.765360687131354,-0.445438417704609,-0.381793945511878
schedule_3,schedule_3/1613981530_68.csv,100,0.707639004379634,0.759499316315333,-0.427855005862527,-0.358474881440031
schedule_3,schedule_3/1613983006_9.csv,100,0.613410857534925,0.622137802141416,-0.701871824435807,-0.689662916732848
schedule_3,schedule_3/1613984206_58.csv,100,0.572708419872356,0.585733290374799,-0.772749785460374,-0.796557888993409
schedule_3,schedule_3/1613984405_16.csv,100,0.534282122537818,0.547762089074231,-0.852986144422817,-0.866891775233019
schedule_3,schedule_3/1613988176_28.csv,100,0.726689298322086,0.7686405322895,-0.398053415396072,-0.361718035352477
schedule_3,schedule_3/1613989230_17.csv,100,0.759853778871862,0.820522441636665,-0.314225372175816,-0.235612066741618
schedule_3,schedule_3/1613990667_40.csv,100,0.717711727262019,0.769940113241617,-0.41440602828805,-0.353668143697537
schedule_3,schedule_3/1613990862_75.csv,100,0.498837913772061,0.495972438405623,-0.954873323075216,-0.965982006774971
schedule_3,schedule_3/1613994089_60.csv,100,0.628171718435324,0.600856827207636,-0.616235377351193,-0.740192341759882
schedule_3,schedule_3/1613996410_85.csv,100,0.754313943131549,0.802749399012185,-0.327191737146014,-0.28791676693939
schedule_3,schedule_3/1613997672_17.csv,100,0.731909037487649,0.776588800241431,-0.377100608568762,-0.335297450842845
schedule_3,schedule_3/1613998304_30.csv,100,0.335373253990494,0.335528748097754,-1.33194002193967,-1.34795938237393
schedule_3,schedule_3/1613998474_71.csv,100,0.749104043796519,0.809544589597873,-0.340615977139419,-0.259626913251736
schedule_3,schedule_3/1613999330_35.csv,100,0.687244055489785,0.718575570355196,-0.474184042408847,-0.461853037988833
schedule_3,schedule_3/1614000199_42.csv,100,0.667145448174424,0.704580073579552,-0.536620457290299,-0.51300536471846
schedule_3,schedule_3/1614000829_96.csv,100,0.430433970378947,0.433323605107362,-1.10309514370265,-1.0992115421982
schedule_3,schedule_3/1614000984_20.csv,100,0.55428920564752,0.560077635325863,-0.780890888564098,-0.772885687232937
schedule_3,schedule_3/1614001239_7.csv,100,0.663940066153898,0.700869326586177,-0.558170354174487,-0.509600759400268
schedule_3,schedule_3/1614001270_60.csv,100,0.34279889379943,0.339867746345963,-1.27094593797367,-1.28341912793122
schedule_3,schedule_3/1614001926_91.csv,100,0.485506891126625,0.502716302229238,-0.949896156443285,-0.925604977802439
schedule_3,schedule_3/1614002429_23.csv,100,0.616357289894632,0.633641863724535,-0.662839860470781,-0.665526946033151
schedule_3,schedule_3/1614003178_95.csv,100,0.572976062395611,0.584981058042826,-0.749328845432469,-0.74215686396131
schedule_3,schedule_3/1614003464_8.csv,100,0.557195192902556,0.565593867026025,-0.816903986706902,-0.825223868178231
schedule_3,schedule_3/1614004114_13.csv,100,0.71045305595085,0.763186768305035,-0.430628061163989,-0.371772486043986
schedule_3,schedule_3/1614004141_45.csv,100,0.498231887818827,0.49186170079593,-0.926296915324294,-0.971594625516033
schedule_3,schedule_3/1614005140_66.csv,100,0.719719540651417,0.742112139469243,-0.403473486568928,-0.427078015346725
schedule_3,schedule_3/1614005598_43.csv,100,0.66956958217754,0.705844644728366,-0.530122550080571,-0.488057277543583
schedule_3,schedule_3/1614006313_42.csv,100,0.733847716350129,0.780551504793698,-0.368732298811178,-0.324209128259963
schedule_3,schedule_3/1614006491_94.csv,100,0.657569869097178,0.660450648402326,-0.554042552039533,-0.595142675575789
schedule_3,schedule_3/1614007157_21.csv,100,0.565044906769182,0.573814563504259,-0.798323786168465,-0.808053917213628
schedule_3,schedule_3/1614009622_28.csv,100,0.626165447449477,0.632070447095124,-0.636675766065984,-0.638957318199175
schedule_3,schedule_3/1614009882_7.csv,100,0.613312090691279,0.64242013453433,-0.692475294738209,-0.65185688779296
schedule_3,schedule_3/1614011850_85.csv,100,0.677484080180845,0.692058537006859,-0.488279614963295,-0.514300429102506
schedule_3,schedule_3/1614011934_12.csv,100,0.719633901976678,0.768818560733633,-0.440377587563131,-0.37672005937435
schedule_3,schedule_3/1614012656_96.csv,100,0.720634095664122,0.772622277393114,-0.389831651809809,-0.320509938260276
schedule_3,schedule_3/1614014165_38.csv,100,0.720437748829934,0.769010375021198,-0.400931320269327,-0.349526856384933
schedule_3,schedule_3/1614014257_40.csv,100,0.703110449944604,0.741301035184749,-0.44660653911456,-0.40172807691959
schedule_3,schedule_3/1614016127_8.csv,100,0.698551761903074,0.729049257020725,-0.46553486487554,-0.442510895231647
schedule_3,schedule_3/1614016209_25.csv,100,0.695785435318089,0.726975627720446,-0.472015839874409,-0.45316288177622
schedule_3,schedule_3/1614017135_28.csv,100,0.674417816970732,0.682379384924715,-0.504188380759449,-0.527897220773083
schedule_3,schedule_3/1614017172_35.csv,100,0.625750949163926,0.627769832337545,-0.625941777243041,-0.658787478685454
schedule_3,schedule_3/1614019286_70.csv,100,0.602021417980109,0.619300432815129,-0.75339755494486,-0.73040764284907
schedule_3,schedule_3/1614022188_36.csv,100,0.684388069867913,0.705661331187592,-0.473770223193915,-0.479238720697815
schedule_3,schedule_3/1614023739_77.csv,100,0.698944574780825,0.707492303794864,-0.456437696396761,-0.480441758545786
schedule_3,schedule_3/1614024512_80.csv,100,0.539678552659702,0.558920384498541,-0.819332763807489,-0.81299802218226
schedule_3,schedule_3/1614025411_94.csv,100,0.740999034759854,0.78979941620837,-0.350676840862005,-0.286769846747592
schedule_3,schedule_3/1614027637_10.csv,100,0.454417756768862,0.457329654283814,-1.03004037206397,-1.02596787740706
schedule_3,schedule_3/1614028182_99.csv,100,0.517315236735941,0.506411369229525,-0.915389884064566,-0.986449849059896
schedule_3,schedule_3/1614029271_48.csv,100,0.698619957834905,0.74782158802942,-0.465310622991276,-0.397682011609493
schedule_3,schedule_3/1614030458_94.csv,100,0.733828489800944,0.781359961034361,-0.382510256250421,-0.318008838351199
schedule_3,schedule_3/1614032024_17.csv,100,0.653448421722994,0.673943736344177,-0.571983278261606,-0.573652241277535
schedule_3,schedule_3/1614033416_82.csv,100,0.732814665852272,0.768434120364636,-0.362745282321899,-0.337715500907796
schedule_3,schedule_3/1614036654_36.csv,100,0.740087280925757,0.790115827522735,-0.375352624267007,-0.31861604861961
schedule_3,schedule_3/1614038095_45.csv,100,0.707296098673838,0.750725892936231,-0.437364025187123,-0.388377171406067
schedule_3,schedule_3/1614044566_93.csv,100,0.716611148742673,0.744638449154104,-0.414377578588425,-0.398627191661009
schedule_3,schedule_3/1614044828_48.csv,100,0.658856613142947,0.641812577612099,-0.535846685157301,-0.663877208378041
schedule_3,schedule_3/1614045715_24.csv,100,0.665780069945991,0.692347251179728,-0.536229357219687,-0.533232237668171
schedule_3,schedule_3/1614046728_32.csv,100,0.726191095406724,0.772172365717301,-0.384494611104039,-0.337996007104477
schedule_3,schedule_3/1614047775_3.csv,100,0.71532298595652,0.747158793026239,-0.401899087685331,-0.385571943118747
schedule_3,schedule_3/1614048823_48.csv,100,0.721798655917569,0.772113617275811,-0.399534932131035,-0.341004410823285
schedule_3,schedule_3/1614051687_94.csv,100,0.650198967389468,0.678256410504314,-0.580658399255848,-0.553411107899652
schedule_3,schedule_3/1614052499_18.csv,100,0.687977430270204,0.730242946479755,-0.475009896167846,-0.430298512083563
schedule_3,schedule_3/1614055686_33.csv,100,0.731916325649373,0.772312989952227,-0.380007012639797,-0.340417440077067
schedule_3,schedule_3/1614059717_32.csv,100,0.687181435161938,0.725414647498181,-0.482584558018135,-0.443135055668049
schedule_3,schedule_3/1614062342_93.csv,100,0.672492470712142,0.70198355100866,-0.519390578854517,-0.519671111973514
schedule_3,schedule_3/1614063023_58.csv,100,0.522841486540237,0.529061781218644,-0.878501665436018,-0.877893244833206
schedule_3,schedule_3/1614083122_53.csv,100,0.693012281930084,0.736694836971033,-0.496409867324928,-0.437642435789868
schedule_3,schedule_3/1614083738_7.csv,100,0.681766252585228,0.716775577495199,-0.476735725820676,-0.459649202359164
schedule_3,schedule_3/1614083828_89.csv,100,0.69425851223029,0.743248184987395,-0.486688132532935,-0.420906477259361
schedule_3,schedule_3/1614083874_13.csv,100,0.586342750930545,0.597955658472497,-0.767244391465643,-0.750954173785192
schedule_3,schedule_3/1614083907_6.csv,100,0.710199542415797,0.753102433027065,-0.454341685248169,-0.409715289740468
schedule_3,schedule_3/1614083991_5.csv,100,0.65232048077314,0.669350424437654,-0.551738330268131,-0.566039119490203
schedule_3,schedule_3/1614084007_54.csv,100,0.451731082884481,0.454631385846478,-1.03639467359775,-1.03244225401046
schedule_3,schedule_3/1614084408_54.csv,100,0.629540204223584,0.670606972939766,-0.618603944677226,-0.562776402607582
schedule_3,schedule_3/1614084747_78.csv,100,0.481834867936913,0.479241470817563,-0.943797928579775,-0.969754689665355
schedule_3,schedule_3/1614084846_75.csv,100,0.62216791501318,0.636825112101259,-0.657922883779809,-0.655057268058835
schedule_3,schedule_3/1614085297_85.csv,100,0.536540801753864,0.550482066630435,-0.883260033942811,-0.875185735558637
schedule_3,schedule_3/1614086348_52.csv,100,0.561577151666374,0.556298051338627,-0.783096614093744,-0.810437622136749
schedule_3,schedule_3/1614087631_1.csv,100,0.340698087884549,0.337780020210869,-1.26421849459428,-1.27563273190937
schedule_4,schedule_4/1590419455_78.csv,100,0.478201835822847,0.489406957237757,-0.997575412445904,-0.970656961465523
schedule_4,schedule_4/1590419463_82.csv,100,0.606844625231133,0.59834478556431,-0.618711913457814,-0.628422996625573
schedule_4,schedule_4/1590419467_16.csv,100,0.480257366445001,0.476794290854817,-1.0051674486242,-1.0085769090236
schedule_4,schedule_4/1590419481_26.csv,100,0.801054427288022,0.827136885488552,-0.27719705863149,-0.243494841379435
schedule_4,schedule_4/1590419495_52.csv,100,0.378894135698301,0.378588280816239,-1.30634979134611,-1.31689764841101
schedule_4,schedule_4/1590419513_32.csv,100,0.351660202342739,0.351660222710713,-1.22302957984093,-1.22669476014242
schedule_4,schedule_4/1590419519_2.csv,100,0.664367009236354,0.681748008381468,-0.590022989298059,-0.568138090494278
schedule_4,schedule_4/1590419537_93.csv,100,0.572318321393925,0.589696571650626,-0.813338284325366,-0.785729079931433
schedule_4,schedule_4/1590419556_44.csv,100,0.854782031328678,0.834538509871592,-0.217276048847228,-0.230614417582289
schedule_4,schedule_4/1590419603_32.csv,100,0.658218614270972,0.658535492869783,-0.572790002166498,-0.581096920460248
schedule_4,schedule_4/1590419700_64.csv,100,0.605729578814254,0.623132581052796,-0.648007606929977,-0.617283599701241
schedule_4,schedule_4/1590419853_75.csv,100,0.624413899922963,0.646361696571576,-0.630574658314235,-0.59118567807917
schedule_4,schedule_4/1590420586_8.csv,100,0.396635302649458,0.396635302649458,-1.11444759754871,-1.11444759754871
schedule_4,schedule_4/1590420934_97.csv,100,0.362350767890772,0.35933378933375,-1.24069759973183,-1.25145647297286
schedule_4,schedule_4/1590421438_23.csv,100,0.784963855414815,0.811044707084038,-0.323078197586931,-0.289472914692066
schedule_4,schedule_4/1590421760_24.csv,100,0.779646909324044,0.808620731315967,-0.349914383964528,-0.312570992516609
schedule_4,schedule_4/1590422650_21.csv,100,0.506496940448353,0.515167248266519,-0.890267103902856,-0.87399505872419
schedule_4,schedule_4/1590423660_35.csv,100,0.495105353107747,0.500971327926514,-1.0319664656468,-1.02386823034055
schedule_4,schedule_4/1609192737_7.csv,100,0.454405350432448,0.462979750134522,-1.11426503607383,-1.09832214250433
schedule_4,schedule_4/1609192751_28.csv,100,0.652031168928119,0.654989371682815,-0.625714261244676,-0.617827029297559
schedule_4,schedule_4/1609192780_29.csv,100,0.374520675935446,0.377420427169294,-1.26088834800172,-1.25711575734152
schedule_4,schedule_4/1609192791_8.csv,100,0.722807602356407,0.739964991974988,-0.482428734437899,-0.458911700575513
schedule_4,schedule_4/1609192812_86.csv,100,0.606443596636304,0.609055894399933,-0.677195409863567,-0.67051035821568
schedule_4,schedule_4/1609192826_17.csv,100,0.559356749269326,0.559229450201102,-0.860883580760049,-0.873403915371469
schedule_4,schedule_4/1609192845_79.csv,100,0.848985430199383,0.817275806320239,-0.225697824851223,-0.28355585534391
schedule_4,schedule_4/1609192900_72.csv,100,0.534242684696066,0.537321065442035,-0.930744445447256,-0.902937933062663
schedule_4,schedule_4/1609192927_86.csv,100,0.640589490589621,0.663687967106574,-0.659692685363069,-0.625325907538092
schedule_4,schedule_4/1609192982_50.csv,100,0.560173662471652,0.582774330964994,-0.845721856305954,-0.802687746542871
schedule_4,schedule_4/1609193008_92.csv,100,0.5710778309806,0.562533588515199,-0.695299179852648,-0.707870449174037
schedule_4,schedule_4/1609193027_82.csv,100,0.566643722301989,0.566540862661525,-0.701073550163022,-0.688899484349492
schedule_4,schedule_4/1609193079_32.csv,100,0.701572223319476,0.724684906226089,-0.447503522007572,-0.414045208365376
schedule_4,schedule_4/1609193199_3.csv,100,0.588693245454681,0.591591231097905,-0.741059404509627,-0.750227359800731
schedule_4,schedule_4/1609431261_17.csv,100,0.419526122932853,0.416502109442956,-1.1560529404918,-1.16473105578969
schedule_4,schedule_4/1609431690_5.csv,100,0.515794444507205,0.524154232189902,-0.825949324560399,-0.801157228479463
schedule_4,schedule_4/1609433428_79.csv,100,0.73150205792647,0.754631300075307,-0.403750119136598,-0.369345122356019
schedule_4,schedule_4/1609436844_97.csv,100,0.614354867096511,0.622546139665197,-0.674581501135237,-0.661451352764167
schedule_4,schedule_4/1609444101_47.csv,100,0.498720414731809,0.498495522642004,-0.905713498574361,-0.911185858691608
schedule_4,schedule_4/1609444145_8.csv,100,0.521109639296741,0.521118291491682,-0.891660619965243,-0.888468555394073
schedule_4,schedule_4/1609444219_70.csv,100,0.691042065341878,0.70003604674696,-0.523332048888021,-0.513378788195742
schedule_4,schedule_4/1609444716_50.csv,100,0.639231098037439,0.655905048286701,-0.636673307251819,-0.620924342249557
schedule_4,schedule_4/1609445775_98.csv,100,0.482321521703475,0.479352502121131,-0.903052821566665,-0.904189137809257
schedule_4,schedule_4/1609448142_43.csv,100,0.570155636118511,0.581446026326866,-0.831366716190162,-0.796927094279979
schedule_4,schedule_4/1609523549_66.csv,100,0.575739381122319,0.590235588568785,-0.811094981969395,-0.792452066926511
schedule_4,schedule_4/1609523910_41.csv,100,0.623438149956306,0.628662697149597,-0.70271712162275,-0.696136845949869
schedule_4,schedule_4/1609524145_67.csv,100,0.507402463665896,0.492799364119353,-0.85657787420747,-0.894791785914293
schedule_4,schedule_4/1609524782_85.csv,100,0.43182142696015,0.434709737876345,-1.01745478706583,-1.00921364105089
schedule_4,schedule_4/1609525035_40.csv,100,0.535862684040337,0.538360228026783,-0.881917895238151,-0.901580965794777
schedule_4,schedule_4/1609528873_63.csv,100,0.796415578231132,0.822516082890575,-0.284469883550251,-0.250824564026408
schedule_4,schedule_4/1609702154_26.csv,100,0.74242113041261,0.751345543364462,-0.411786810985766,-0.398485233746118
schedule_4,schedule_4/1609702181_31.csv,100,0.648453285783805,0.662922199775943,-0.648306460942953,-0.624779377311954
schedule_4,schedule_4/1609702212_39.csv,100,0.56189865736662,0.579036497859345,-0.792536693363908,-0.754534934856559
schedule_4,schedule_4/1609702240_74.csv,100,0.694793974218567,0.697840946415099,-0.494155807465909,-0.491211885318218
schedule_4,schedule_4/1609702273_25.csv,100,0.465438356144287,0.471123688119366,-0.95765905733988,-0.931602752532436
schedule_4,schedule_4/1609702302_20.csv,100,0.750265539756867,0.758954986670426,-0.396626604509501,-0.387168915701034
schedule_4,schedule_4/1609702314_11.csv,100,0.638017496863993,0.652183308483714,-0.622083900662153,-0.602799025633793
schedule_4,schedule_4/1609702328_65.csv,100,0.498777706954271,0.505385215460979,-0.952791044494673,-0.935025517287346
schedule_4,schedule_4/1609702412_84.csv,100,0.484154469918524,0.483957697923462,-0.980568232880365,-0.984345217946692
schedule_4,schedule_4/1609702895_95.csv,100,0.593688749357112,0.602386096312883,-0.712447673925522,-0.70095108572474
schedule_4,schedule_4/1609716519_17.csv,100,0.639581406040586,0.651139478395527,-0.658214207465665,-0.639614897584889
schedule_4,schedule_4/1610551478_44.csv,100,0.596002617121441,0.604875182232282,-0.658829993913721,-0.640478655365588
schedule_4,schedule_4/1610551533_37.csv,100,0.609635946344646,0.624264555948807,-0.620901035735393,-0.593666194884116
schedule_4,schedule_4/1610551596_50.csv,100,0.71343002374824,0.736408820813341,-0.460172345967061,-0.429458512506495
schedule_4,schedule_4/1610551625_35.csv,100,0.536923202465257,0.528981809721334,-0.849130470913482,-0.874454250327178
schedule_4,schedule_4/1610551693_12.csv,100,0.741549798904994,0.73284367592753,-0.389439286507354,-0.394260457525345
schedule_4,schedule_4/1610551750_52.csv,100,0.56637759299138,0.58080602425239,-0.853755849686731,-0.830526832609814
schedule_4,schedule_4/1610551870_46.csv,100,0.53243602393027,0.544146759601018,-0.843600130958571,-0.813536993368347
schedule_4,schedule_4/1610551933_10.csv,100,0.517547329211194,0.521794753876815,-0.901932011983672,-0.883788298954509
schedule_4,schedule_4/1610551961_57.csv,100,0.779000744997774,0.802186993655358,-0.326027892928438,-0.29621971781085
schedule_4,schedule_4/1610552063_3.csv,100,0.51965456519535,0.522631861188271,-0.804041672319738,-0.795585139347438
schedule_4,schedule_4/1610552101_75.csv,100,0.500735859367616,0.515233107592518,-0.932232018289362,-0.88601573983985
schedule_4,schedule_4/1610552224_21.csv,100,0.674171833324456,0.679178312088539,-0.505312096250198,-0.510144851424702
schedule_4,schedule_4/1610552259_22.csv,100,0.568142661562278,0.588282951453371,-0.785412967952064,-0.744337303162984
schedule_4,schedule_4/1610552346_89.csv,100,0.66612394902037,0.68946998607914,-0.581594507722439,-0.546896365850757
schedule_4,schedule_4/1610552434_1.csv,100,0.732941978533005,0.731084532891607,-0.408101411773532,-0.407722641948402
schedule_4,schedule_4/1610552546_100.csv,100,0.509389190921644,0.522532458112373,-0.797687137453575,-0.763120476626338
schedule_4,schedule_4/1610552645_14.csv,100,0.637220581201762,0.651754228589109,-0.649293959547614,-0.630483721393139
schedule_4,schedule_4/1610552988_90.csv,100,0.545789852444191,0.551573896233903,-0.826646870071848,-0.802966439941897
schedule_4,schedule_4/1610553147_34.csv,100,0.612855780783661,0.610926722092593,-0.712682119372023,-0.723656052676278
schedule_4,schedule_4/1610553291_93.csv,100,0.636253702450472,0.647809823319533,-0.701667276067361,-0.680638597714329
schedule_4,schedule_4/1610553421_73.csv,100,0.683800372424067,0.695376037764166,-0.541527326426976,-0.526542442177922
schedule_4,schedule_4/1610553582_81.csv,100,0.636883714606053,0.661083233116683,-0.68906428477827,-0.617974133452403
schedule_4,schedule_4/1610553804_30.csv,100,0.722983525642858,0.746132800130042,-0.463725325645912,-0.428208163042853
schedule_4,schedule_4/1610554173_63.csv,100,0.410108956041909,0.410108956041909,-1.0971744630563,-1.0971744630563
schedule_4,schedule_4/1610554266_98.csv,100,0.489654277173843,0.498319437796856,-0.943659253342617,-0.926747227075211
schedule_4,schedule_4/1610555029_32.csv,100,0.513027507145531,0.534164001289099,-0.885760518770046,-0.812470742739101
schedule_4,schedule_4/1610555514_31.csv,100,0.629378384960526,0.638039725882892,-0.656442693466326,-0.641421307790923
schedule_4,schedule_4/1610555905_22.csv,100,0.530667445330434,0.545163463273242,-0.86379347387576,-0.840571061455476
schedule_4,schedule_4/1610556452_47.csv,100,0.662929408187973,0.680340929026175,-0.610667380166197,-0.587979936740347
schedule_4,schedule_4/1610556945_65.csv,100,0.643007281117347,0.648542102856034,-0.564154424592008,-0.552027041827637
schedule_4,schedule_4/1610557579_55.csv,100,0.465427542113345,0.464869820012225,-1.05166509557183,-1.06443946083333
schedule_4,schedule_4/1610558411_75.csv,100,0.816911146775823,0.845933119119841,-0.250401187210676,-0.21294064786768
schedule_4,schedule_4/1610558841_40.csv,100,0.713358308408071,0.714184146965961,-0.463310807040044,-0.46459064846062
schedule_4,schedule_4/1610559991_65.csv,100,0.56486069765251,0.582200159300006,-0.778666779607456,-0.750507604442224
schedule_4,schedule_4/1610560563_76.csv,100,0.542364569206767,0.546332709026407,-0.889357166577304,-0.898050725194475
schedule_4,schedule_4/1610561569_36.csv,100,0.500157640523778,0.520704201670368,-0.933558595010718,-0.879459029300311
schedule_4,schedule_4/1610562460_25.csv,100,0.622364092065573,0.625455023612509,-0.697413833652693,-0.702640629111757
schedule_4,schedule_4/1610563474_32.csv,100,0.539851851722709,0.533995314511587,-0.812931868973228,-0.830662066480157
schedule_4,schedule_4/1610564588_4.csv,100,0.563641857013589,0.580767437795166,-0.821733991923644,-0.798358206822123
schedule_4,schedule_4/1610565196_99.csv,100,0.539119247847117,0.560130491768985,-0.919458410232716,-0.851650106144162
schedule_4,schedule_4/1610565962_29.csv,100,0.738586715669342,0.75611551353651,-0.387652499574756,-0.361152296302368
schedule_4,schedule_4/1610566476_70.csv,100,0.636519861460143,0.633651973483382,-0.549319029935041,-0.554630301143548
schedule_4,schedule_4/1610567572_84.csv,100,0.520169293107724,0.527041911495951,-0.907530404518678,-0.889648556165178
schedule_4,schedule_4/1610568461_72.csv,100,0.498645436650112,0.501538349399968,-0.925658456455109,-0.921920339628243
schedule_4,schedule_4/1610569545_83.csv,100,0.680081945617888,0.69166470565989,-0.530680641507384,-0.515700277333915
schedule_4,schedule_4/1610570427_69.csv,100,0.461775586982807,0.470334689142794,-1.06068447452053,-1.04277300747752
schedule_4,schedule_4/1610571901_72.csv,100,0.425330375075981,0.425593108470687,-1.1340206312481,-1.1495480999495
schedule_4,schedule_4/1610573743_20.csv,100,0.379885376641016,0.376985418806653,-1.23991596074503,-1.24372603985638
schedule_4,schedule_4/1610574328_38.csv,100,0.485309139591626,0.508740230115232,-1.0419369108101,-0.952298038218568
schedule_4,schedule_4/1610578470_82.csv,100,0.779715289186247,0.802910239799577,-0.332231847362561,-0.302371247100106
schedule_4,schedule_4/1610579150_55.csv,100,0.603529792976564,0.609330865634115,-0.748903880887729,-0.754422275691998
schedule_4,schedule_4/1610580628_61.csv,100,0.552937251007356,0.567077751872034,-0.849976619246597,-0.823726965654852
schedule_4,schedule_4/1610581162_85.csv,100,0.604297362465179,0.621641573163162,-0.70481178395427,-0.677875975277017
schedule_4,schedule_4/1610635758_15.csv,100,0.509375483954553,0.52122307509449,-0.909063721894686,-0.878156991458058
schedule_4,schedule_4/1610635803_3.csv,100,0.346503501254215,0.343428107995872,-1.38089013114428,-1.3890463170865
schedule_4,schedule_4/1610636291_38.csv,100,0.643883666108412,0.653855460693085,-0.666915692319565,-0.663820529476817
schedule_4,schedule_4/1610637880_34.csv,100,0.606289223625435,0.620696216822262,-0.704731157854402,-0.665252233645403
schedule_4,schedule_4/1610639710_30.csv,100,0.599403281905567,0.616413902926922,-0.766038668556275,-0.734473428019446
schedule_4,schedule_4/1610692387_42.csv,100,0.683253253933935,0.7064556230426,-0.569301452694481,-0.539265461809829
schedule_4,schedule_4/1610692514_87.csv,100,0.506791906743434,0.502352830859,-0.931637290266976,-0.953212705741031
schedule_4,schedule_4/1610692778_42.csv,100,0.701032050749471,0.718415389896651,-0.503440380793346,-0.480958096472512
schedule_4,schedule_4/1610693000_15.csv,100,0.590748047627371,0.607559975007361,-0.710759458597912,-0.677378565198543
schedule_4,schedule_4/1610695859_97.csv,100,0.526137586086153,0.537289457154157,-0.882202193394987,-0.856353488970922
schedule_4,schedule_4/1610947425_13.csv,100,0.51303356736996,0.521589274272764,-0.923822853514045,-0.907091957777968
schedule_4,schedule_4/1610947485_26.csv,100,0.734425434200535,0.754716438246397,-0.449439001478746,-0.423309601465892
schedule_4,schedule_4/1610947490_89.csv,100,0.727941628899207,0.746324097120432,-0.442515489603769,-0.413113008509984
schedule_4,schedule_4/1610947567_90.csv,100,0.606990001033958,0.608582331024108,-0.719933360491447,-0.693646122163611
schedule_4,schedule_4/1610948467_88.csv,100,0.66980497921952,0.692961994573989,-0.601856494237131,-0.567357920323481
schedule_4,schedule_4/1610975208_77.csv,100,0.863789857229507,0.834879057170793,-0.201114132896938,-0.238526661298964
schedule_4,schedule_4/1610975280_19.csv,100,0.585924888669199,0.588844852557334,-0.752607907177049,-0.732851341394409
schedule_4,schedule_4/1610980252_13.csv,100,0.557704427163144,0.552374499241758,-0.764423379870105,-0.804675312797553
schedule_4,schedule_4/1611000905_39.csv,100,0.563761914667373,0.575252613856402,-0.784973372831812,-0.76968887112148
schedule_4,schedule_4/1611000912_24.csv,100,0.435047579583636,0.429922231675323,-1.1622755889799,-1.18669938143128
schedule_4,schedule_4/1611000934_18.csv,100,0.597412851767871,0.608954277083243,-0.696805030541154,-0.676969613963091
schedule_4,schedule_4/1611000967_85.csv,100,0.528215263557202,0.539510207404812,-0.801193865381081,-0.76966384983862
schedule_4,schedule_4/1611000990_14.csv,100,0.671548677030368,0.689012520115102,-0.579399860575038,-0.546420617623062
schedule_4,schedule_4/1611000994_4.csv,100,0.514881875555582,0.526217302315218,-0.872185567472337,-0.841123082156968
schedule_4,schedule_4/1611001036_14.csv,100,0.492193355643312,0.500672748530421,-0.935116002697385,-0.917626363945541
schedule_4,schedule_4/1611001041_1.csv,100,0.580343811803566,0.585289527231592,-0.786689794130083,-0.743432420914271
schedule_4,schedule_4/1611001051_1.csv,100,0.413228395705541,0.410371344972501,-1.1562778477871,-1.16962364420373
schedule_4,schedule_4/1611001097_54.csv,100,0.580470363360754,0.579996879270605,-0.788374997992729,-0.76582100970505
schedule_4,schedule_4/1611001206_44.csv,100,0.643187639178593,0.645797626179471,-0.601059774304869,-0.568113729046794
schedule_4,schedule_4/1611001299_37.csv,100,0.639827978280137,0.657219258243822,-0.640249906319732,-0.617828799400349
schedule_4,schedule_4/1611001487_28.csv,100,0.554612013570288,0.554331451819687,-0.722701943222581,-0.71970525216703
schedule_4,schedule_4/1611002646_9.csv,100,0.44060795184768,0.432219643110894,-1.10064250533014,-1.13622550974056
schedule_4,schedule_4/1611005139_61.csv,100,0.560051301570598,0.562816438913967,-0.806947143132986,-0.803773348270982
schedule_4,schedule_4/1611089761_47.csv,100,0.669720238788433,0.687070852925249,-0.592537204154047,-0.565455513532081
schedule_4,schedule_4/1611089770_84.csv,100,0.4102150529115,0.407314950365484,-1.11914186661745,-1.12817699253891
schedule_4,schedule_4/1611089777_100.csv,100,0.762730589481063,0.785298135473969,-0.351504839101626,-0.320501788886424
schedule_4,schedule_4/1611089818_60.csv,100,0.733088932187151,0.750449479411075,-0.41221556041888,-0.390570282635144
schedule_4,schedule_4/1611089823_51.csv,100,0.56424149478592,0.561267482532719,-0.784443788937752,-0.78387320312634
schedule_4,schedule_4/1611089840_100.csv,100,0.333515748486827,0.33258059497964,-1.39051341071662,-1.39990171770893
schedule_4,schedule_4/1611089881_64.csv,100,0.58479902321721,0.581839725559962,-0.689792488694959,-0.699229124629019
schedule_4,schedule_4/1611089896_38.csv,100,0.523822568021311,0.537395004612709,-0.897660178009778,-0.846973491514476
schedule_4,schedule_4/1611089899_97.csv,100,0.57908695777854,0.596487922310202,-0.777726955380268,-0.755368262287427
schedule_4,schedule_4/1611089906_33.csv,100,0.692832355606666,0.704444641369575,-0.536745761369592,-0.522560079807751
schedule_4,schedule_4/1611089928_74.csv,100,0.480083726452727,0.480044494969154,-0.982449127755768,-0.98728966931496
schedule_4,schedule_4/1611089953_8.csv,100,0.689217464840574,0.712284596145903,-0.570715441747801,-0.534780256319275
schedule_4,schedule_4/1611089975_68.csv,100,0.53665689330245,0.542372896869102,-0.867591997559055,-0.860163938417391
schedule_4,schedule_4/1611089989_58.csv,100,0.413040257358608,0.412938115836087,-1.11215954593316,-1.11346560272244
schedule_4,schedule_4/1611089989_88.csv,100,0.811179231635201,0.78513376319307,-0.32060144744266,-0.354009612924921
schedule_4,schedule_4/1611090063_96.csv,100,0.607779379885167,0.619630151975941,-0.721732000342401,-0.707068706811644
schedule_4,schedule_4/1611090215_90.csv,100,0.794408133902058,0.777696475164791,-0.33322312594539,-0.345079910175567
schedule_4,schedule_4/1611090665_56.csv,100,0.358980425760444,0.358980425760444,-1.26764485244679,-1.26764485244679
schedule_4,schedule_4/1611091249_85.csv,100,0.619671724566883,0.628053197100263,-0.729956819662603,-0.731088870577491
schedule_4,schedule_4/1611091806_47.csv,100,0.719993710221868,0.743191774215615,-0.471455112444376,-0.441405195268957
schedule_4,schedule_4/1611092978_61.csv,100,0.514127192364467,0.519846455186641,-0.862036023786611,-0.84406689294837
schedule_4,schedule_4/1611093528_35.csv,100,0.575789827100631,0.586964229725916,-0.789646250161116,-0.775183869630249
schedule_4,schedule_4/1611817211_65.csv,100,0.4844811906234,0.501957618650835,-1.00559871531386,-0.95727660705609
schedule_4,schedule_4/1611817218_68.csv,100,0.509076053981335,0.51196986109692,-0.974670289159356,-0.971667305246717
schedule_4,schedule_4/1611817359_57.csv,100,0.742427075284429,0.768469064661194,-0.416422449764147,-0.378120754947978
schedule_4,schedule_4/1611817407_42.csv,100,0.456130122570819,0.461930942911519,-0.991728695597387,-0.978795896443542
schedule_4,schedule_4/1611817435_11.csv,100,0.400779464358321,0.400801645924735,-1.16676252189959,-1.17030181410105
schedule_4,schedule_4/1611817518_99.csv,100,0.518488047936815,0.524229616060158,-0.889290134606397,-0.875397278187901
schedule_4,schedule_4/1611817561_43.csv,100,0.557874957430129,0.563979845165485,-0.723086200795618,-0.706542957736153
schedule_4,schedule_4/1611817582_27.csv,100,0.667324123626543,0.681885369484682,-0.552646473265324,-0.524723596392876
schedule_4,schedule_4/1611817667_52.csv,100,0.486762004851915,0.480606056929804,-0.978440346793314,-0.993795423717923
schedule_4,schedule_4/1611817871_79.csv,100,0.63907239411266,0.65065231977794,-0.634406499496298,-0.62046833635587
schedule_4,schedule_4/1611817959_50.csv,100,0.737051953764817,0.760259714319923,-0.412626300389153,-0.378123495805407
schedule_4,schedule_4/1611817996_51.csv,100,0.576720893284186,0.585345546538711,-0.803130897063093,-0.791662376276536
schedule_4,schedule_4/1611818789_82.csv,100,0.561956928323898,0.550466679159266,-0.7368497480891,-0.755888885512425
schedule_4,schedule_4/1611818951_88.csv,100,0.610705128938985,0.630945321818443,-0.725030570102866,-0.694114234266769
schedule_4,schedule_4/1611819455_55.csv,100,0.575957835280065,0.589834249110969,-0.714332193123243,-0.67338265256246
schedule_4,schedule_4/1611819567_31.csv,100,0.432684915284294,0.438505927694821,-1.14267883934277,-1.13828038165558
schedule_4,schedule_4/1611819656_91.csv,100,0.676444385989826,0.692473560958834,-0.586688837998704,-0.554010767473126
schedule_4,schedule_4/1611820093_73.csv,100,0.689168966664222,0.692373198884098,-0.579395832504306,-0.550795800892526
schedule_4,schedule_4/1611820354_97.csv,100,0.740489998431949,0.760766616602649,-0.428348417040008,-0.413998466890271
schedule_4,schedule_4/1611820430_7.csv,100,0.490040564212054,0.489156166107023,-0.976333113176509,-0.987730108345738
schedule_4,schedule_4/1611820636_55.csv,100,0.458152474868321,0.463946313781126,-1.01459717225646,-1.01453365124585
schedule_4,schedule_4/1611820805_66.csv,100,0.599779230915578,0.622862484919774,-0.74848632344203,-0.713518278564037
schedule_4,schedule_4/1611821306_34.csv,100,0.590568930527416,0.602086259841532,-0.73796999538659,-0.717858840750636
schedule_4,schedule_4/1611821689_92.csv,100,0.586023913180409,0.597476026589007,-0.76043430449131,-0.741382090688387
schedule_4,schedule_4/1611821857_52.csv,100,0.544274840709083,0.55870999942687,-0.882242121083869,-0.8587622052678
schedule_4,schedule_4/1611822873_100.csv,100,0.739990554689335,0.763179825564432,-0.424597237742153,-0.394706395335388
schedule_4,schedule_4/1611823826_67.csv,100,0.783868497642532,0.773768009731682,-0.343958933626246,-0.369738622261246
schedule_4,schedule_4/1611824706_96.csv,100,0.557131022763351,0.57174479938754,-0.863926404619598,-0.815305366633974
schedule_4,schedule_4/1611825856_62.csv,100,0.634094847005452,0.628698166903292,-0.597672917714,-0.600268130076336
schedule_4,schedule_4/1611826327_38.csv,100,0.476601349714929,0.482404031804535,-0.989752298520491,-0.981820493701537
schedule_4,schedule_4/1611826429_65.csv,100,0.55103753303263,0.567890920057992,-0.807883597576095,-0.769562217781132
schedule_4,schedule_4/1611826907_6.csv,100,0.646602906101841,0.66405952120069,-0.659689508024179,-0.612657205219524
schedule_4,schedule_4/1611827685_94.csv,100,0.633573559570739,0.662388035833645,-0.703609252428542,-0.655941536306996
schedule_4,schedule_4/1611829731_69.csv,100,0.645496574452425,0.634049799117368,-0.652489437212179,-0.654745076163387
schedule_5,schedule_5/1590419455_29.csv,100,0.736761841709282,0.774465758747202,-0.388857006553709,-0.340370156811119
schedule_5,schedule_5/1590419465_1.csv,100,0.716492463122485,0.757081881223298,-0.450913138127682,-0.398644126184704
schedule_5,schedule_5/1590419473_82.csv,100,0.691761454388467,0.72627935467389,-0.519230713582747,-0.487429504650394
schedule_5,schedule_5/1590419501_35.csv,100,0.585468928783734,0.58556565923157,-0.785441295694297,-0.806699302937682
schedule_5,schedule_5/1590419516_78.csv,100,0.708787373581338,0.717494977565389,-0.458066954526274,-0.487680615292421
schedule_5,schedule_5/1590419547_55.csv,100,0.663910053652111,0.689944787388778,-0.567331661944723,-0.533406804476221
schedule_5,schedule_5/1590419626_53.csv,100,0.758604234742414,0.799167485851181,-0.330702675046831,-0.278467931617842
schedule_5,schedule_5/1590419721_48.csv,100,0.634914753227428,0.667063074421982,-0.64651450121168,-0.604561816516113
schedule_5,schedule_5/1590420042_34.csv,100,0.798453750478821,0.84186791222336,-0.251889618184082,-0.195673048740283
schedule_5,schedule_5/1590420454_18.csv,100,0.491831757599746,0.491530207336343,-0.916273677301535,-0.93848529060581
schedule_5,schedule_5/1590420841_46.csv,100,0.55053276227451,0.553920477749707,-0.850202570369799,-0.865825443717598
schedule_5,schedule_5/1590420887_47.csv,100,0.573345366990626,0.576132455442173,-0.773327877912774,-0.781970204550964
schedule_5,schedule_5/1590421229_77.csv,100,0.737039774107534,0.768968467567764,-0.393510360945446,-0.352160297354448
schedule_5,schedule_5/1590422470_35.csv,100,0.702826163675095,0.734703641935872,-0.445870362635595,-0.404927329034437
schedule_5,schedule_5/1590423219_36.csv,100,0.475027781633241,0.483744013367195,-1.07928613381086,-1.09366654026395
schedule_5,schedule_5/1590424511_81.csv,100,0.666558306700697,0.692591417100298,-0.545350327031909,-0.523600506571395
schedule_5,schedule_5/1609192754_21.csv,100,0.555825658701349,0.572965261804027,-0.821512662438693,-0.806796581536597
schedule_5,schedule_5/1609192772_50.csv,100,0.682942314937698,0.711967749673913,-0.497293808264032,-0.458051186595289
schedule_5,schedule_5/1609192783_37.csv,100,0.493776375350466,0.490893956801009,-0.961626070649262,-0.98052682100842
schedule_5,schedule_5/1609192787_52.csv,100,0.533852907683521,0.530916319387964,-0.886103815497553,-0.90265173207092
schedule_5,schedule_5/1609192810_94.csv,100,0.693434520494978,0.728299530520477,-0.48135699440784,-0.435372582535092
schedule_5,schedule_5/1609192827_14.csv,100,0.48896762042456,0.486929361875047,-0.971011975906523,-0.990188856984866
schedule_5,schedule_5/1609192836_8.csv,100,0.66226520306254,0.685511895803446,-0.568379792474505,-0.551691064554728
schedule_5,schedule_5/1609192870_89.csv,100,0.662390451539326,0.678004108138754,-0.573616399533652,-0.575143496036961
schedule_5,schedule_5/1609192938_55.csv,100,0.696016300309752,0.721976972341749,-0.484637753763815,-0.449863107150836
schedule_5,schedule_5/1609192997_62.csv,100,0.464389241050425,0.464094630191664,-1.0311821388926,-1.05365725043611
schedule_5,schedule_5/1609193013_80.csv,100,0.774224227229109,0.814742146731287,-0.318299833021279,-0.265866109763889
schedule_5,schedule_5/1609193022_14.csv,100,0.725267927073548,0.765870853562295,-0.426293355984968,-0.374035059609047
schedule_5,schedule_5/1609193070_32.csv,100,0.439919740641086,0.439920990847172,-1.12821533477818,-1.13963762140336
schedule_5,schedule_5/1609193204_45.csv,100,0.646659344774473,0.672786406585738,-0.616326228982069,-0.582505376109936
schedule_5,schedule_5/1609431342_75.csv,100,0.557504250880131,0.577942558936535,-0.856062524822585,-0.84035619125652
schedule_5,schedule_5/1609437555_67.csv,100,0.743166210475316,0.780748551266121,-0.393194022218813,-0.3444133746242
schedule_5,schedule_5/1609437855_29.csv,100,0.56887236204123,0.574638310075941,-0.784270675568177,-0.776745531939347
schedule_5,schedule_5/1609444067_69.csv,100,0.394180009107547,0.397018052975726,-1.21624081320774,-1.2217101951483
schedule_5,schedule_5/1609444117_18.csv,100,0.673750777361215,0.704851897902085,-0.523373257074547,-0.49232839589055
schedule_5,schedule_5/1609444155_33.csv,100,0.639628404430285,0.668461958590589,-0.63778765474355,-0.600309541291249
schedule_5,schedule_5/1609444189_47.csv,100,0.555117234602779,0.549445247654843,-0.852718651546102,-0.881879208152095
schedule_5,schedule_5/1609444409_98.csv,100,0.743934572437762,0.778694392081884,-0.369141269681712,-0.324342196203907
schedule_5,schedule_5/1609444577_71.csv,100,0.698416955935552,0.730357754771256,-0.496620567802098,-0.455578010897467
schedule_5,schedule_5/1609444638_58.csv,100,0.782329818091598,0.822907603356411,-0.291559042078388,-0.251870901407831
schedule_5,schedule_5/1609447186_19.csv,100,0.758399313352511,0.798973913169904,-0.340865010556618,-0.288647152190983
schedule_5,schedule_5/1609523575_73.csv,100,0.692251294000401,0.72123531455871,-0.49529292141274,-0.47111492196917
schedule_5,schedule_5/1609523615_6.csv,100,0.622956407280915,0.637472944116482,-0.674432971348017,-0.65555930399566
schedule_5,schedule_5/1609523662_48.csv,100,0.571330688314616,0.580000682476245,-0.81823210759301,-0.806950203725935
schedule_5,schedule_5/1609524104_26.csv,100,0.733289759336494,0.773879874391042,-0.404395604224254,-0.352216018056968
schedule_5,schedule_5/1609524498_87.csv,100,0.651459981301797,0.668984219790999,-0.603666194959672,-0.593724061149533
schedule_5,schedule_5/1609525925_95.csv,100,0.434609791166063,0.436668719132076,-1.15403418844084,-1.17210745500424
schedule_5,schedule_5/1609527255_29.csv,100,0.760278628959858,0.8007982293929,-0.344863643358304,-0.292697863594882
schedule_5,schedule_5/1609527347_60.csv,100,0.71234885345045,0.741334007131378,-0.460599871898809,-0.423262680220068
schedule_5,schedule_5/1609527479_75.csv,100,0.541077710301656,0.546836725124867,-0.889396373179105,-0.908455215281685
schedule_5,schedule_5/1609702147_62.csv,100,0.612869092356451,0.6160124635659,-0.672276919002005,-0.678363412053976
schedule_5,schedule_5/1609702202_51.csv,100,0.478008843459954,0.483815039628735,-1.00994640030607,-1.01598286453303
schedule_5,schedule_5/1609702203_97.csv,100,0.487808094211712,0.490638514903046,-0.997226078732259,-1.00175535543224
schedule_5,schedule_5/1609702230_11.csv,100,0.66512284427158,0.688309921337282,-0.569252021778315,-0.539427871015435
schedule_5,schedule_5/1609702259_44.csv,100,0.651422102073454,0.676968819311713,-0.615213641649552,-0.60506710071076
schedule_5,schedule_5/1609702262_8.csv,100,0.710289095430641,0.736328348300359,-0.47691539941407,-0.443307252696714
schedule_5,schedule_5/1609702297_47.csv,100,0.368585060834074,0.365728615659156,-1.31649329183029,-1.35973795806566
schedule_5,schedule_5/1609702319_89.csv,100,0.679134016133629,0.693806316161386,-0.544812713543156,-0.538697241810813
schedule_5,schedule_5/1609702320_75.csv,100,0.61910956065425,0.636513102080153,-0.653609517431241,-0.629561365051554
schedule_5,schedule_5/1609702405_8.csv,100,0.673745287041163,0.696798080950194,-0.536516260846522,-0.506242857552894
schedule_5,schedule_5/1609702628_52.csv,100,0.621399647779133,0.644658931721785,-0.668216725096043,-0.638149255503316
schedule_5,schedule_5/1609702737_27.csv,100,0.648573965023871,0.671875884792347,-0.632931839987663,-0.602308751659757
schedule_5,schedule_5/1609859350_74.csv,100,0.789561353427587,0.83304587886743,-0.26980942959881,-0.213790066092792
schedule_5,schedule_5/1609859422_98.csv,100,0.713641092836182,0.745490697245874,-0.465929794006243,-0.424731475908147
schedule_5,schedule_5/1609859476_39.csv,100,0.548763433500663,0.560316263846002,-0.856088943278413,-0.854766695766453
schedule_5,schedule_5/1609859482_84.csv,100,0.601089393779638,0.606899265855185,-0.746681336138415,-0.739151607598092
schedule_5,schedule_5/1609859575_45.csv,100,0.538974093013666,0.538974093013666,-0.809060025889835,-0.809060025889835
schedule_5,schedule_5/1609859980_12.csv,100,0.591821938550377,0.611972501317476,-0.74421652995418,-0.729513123087571
schedule_5,schedule_5/1609860164_78.csv,100,0.505229444739513,0.505266458822203,-0.938929598794382,-0.951195474010489
schedule_5,schedule_5/1609860244_70.csv,100,0.703544099542902,0.738423075711835,-0.463436129205656,-0.418362255010744
schedule_5,schedule_5/1609860407_68.csv,100,0.610079440004697,0.639188104467536,-0.726948447253429,-0.689269679795083
schedule_5,schedule_5/1609860507_45.csv,100,0.686737214301856,0.709364372568358,-0.518898829188038,-0.513566068237974
schedule_5,schedule_5/1609861579_96.csv,100,0.722395946851972,0.75403646043221,-0.43319936036588,-0.404178516560844
schedule_5,schedule_5/1609861735_89.csv,100,0.634982676665553,0.646719417615738,-0.63106142863689,-0.640900186043412
schedule_5,schedule_5/1609862105_86.csv,100,0.711759901876868,0.740402895297835,-0.433393920991932,-0.408048261188399
schedule_5,schedule_5/1609863057_31.csv,100,0.680266680114529,0.706318876630403,-0.550143264866989,-0.516428900163053
schedule_5,schedule_5/1609863408_52.csv,100,0.570088272156704,0.575908205978993,-0.763572990511938,-0.75584434652377
schedule_5,schedule_5/1609863544_88.csv,100,0.667054156116173,0.69887029617831,-0.574126850344351,-0.53298017943346
schedule_5,schedule_5/1609864674_52.csv,100,0.732823338687689,0.767686326587857,-0.403376514767801,-0.358395450405045
schedule_5,schedule_5/1609865494_99.csv,100,0.74919291975896,0.786865619013211,-0.38082529397883,-0.332203041152429
schedule_5,schedule_5/1609868210_70.csv,100,0.56080763559324,0.581124095877376,-0.804614996259361,-0.778466944711252
schedule_5,schedule_5/1610551368_63.csv,100,0.610706971240877,0.625428118485865,-0.699273880367536,-0.703444205302681
schedule_5,schedule_5/1610551433_21.csv,100,0.770549758755048,0.814006619786757,-0.32211362726387,-0.265470748199723
schedule_5,schedule_5/1610551493_41.csv,100,0.737728036882449,0.778319610131858,-0.409185912134457,-0.356901435480235
schedule_5,schedule_5/1610551565_99.csv,100,0.628291255761039,0.64862377586083,-0.646495414633768,-0.640611471473984
schedule_5,schedule_5/1610551616_21.csv,100,0.758327589860966,0.767103232665864,-0.337129836177641,-0.324939188108046
schedule_5,schedule_5/1610551679_16.csv,100,0.538125018054503,0.538107028092198,-0.870606532077496,-0.883472478314772
schedule_5,schedule_5/1610551679_32.csv,100,0.70392850293287,0.724821676111562,-0.469391921942688,-0.454933194521239
schedule_5,schedule_5/1610551776_12.csv,100,0.534226660016028,0.537126749222012,-0.841053379247208,-0.837260090710473
schedule_5,schedule_5/1610551839_28.csv,100,0.704480746470638,0.733450792497339,-0.46851997774486,-0.431172997991697
schedule_5,schedule_5/1610551888_34.csv,100,0.644838947268322,0.659329510501886,-0.614484382121766,-0.595859418947277
schedule_5,schedule_5/1610551971_55.csv,100,0.700478656666699,0.726715878075562,-0.451518586269611,-0.429369435323063
schedule_5,schedule_5/1610552069_12.csv,100,0.674414108249755,0.700437995282463,-0.514191959768205,-0.480589408213961
schedule_5,schedule_5/1610552159_76.csv,100,0.748820116961992,0.775011974113889,-0.357003627063243,-0.323283175638804
schedule_5,schedule_5/1610552236_98.csv,100,0.643530590411474,0.663797263250196,-0.657256570288024,-0.631052110469056
schedule_5,schedule_5/1610552254_28.csv,100,0.765331007265022,0.805873398028425,-0.324602606438477,-0.272223456825378
schedule_5,schedule_5/1610552341_99.csv,100,0.503614550777332,0.512298318333265,-0.949125485773014,-0.93778759231132
schedule_5,schedule_5/1610552485_65.csv,100,0.692405859026273,0.715597358484355,-0.507004896985432,-0.477197034453036
schedule_5,schedule_5/1610552691_66.csv,100,0.609452804741329,0.623948141528483,-0.709158186428515,-0.690567698796818
schedule_5,schedule_5/1610552747_75.csv,100,0.64068914630244,0.656480145452931,-0.622798079993001,-0.619527823946389
schedule_5,schedule_5/1610553007_5.csv,100,0.369195049476661,0.369195049476661,-1.24481474157917,-1.24481474157917
schedule_5,schedule_5/1610553170_33.csv,100,0.678710149772656,0.696192727200592,-0.524502802260765,-0.512263513401283
schedule_5,schedule_5/1610553348_57.csv,100,0.381654997492844,0.384553678930972,-1.27975391658876,-1.27598421309431
schedule_5,schedule_5/1610553464_12.csv,100,0.57632242455379,0.590819641131696,-0.79898732274124,-0.780372675936401
schedule_5,schedule_5/1610553542_91.csv,100,0.761528143739986,0.799209356792852,-0.351614245709205,-0.303042710417156
schedule_5,schedule_5/1610553782_41.csv,100,0.786444388830834,0.821212137250051,-0.296387086217579,-0.251580156036411
schedule_5,schedule_5/1610553994_22.csv,100,0.480117471800547,0.474274078281164,-0.973936171237938,-1.01670189558199
schedule_5,schedule_5/1610554203_34.csv,100,0.568806469343391,0.583299791376627,-0.794146708270524,-0.775461133756713
schedule_5,schedule_5/1610554380_61.csv,100,0.729851852555992,0.770409695152548,-0.395187805286037,-0.342901496990308
schedule_5,schedule_5/1610554415_74.csv,100,0.800160375592946,0.843655398480199,-0.266935343562553,-0.210807264181021
schedule_5,schedule_5/1610555106_67.csv,100,0.62924934459486,0.640880540022988,-0.640574347744718,-0.625667508515681
schedule_5,schedule_5/1610556181_55.csv,100,0.718705036270035,0.756394214413089,-0.454947512152581,-0.406456238272018
schedule_5,schedule_5/1610556584_40.csv,100,0.544592471905495,0.547486484118762,-0.822903597651882,-0.81911385048599
schedule_5,schedule_5/1610556856_79.csv,100,0.375989259359183,0.36731607030488,-1.32102985161791,-1.37042112548488
schedule_5,schedule_5/1610557514_3.csv,100,0.690826594992839,0.716962223575702,-0.492519625043151,-0.458826375911427
schedule_5,schedule_5/1610558007_16.csv,100,0.729779612742465,0.761518856163688,-0.433867973258168,-0.39268014352106
schedule_5,schedule_5/1610558584_79.csv,100,0.515729689422632,0.523788105953867,-0.894820599358869,-0.891302305174716
schedule_5,schedule_5/1610559326_99.csv,100,0.722183306148477,0.748260945776192,-0.426847115214827,-0.406261431282209
schedule_5,schedule_5/1610559632_13.csv,100,0.62464419205191,0.633344051858209,-0.65859367190601,-0.674321969047272
schedule_5,schedule_5/1610560657_80.csv,100,0.633065598128348,0.647629327318383,-0.650428635081398,-0.64473432635435
schedule_5,schedule_5/1610561758_86.csv,100,0.768788169868728,0.812275595342173,-0.329821540240903,-0.27370759555677
schedule_5,schedule_5/1610562668_54.csv,100,0.777475251314126,0.818058348630994,-0.304632351252251,-0.26508916966197
schedule_5,schedule_5/1610563220_51.csv,100,0.617725726426567,0.623376290127581,-0.649140012572941,-0.666170425908207
schedule_5,schedule_5/1610563413_63.csv,100,0.408362763209728,0.405689051049379,-1.17143613938808,-1.19806886440182
schedule_5,schedule_5/1610565469_20.csv,100,0.648567427017605,0.654381785758988,-0.592613207864693,-0.584732985804129
schedule_5,schedule_5/1610566163_91.csv,100,0.521428818758773,0.530145071046085,-0.899677525018491,-0.888391384003989
schedule_5,schedule_5/1610566783_12.csv,100,0.636708944110849,0.657063342012235,-0.647481992722302,-0.621219656936478
schedule_5,schedule_5/1610567112_85.csv,100,0.291602262747236,0.291602262747236,-1.39544647474067,-1.39544647474067
schedule_5,schedule_5/1610568556_20.csv,100,0.651776572341991,0.677958342206412,-0.603559317688226,-0.569725601070637
schedule_5,schedule_5/1610569614_34.csv,100,0.562983174549051,0.565895954831336,-0.800319922906712,-0.809282003669799
schedule_5,schedule_5/1610571219_43.csv,100,0.752843482269755,0.790441148100823,-0.359828700092225,-0.311363913347094
schedule_5,schedule_5/1610572122_8.csv,100,0.597178878873247,0.597198080552023,-0.724265269988561,-0.763869598621605
schedule_5,schedule_5/1610572430_40.csv,100,0.709094515775441,0.735183420722915,-0.4578623968175,-0.424276086980116
schedule_5,schedule_5/1610573690_82.csv,100,0.522021772484833,0.525021080513147,-0.927426872051744,-0.93910792315586
schedule_5,schedule_5/1610574559_63.csv,100,0.699437347832868,0.731828505084912,-0.484527512014165,-0.452450376594598
schedule_5,schedule_5/1610576046_54.csv,100,0.728479433389699,0.763261694601774,-0.406610271070272,-0.3617500969688
schedule_5,schedule_5/1610577695_4.csv,100,0.684820423757916,0.713734223040956,-0.534678037282934,-0.50881878547642
schedule_5,schedule_5/1610578030_92.csv,100,0.581434502968933,0.590170754046301,-0.747319593286132,-0.735863916324237
schedule_5,schedule_5/1610579219_83.csv,100,0.640986617632612,0.648407295818478,-0.634322752220561,-0.640584222170616
schedule_5,schedule_5/1610580801_56.csv,100,0.705922617593919,0.732576517616987,-0.453132397157102,-0.42728264165967
schedule_5,schedule_5/1610592483_19.csv,100,0.702586987241703,0.738061627099163,-0.47599020947199,-0.436226873218841
schedule_5,schedule_5/1610635746_71.csv,100,0.684190523319434,0.71319485919636,-0.544361932148731,-0.507113312422414
schedule_5,schedule_5/1610637729_68.csv,100,0.625188096000377,0.65415733841596,-0.672056546092368,-0.634800192679749
schedule_5,schedule_5/1610692619_69.csv,100,0.477419232738282,0.477419232738282,-1.03791817438848,-1.03791817438848
schedule_5,schedule_5/1610692976_98.csv,100,0.557428692946854,0.580919480380038,-0.821237964477987,-0.79711147767831
schedule_5,schedule_5/1610693071_19.csv,100,0.670282720066957,0.693475872105828,-0.542035789330923,-0.512286591611842
schedule_5,schedule_5/1610696598_41.csv,100,0.630305322338721,0.644957331235263,-0.664624247314121,-0.658713141982574
schedule_5,schedule_5/1610947643_21.csv,100,0.753815560378102,0.791515518477317,-0.365226872413833,-0.316572219226851
schedule_5,schedule_5/1610947710_35.csv,100,0.740408204952701,0.76942911737964,-0.408928413347903,-0.371551285751681
schedule_5,schedule_5/1610951488_95.csv,100,0.750050541125773,0.767825572539682,-0.363940567031903,-0.340516432128748
schedule_5,schedule_5/1610975300_36.csv,100,0.60851000920964,0.608647355322283,-0.683826488567736,-0.707264677093547
schedule_5,schedule_5/1610975339_4.csv,100,0.568738890120816,0.586305346908318,-0.792795238168438,-0.770000602486002
schedule_5,schedule_5/1610978160_93.csv,100,0.620223940684429,0.640597507602818,-0.676666276745305,-0.661984021269739
schedule_5,schedule_5/1610982656_56.csv,100,0.752322454601478,0.789947484800973,-0.373590022284551,-0.324959786600772
schedule_5,schedule_5/1611237138_58.csv,100,0.662031324485248,0.678958417584081,-0.587898227331557,-0.590444578848716
schedule_5,schedule_5/1611237144_75.csv,100,0.570915649408655,0.576323371555665,-0.770256662900352,-0.79380144017821
schedule_5,schedule_5/1611237175_15.csv,100,0.735129251641454,0.775713524552245,-0.409411551853851,-0.357169705871678
schedule_5,schedule_5/1611237192_37.csv,100,0.695934472983451,0.724910507666182,-0.494372767355934,-0.457061345229743
schedule_5,schedule_5/1611237217_13.csv,100,0.738843576150555,0.773068404796184,-0.391155530986038,-0.356852964347598
schedule_5,schedule_5/1611237263_30.csv,100,0.58088070339593,0.598267715731367,-0.782331805758278,-0.759949200930241
schedule_5,schedule_5/1611237274_95.csv,100,0.650522744221736,0.659252736314199,-0.612412260519073,-0.652280633207634
schedule_5,schedule_5/1611237303_81.csv,100,0.680379150596608,0.71517099020126,-0.5284017587353,-0.483320260607874
schedule_5,schedule_5/1611237347_60.csv,100,0.629983528128482,0.638482701430485,-0.632108085269145,-0.62913965439641
schedule_5,schedule_5/1611237456_70.csv,100,0.639051290180612,0.644806742304067,-0.634147892710105,-0.652949369303188
schedule_5,schedule_5/1611237553_84.csv,100,0.479134078455632,0.493640854912967,-0.957648064114023,-0.938347369484526
schedule_5,schedule_5/1611238179_58.csv,100,0.661141333136175,0.687285748170115,-0.572598313106646,-0.538213633760479
schedule_5,schedule_5/1611239317_14.csv,100,0.613171629200801,0.636340717028126,-0.709825313501498,-0.680138313567906
schedule_5,schedule_5/1611239964_59.csv,100,0.613301934423097,0.648128618437635,-0.693935404481302,-0.649341783009792
schedule_5,schedule_5/1611242285_38.csv,100,0.610132903337251,0.633353362200338,-0.686116702872879,-0.65484941060252
schedule_5,schedule_5/1611247610_36.csv,100,0.666314071552153,0.689412209855252,-0.564940963838136,-0.534643045140139
schedule_5,schedule_5/1611799438_74.csv,100,0.683258329463106,0.692122385320843,-0.51532653015199,-0.503746339173233
schedule_5,schedule_5/1611801618_82.csv,100,0.698244897887266,0.730117656891537,-0.491688508769175,-0.463802818766785
schedule_5,schedule_5/1611802923_78.csv,100,0.682655228219496,0.708770872155003,-0.531688668186263,-0.511008175467742
schedule_5,schedule_5/1611803104_3.csv,100,0.675881626008403,0.697679063618617,-0.530334804636828,-0.520283050463141
schedule_5,schedule_5/1611804299_47.csv,100,0.624619569069624,0.647797891184782,-0.668957909310343,-0.63926872785212
schedule_5,schedule_5/1611807191_5.csv,100,0.665861695584739,0.697866539363117,-0.565477751298679,-0.524089290442909
schedule_6,schedule_6/1609192626_15.csv,100,0.370827437996737,0.382417019478401,-1.09243295307866,-1.05825023433862
schedule_6,schedule_6/1609192634_97.csv,100,0.564234066458838,0.583741469428148,-0.784649823537304,-0.775253139786149
schedule_6,schedule_6/1609192647_8.csv,100,0.580484571900685,0.59549895489836,-0.750934470700828,-0.729597475938208
schedule_6,schedule_6/1609192658_83.csv,100,0.727910776560636,0.76539608136914,-0.402032285419252,-0.353346785363462
schedule_6,schedule_6/1609192661_4.csv,100,0.506510175543672,0.512123853810806,-0.862393365522034,-0.832755051027595
schedule_6,schedule_6/1609192668_87.csv,100,0.505699152997586,0.520196147691679,-0.847874969554875,-0.821143814265435
schedule_6,schedule_6/1609192669_45.csv,100,0.676603313142927,0.71130237452796,-0.532792643366684,-0.494972771101843
schedule_6,schedule_6/1609192672_42.csv,100,0.602754737157057,0.579477090702618,-0.683598707126076,-0.737919911328009
schedule_6,schedule_6/1609192676_100.csv,100,0.622712261429319,0.636295562098149,-0.696834142186016,-0.687249643890491
schedule_6,schedule_6/1609192680_60.csv,100,0.654682994085682,0.694501904230215,-0.581440729957419,-0.523954513871517
schedule_6,schedule_6/1609192685_1.csv,100,0.452402486982929,0.466864209734178,-0.928290105949007,-0.886624252146605
schedule_6,schedule_6/1609192691_74.csv,100,0.687220341555302,0.690269876895204,-0.490650888331666,-0.497009424756327
schedule_6,schedule_6/1609192693_85.csv,100,0.494480888819894,0.50558079780304,-0.916072715696146,-0.880310234872725
schedule_6,schedule_6/1609192696_44.csv,100,0.442661799349946,0.454263081645669,-1.10203358096236,-1.08696232428918
schedule_6,schedule_6/1609192701_22.csv,100,0.583067888507813,0.551478082395902,-0.688915650877523,-0.736142077880857
schedule_6,schedule_6/1609192701_54.csv,100,0.636114530111895,0.647359008133423,-0.573647391914968,-0.56311460902319
schedule_6,schedule_6/1609192706_19.csv,100,0.568805779241298,0.584863871565113,-0.76827983699466,-0.77381850366588
schedule_6,schedule_6/1609192720_24.csv,100,0.544584975234677,0.556984260250696,-0.853549576676374,-0.849519653749411
schedule_6,schedule_6/1609192721_31.csv,100,0.654771660486311,0.670563712107524,-0.573761002229022,-0.548858481968698
schedule_6,schedule_6/1609192741_55.csv,100,0.461461636000387,0.478893092929642,-1.09585280305897,-1.04089574505643
schedule_6,schedule_6/1609192756_97.csv,100,0.494371057384803,0.511971390107754,-0.929936616928491,-0.881925870320951
schedule_6,schedule_6/1609192765_75.csv,100,0.605841160178499,0.607430871826127,-0.699213856053344,-0.748970540299641
schedule_6,schedule_6/1609192776_56.csv,100,0.547357291282549,0.556799268979793,-0.849737863036482,-0.843849007002459
schedule_6,schedule_6/1609192789_57.csv,100,0.661225250923956,0.667503162880046,-0.546439650087324,-0.52819428475403
schedule_6,schedule_6/1609192816_82.csv,100,0.568930659232729,0.571836933539012,-0.769298390115646,-0.739988950946306
schedule_6,schedule_6/1609192820_86.csv,100,0.572788503795316,0.592551203223876,-0.80489496741416,-0.776704618420459
schedule_6,schedule_6/1609192837_62.csv,100,0.544776867779942,0.559420569467703,-0.791196874891141,-0.754225300267372
schedule_6,schedule_6/1609192908_22.csv,100,0.483500155874181,0.477628433362788,-0.850753798288709,-0.867094212804234
schedule_6,schedule_6/1609192945_94.csv,100,0.503379460378691,0.494669561838742,-0.962539359441534,-0.998538035820704
schedule_6,schedule_6/1609192982_33.csv,100,0.76667166612112,0.771294056664873,-0.363239708744825,-0.343297900564212
schedule_6,schedule_6/1609193000_9.csv,100,0.585340134853684,0.592657582792565,-0.771572285231989,-0.758492871491503
schedule_6,schedule_6/1609193094_77.csv,100,0.751976177373878,0.783815427254252,-0.351222146327181,-0.31883257001451
schedule_6,schedule_6/1609431218_97.csv,100,0.541561405079946,0.550261447045817,-0.866443249854911,-0.889045426248838
schedule_6,schedule_6/1609434820_14.csv,100,0.676429490785802,0.701465935173472,-0.556458435623586,-0.543522423606089
schedule_6,schedule_6/1609434995_15.csv,100,0.556440165839191,0.58318008055812,-0.758732311525264,-0.687686588864778
schedule_6,schedule_6/1609440358_78.csv,100,0.38938150251768,0.386450756545009,-1.16702462351593,-1.13546841442202
schedule_6,schedule_6/1609444042_38.csv,100,0.356579568219297,0.345164409605701,-1.29032869129871,-1.3254769028236
schedule_6,schedule_6/1609444083_69.csv,100,0.744852755943221,0.785436589171837,-0.37390303014816,-0.321629622426501
schedule_6,schedule_6/1609444149_49.csv,100,0.529136868696002,0.537843487156433,-0.77041253748929,-0.748730396297694
schedule_6,schedule_6/1609444211_24.csv,100,0.589752588523983,0.595739854534984,-0.738028460198144,-0.706321233625947
schedule_6,schedule_6/1609444365_5.csv,100,0.594969135537516,0.620979325044562,-0.737891064890631,-0.690492293494387
schedule_6,schedule_6/1609444437_14.csv,100,0.513047446571494,0.524053843006124,-0.913279164133953,-0.875255692311894
schedule_6,schedule_6/1609444869_100.csv,100,0.747435801939359,0.785618210592369,-0.371862651369169,-0.305977452002617
schedule_6,schedule_6/1609445396_57.csv,100,0.623317012320344,0.631494294878982,-0.644457194045866,-0.629460390193597
schedule_6,schedule_6/1609448845_45.csv,100,0.675250727712176,0.707189057973489,-0.554587851816209,-0.525787860819772
schedule_6,schedule_6/1609523578_95.csv,100,0.399675711355353,0.393371754690154,-1.22990342438993,-1.26476028365723
schedule_6,schedule_6/1609523621_25.csv,100,0.378887044019309,0.375987040945873,-1.16959516832256,-1.17282985454951
schedule_6,schedule_6/1609523808_3.csv,100,0.556269807143973,0.557262388693613,-0.834554348339421,-0.835517130794036
schedule_6,schedule_6/1609525081_83.csv,100,0.728786623272232,0.763456543244191,-0.415757203834489,-0.363499372771466
schedule_6,schedule_6/1609527276_74.csv,100,0.481629966016571,0.483169654406663,-1.08854215580825,-1.04859994370638
schedule_6,schedule_6/1609527371_71.csv,100,0.408000417853762,0.410877509305063,-1.02161158569505,-1.02514793818149
schedule_6,schedule_6/1609527860_2.csv,100,0.504267096231596,0.501382177992884,-0.870910550725001,-0.872672362363559
schedule_6,schedule_6/1609529902_78.csv,100,0.530564678962606,0.561829648885126,-0.844821333277096,-0.790424997112179
schedule_6,schedule_6/1610551445_83.csv,100,0.417625604499912,0.425438304751672,-1.14576152550234,-1.13600494401106
schedule_6,schedule_6/1610551526_98.csv,100,0.462356985258051,0.465940811050656,-0.993377936356866,-0.986802436213659
schedule_6,schedule_6/1610551617_59.csv,100,0.693939810848155,0.657122127022537,-0.452370032067921,-0.51405448177419
schedule_6,schedule_6/1610551670_62.csv,100,0.712062052753441,0.698182634873866,-0.496281446089579,-0.527359478392381
schedule_6,schedule_6/1610551745_36.csv,100,0.483849072344427,0.503691782242335,-0.980658164025345,-0.935249428829374
schedule_6,schedule_6/1610551788_33.csv,100,0.525891216001769,0.545875796473801,-0.882389273746127,-0.854753746560987
schedule_6,schedule_6/1610551853_47.csv,100,0.763324526550012,0.793123147839699,-0.342570370185447,-0.309985329897835
schedule_6,schedule_6/1610551912_64.csv,100,0.804809057282007,0.779273841839764,-0.279724687184072,-0.313747942157192
schedule_6,schedule_6/1610552036_16.csv,100,0.617348993084151,0.613833760105928,-0.615551433991962,-0.643209933081552
schedule_6,schedule_6/1610552094_6.csv,100,0.764150024140947,0.810518494567751,-0.333803508961176,-0.273928053055382
schedule_6,schedule_6/1610552256_30.csv,100,0.425640989963004,0.428670987286908,-1.0753653615182,-1.06622769731152
schedule_6,schedule_6/1610552326_65.csv,100,0.607602885022524,0.62349547198568,-0.677108389961049,-0.666116242521547
schedule_6,schedule_6/1610552416_81.csv,100,0.433817203729774,0.425116767817708,-1.06998995354982,-1.09618640061955
schedule_6,schedule_6/1610552523_55.csv,100,0.495331160507869,0.50684899136003,-0.956849485156151,-0.949068655149563
schedule_6,schedule_6/1610552785_44.csv,100,0.679687707778996,0.702795826534936,-0.500001567729703,-0.466134050274966
schedule_6,schedule_6/1610552985_82.csv,100,0.727892683159465,0.759039053818686,-0.411803648557053,-0.396191456475039
schedule_6,schedule_6/1610553115_57.csv,100,0.543603704114903,0.552277052284464,-0.844679712507854,-0.832224362074433
schedule_6,schedule_6/1610553286_95.csv,100,0.660755563397436,0.636163497938872,-0.566266370574099,-0.630035905122298
schedule_6,schedule_6/1610553374_1.csv,100,0.503102493255838,0.519730099996472,-0.93496314170264,-0.8609183984333
schedule_6,schedule_6/1610553549_97.csv,100,0.778466013492833,0.818865208417324,-0.30739350741563,-0.254616135104508
schedule_6,schedule_6/1610553743_50.csv,100,0.718666032586085,0.743575607780356,-0.427909426849609,-0.418307449668109
schedule_6,schedule_6/1610554219_31.csv,100,0.394990448994439,0.403774435363802,-1.21135465681708,-1.17035617648728
schedule_6,schedule_6/1610554420_23.csv,100,0.376426912417067,0.382225008688767,-1.0923614778543,-1.07491630754756
schedule_6,schedule_6/1610554997_43.csv,100,0.561262830000698,0.58156038265791,-0.804181733824799,-0.778062431596404
schedule_6,schedule_6/1610555811_74.csv,100,0.700369613774927,0.732149030645676,-0.450780010856421,-0.410584863976745
schedule_6,schedule_6/1610556894_41.csv,100,0.525260706095825,0.522336473321003,-0.900043101720371,-0.906677000816134
schedule_6,schedule_6/1610557371_51.csv,100,0.491998508670058,0.503342343981011,-1.00206253383979,-0.979432146463431
schedule_6,schedule_6/1610557941_56.csv,100,0.534863305932682,0.533671399209728,-0.831252790564017,-0.870346120696106
schedule_6,schedule_6/1610558287_9.csv,100,0.639735203151156,0.666744568683532,-0.626754231221248,-0.600742184899212
schedule_6,schedule_6/1610558692_7.csv,100,0.442706136342411,0.451450957136708,-1.06050343621671,-1.0418958442053
schedule_6,schedule_6/1610559729_44.csv,100,0.606623281123057,0.621382981045468,-0.680362409817652,-0.66181119605245
schedule_6,schedule_6/1610560385_8.csv,100,0.552815830522262,0.567304002648838,-0.728954460221163,-0.698507149925397
schedule_6,schedule_6/1610560902_94.csv,100,0.373811859844785,0.379606738716664,-1.27654242345355,-1.26846036763477
schedule_6,schedule_6/1610562282_13.csv,100,0.656238979708685,0.689489869348746,-0.521404810597193,-0.472853820175208
schedule_6,schedule_6/1610562811_29.csv,100,0.514380995848316,0.532453327869402,-0.860701951176079,-0.828967716441707
schedule_6,schedule_6/1610563425_61.csv,100,0.501786023590984,0.519188607430676,-0.929026396580309,-0.880088761630665
schedule_6,schedule_6/1610564319_33.csv,100,0.755359891639859,0.742093582441621,-0.334845567033285,-0.35499960857231
schedule_6,schedule_6/1610565142_63.csv,100,0.594336606482231,0.605414182129315,-0.704307882920631,-0.702331761389456
schedule_6,schedule_6/1610565866_58.csv,100,0.458690579854687,0.473741432224084,-0.91776733045385,-0.873665518871052
schedule_6,schedule_6/1610566460_97.csv,100,0.65059035032242,0.644364995078614,-0.607201811079079,-0.605683296528815
schedule_6,schedule_6/1610567120_49.csv,100,0.532449928606323,0.548438598654587,-0.790963555210803,-0.748155067629514
schedule_6,schedule_6/1610568359_34.csv,100,0.50333816823819,0.494634333467093,-0.82268944700364,-0.843592204010187
schedule_6,schedule_6/1610569180_50.csv,100,0.573790039252167,0.591740174414951,-0.759789998251451,-0.730742856773079
schedule_6,schedule_6/1610571466_14.csv,100,0.724315914225032,0.741851315866325,-0.434049834595871,-0.437603308663897
schedule_6,schedule_6/1610572520_35.csv,100,0.644031633263111,0.650891679968128,-0.578981920780523,-0.581575523418763
schedule_6,schedule_6/1610573252_12.csv,100,0.42480531402421,0.420269027344752,-1.12317644051333,-1.15581258105679
schedule_6,schedule_6/1610574201_26.csv,100,0.723969124727749,0.717577046703357,-0.396325942325489,-0.415740915585665
schedule_6,schedule_6/1610576465_39.csv,100,0.49374304306457,0.505506192486598,-0.946917607019943,-0.909666098351978
schedule_6,schedule_6/1610578161_90.csv,100,0.469082477836571,0.483456327203966,-1.0285706003852,-0.99566227883112
schedule_6,schedule_6/1610580133_18.csv,100,0.617900627075083,0.623724817663167,-0.602382211780024,-0.581862993995422
schedule_6,schedule_6/1610581096_46.csv,100,0.667592708839091,0.654833311586845,-0.523576602937756,-0.555345473624174
schedule_6,schedule_6/1610635776_1.csv,100,0.675547991336445,0.692837891964769,-0.548114244553552,-0.526978308451687
schedule_6,schedule_6/1610635840_20.csv,100,0.593149108939087,0.584589060698081,-0.698243497010829,-0.723292667632445
schedule_6,schedule_6/1610635981_93.csv,100,0.577514249210074,0.572246953753654,-0.738566232460826,-0.719160441189246
schedule_6,schedule_6/1610636512_72.csv,100,0.62604963172369,0.623249096751108,-0.650415005000755,-0.675619964020296
schedule_6,schedule_6/1610638519_25.csv,100,0.759908572735967,0.800078756089332,-0.326625716669852,-0.273493297547314
schedule_6,schedule_6/1610692910_43.csv,100,0.781279685586737,0.833489011683547,-0.282022883832176,-0.214750291220672
schedule_6,schedule_6/1610947496_86.csv,100,0.390510397539519,0.387611167434271,-1.16653030697625,-1.1641898085521
schedule_6,schedule_6/1610947713_92.csv,100,0.531611961931104,0.537361017342719,-0.926640573619672,-0.972656997701639
schedule_6,schedule_6/1610951066_5.csv,100,0.487551167731134,0.499546374366108,-0.966804827947788,-0.924512580403486
schedule_6,schedule_6/1610974867_31.csv,100,0.63489786469149,0.644838943026406,-0.576428920811743,-0.557737847322874
schedule_6,schedule_6/1610974894_35.csv,100,0.601086744201809,0.609323168083825,-0.745356352299422,-0.747460286768352
schedule_6,schedule_6/1610974939_29.csv,100,0.598687128656196,0.62191329805477,-0.698884231913991,-0.672533598286183
schedule_6,schedule_6/1610974989_3.csv,100,0.486823888016841,0.498920974334847,-0.995612050935756,-1.00494469673961
schedule_6,schedule_6/1610975018_81.csv,100,0.755342216500649,0.790142903111753,-0.34838975885883,-0.304468304464149
schedule_6,schedule_6/1610975047_75.csv,100,0.430102008771071,0.432815145538461,-1.12581824695979,-1.13650956336795
schedule_6,schedule_6/1610975129_100.csv,100,0.665797981241211,0.703146771818222,-0.561866375631176,-0.507848632087857
schedule_6,schedule_6/1610975144_69.csv,100,0.269018572033845,0.266010794217172,-1.51713940945155,-1.53309772114033
schedule_6,schedule_6/1610975163_98.csv,100,0.528268431826857,0.540610888654536,-0.882628906521719,-0.867521239442482
schedule_6,schedule_6/1610975167_45.csv,100,0.700346906200845,0.726409488059876,-0.479730811936718,-0.459326054839598
schedule_6,schedule_6/1610975221_95.csv,100,0.461073655537031,0.454446385417475,-1.08268017863349,-1.11943173853527
schedule_6,schedule_6/1610975350_46.csv,100,0.548232534314132,0.562101782447562,-0.791565980415411,-0.772984110123137
schedule_6,schedule_6/1610975386_23.csv,100,0.740654423882047,0.783837003881127,-0.376587420872331,-0.31589731744835
schedule_6,schedule_6/1610982999_76.csv,100,0.753335416243136,0.739205377448752,-0.357420944995566,-0.370876642592211
schedule_6,schedule_6/1611000904_42.csv,100,0.510556400035942,0.52798319245223,-0.852868630241424,-0.808215568410978
schedule_6,schedule_6/1611000918_90.csv,100,0.540259564628383,0.542798576377119,-0.8187517625211,-0.826213105487535
schedule_6,schedule_6/1611000936_96.csv,100,0.74773528208122,0.799935502361328,-0.363799777937325,-0.296484713982101
schedule_6,schedule_6/1611000956_63.csv,100,0.650425399793004,0.651179916017341,-0.546503236664224,-0.567338761080098
schedule_6,schedule_6/1611000965_88.csv,100,0.301428184344598,0.301499581239487,-1.41812761304973,-1.42319521648188
schedule_6,schedule_6/1611000968_49.csv,100,0.633696291225297,0.635087323466053,-0.638705862030995,-0.641682562610263
schedule_6,schedule_6/1611000982_20.csv,100,0.559314401803004,0.567380700171764,-0.804660294742655,-0.802549514772094
schedule_6,schedule_6/1611001017_95.csv,100,0.589857280440663,0.58721792080395,-0.734138704591534,-0.75283813892136
schedule_6,schedule_6/1611001028_22.csv,100,0.538948819657971,0.530212615943422,-0.859118541160614,-0.890235393664483
schedule_6,schedule_6/1611001051_37.csv,100,0.747927821806861,0.71991468957514,-0.356473545558048,-0.397993621747384
schedule_6,schedule_6/1611001052_51.csv,100,0.476613715044677,0.467849932625021,-0.90094336096892,-0.926379952032741
schedule_6,schedule_6/1611001084_35.csv,100,0.417948462925117,0.424242601694089,-1.02112166741818,-1.00412685713747
schedule_6,schedule_6/1611001210_29.csv,100,0.757464333373873,0.798049596790147,-0.345203771850678,-0.292951788626312
schedule_6,schedule_6/1611001359_98.csv,100,0.655643305799717,0.616045723708703,-0.652424750372847,-0.706896644092731
schedule_6,schedule_6/1611001603_49.csv,100,0.500283244602206,0.519029874409163,-0.976820209672322,-0.947577794214852
schedule_6,schedule_6/1611002857_91.csv,100,0.370751605661663,0.36842093507602,-1.29132346629426,-1.29308509364255
schedule_6,schedule_6/1611013490_92.csv,100,0.654135497712696,0.688871960264446,-0.584990441342378,-0.543788572873051
schedule_7,schedule_7/1610551159_55.csv,100,0.361074238890528,0.358607814105832,-1.30743264326461,-1.32139005656486
schedule_7,schedule_7/1610551160_54.csv,100,0.72012550863378,0.760719961379778,-0.424322588381808,-0.384883522377471
schedule_7,schedule_7/1610551168_21.csv,100,0.47964193349705,0.488167879382283,-0.965675139745463,-0.975489125087147
schedule_7,schedule_7/1610551172_18.csv,100,0.516120628533104,0.521800762921562,-0.889766173972994,-0.881913689850499
schedule_7,schedule_7/1610551181_31.csv,100,0.724955390124155,0.765537412350109,-0.420485543141005,-0.368248904792536
schedule_7,schedule_7/1610551181_9.csv,100,0.818033585599432,0.792056330278623,-0.287410650986768,-0.320635761452486
schedule_7,schedule_7/1610551186_9.csv,100,0.559807726720306,0.582380776169439,-0.811105753454322,-0.78664112456934
schedule_7,schedule_7/1610551187_8.csv,100,0.527733657466449,0.539654050362657,-0.85015469332915,-0.825621083225056
schedule_7,schedule_7/1610551196_14.csv,100,0.594578519944226,0.600558668667341,-0.742095069750118,-0.735642724814043
schedule_7,schedule_7/1610551198_85.csv,100,0.702456667615343,0.685136591631942,-0.542275087842132,-0.56466701505817
schedule_7,schedule_7/1610551204_47.csv,100,0.520427761769039,0.523649524373652,-0.88941925635876,-0.902571807721813
schedule_7,schedule_7/1610551205_61.csv,100,0.532904939604114,0.547381257302999,-0.857296974699771,-0.83407471867477
schedule_7,schedule_7/1610551220_9.csv,100,0.746624286538121,0.795890018868918,-0.353468432013849,-0.290079510266575
schedule_7,schedule_7/1610551221_12.csv,100,0.526580190875249,0.544021796560705,-0.880163270909672,-0.843518801095671
schedule_7,schedule_7/1610551232_46.csv,100,0.426777126406147,0.41520806212706,-1.07641343964672,-1.09960166878083
schedule_7,schedule_7/1610551242_5.csv,100,0.341538109930074,0.338236006139609,-1.42183386957065,-1.46002480456529
schedule_7,schedule_7/1610551273_21.csv,100,0.639217333477942,0.679830131786748,-0.590046292826339,-0.537408597452785
schedule_7,schedule_7/1610551290_71.csv,100,0.370544634572887,0.370544634572887,-1.15610186496759,-1.15610186496759
schedule_7,schedule_7/1610551301_52.csv,100,0.414404843259363,0.420145889283396,-1.16618276115589,-1.15405634980446
schedule_7,schedule_7/1610551308_20.csv,100,0.52705283015873,0.538710256630774,-0.855370708004789,-0.832987004128256
schedule_7,schedule_7/1610551309_2.csv,100,0.639349301776828,0.675973752465206,-0.566214370164382,-0.511627429167592
schedule_7,schedule_7/1610551321_39.csv,100,0.634038438674158,0.665494749853646,-0.623804784072712,-0.595286070537693
schedule_7,schedule_7/1610551395_24.csv,100,0.784223036975804,0.830561049538751,-0.276805265801365,-0.216941348737874
schedule_7,schedule_7/1610551421_76.csv,100,0.343488448609253,0.346420409575798,-1.25891497031716,-1.26223212368806
schedule_7,schedule_7/1610551522_39.csv,100,0.55765920025928,0.575121928608413,-0.819953523594598,-0.800747160085719
schedule_7,schedule_7/1610551600_8.csv,100,0.593034276795989,0.624762397251804,-0.707797789449073,-0.66167703578769
schedule_7,schedule_7/1610551619_70.csv,100,0.686480193558656,0.718337748565352,-0.502016238236121,-0.46097479500683
schedule_7,schedule_7/1610551722_90.csv,100,0.629613851787237,0.641405705470037,-0.611384442841988,-0.591188690835247
schedule_7,schedule_7/1610551780_33.csv,100,0.660369242029515,0.689399299623218,-0.572923195826966,-0.561683736301191
schedule_7,schedule_7/1610551812_99.csv,100,0.58848705798142,0.577009135358093,-0.69078561994411,-0.709263840947099
schedule_7,schedule_7/1610551867_79.csv,100,0.533456091360236,0.530129650454517,-0.87864102587018,-0.898178308112269
schedule_7,schedule_7/1610551948_82.csv,100,0.689050014095138,0.729523286842438,-0.471350799468709,-0.419107065083592
schedule_7,schedule_7/1610552006_60.csv,100,0.623130122920807,0.638059892387562,-0.678916167581541,-0.646264042021178
schedule_7,schedule_7/1610552067_88.csv,100,0.682271317755172,0.722817125382339,-0.51754262909251,-0.465300334081845
schedule_7,schedule_7/1610552098_75.csv,100,0.58758600163437,0.596139949618085,-0.748708055139388,-0.731937167961159
schedule_7,schedule_7/1610552249_48.csv,100,0.740009052136139,0.771561499794993,-0.38102686535997,-0.353061724476984
schedule_7,schedule_7/1610552296_25.csv,100,0.468441465052471,0.465544862389965,-0.994955657412238,-1.011031222373
schedule_7,schedule_7/1610552347_14.csv,100,0.612812060074389,0.604544356937225,-0.662605038312157,-0.703875788285298
schedule_7,schedule_7/1610552424_14.csv,100,0.453810534398274,0.453810753655522,-0.922084381866913,-0.918658427568811
schedule_7,schedule_7/1610552627_41.csv,100,0.553224521889529,0.567487094662885,-0.768243497911998,-0.750115692471734
schedule_7,schedule_7/1610552694_25.csv,100,0.595417532726214,0.589804767742543,-0.667513296952994,-0.671565478828472
schedule_7,schedule_7/1610552942_22.csv,100,0.541093321691565,0.558342319958607,-0.790619983518442,-0.763451620050881
schedule_7,schedule_7/1610552987_42.csv,100,0.509553613978111,0.500972663091949,-0.904689786476655,-0.929757088173247
schedule_7,schedule_7/1610553347_77.csv,100,0.270083414931164,0.267043568798731,-1.55429132252109,-1.56742557403292
schedule_7,schedule_7/1610553433_92.csv,100,0.725884852870723,0.769378261547217,-0.420061797721231,-0.364104785873409
schedule_7,schedule_7/1610553569_76.csv,100,0.595042146868282,0.606170224974804,-0.733234449824633,-0.739716514714686
schedule_7,schedule_7/1610553907_2.csv,100,0.752017680858748,0.795469619683211,-0.352202339186793,-0.296236671599777
schedule_7,schedule_7/1610554027_57.csv,100,0.69834946885628,0.733230835170981,-0.495642157785644,-0.45129237794856
schedule_7,schedule_7/1610554176_12.csv,100,0.666064244793086,0.683199890035241,-0.583863397262598,-0.581890559168119
schedule_7,schedule_7/1610554248_43.csv,100,0.701300242917813,0.741683396883337,-0.468395123254026,-0.415978965929952
schedule_7,schedule_7/1610554983_95.csv,100,0.49490655451169,0.504966386975965,-1.00019533105055,-0.989702480473743
schedule_7,schedule_7/1610555531_9.csv,100,0.502329090288304,0.517048140483575,-0.886307629138712,-0.853517548078526
schedule_7,schedule_7/1610555847_18.csv,100,0.376442051976516,0.367746208440057,-1.24307373372375,-1.26365838276005
schedule_7,schedule_7/1610556762_43.csv,100,0.55159874687593,0.566110944767857,-0.829860685355406,-0.810092781907615
schedule_7,schedule_7/1610558585_60.csv,100,0.464159129642447,0.470051067978681,-1.04464109681424,-1.039908822889
schedule_7,schedule_7/1610559340_76.csv,100,0.542704913750005,0.542385174658662,-0.816584645241805,-0.846323954370832
schedule_7,schedule_7/1610560479_45.csv,100,0.552320298398395,0.569317240602926,-0.797156111919172,-0.786909503124009
schedule_7,schedule_7/1610562116_28.csv,100,0.749567354661818,0.793058552039558,-0.342157590988524,-0.286248199030141
schedule_7,schedule_7/1610562661_88.csv,100,0.677427176768712,0.712212084988877,-0.535021877095308,-0.490318887443349
schedule_7,schedule_7/1610563212_100.csv,100,0.642383640945434,0.668472367545842,-0.597378604090487,-0.563858147924255
schedule_7,schedule_7/1610563444_40.csv,100,0.643267394259453,0.666036897819287,-0.558825793493277,-0.527248726410013
schedule_7,schedule_7/1610564998_80.csv,100,0.581471190871559,0.59309907244082,-0.741962475556078,-0.718923693666361
schedule_7,schedule_7/1610565480_7.csv,100,0.537083503672307,0.554490619457709,-0.816751482831688,-0.782346073280633
schedule_7,schedule_7/1610565998_4.csv,100,0.584918063988437,0.573490156036117,-0.702548106304017,-0.740581350502551
schedule_7,schedule_7/1610566476_35.csv,100,0.743959869874838,0.790334815105352,-0.380204131781118,-0.320468907942669
schedule_7,schedule_7/1610568203_38.csv,100,0.50739198510403,0.521895125962257,-0.904387926988041,-0.876253072970753
schedule_7,schedule_7/1610568822_35.csv,100,0.52521153836299,0.542568887159497,-0.833643417080274,-0.793452415835843
schedule_7,schedule_7/1610569614_33.csv,100,0.606330785103776,0.62312010543494,-0.704643282183941,-0.694397871184543
schedule_7,schedule_7/1610572411_29.csv,100,0.645077331631994,0.665227515791089,-0.596187687994635,-0.576576298084747
schedule_7,schedule_7/1610572896_71.csv,100,0.340514334855252,0.340514334855252,-1.20134671160214,-1.20134671160214
schedule_7,schedule_7/1610573907_39.csv,100,0.67381622863278,0.705743767956766,-0.523756772347831,-0.494716502589819
schedule_7,schedule_7/1610574302_11.csv,100,0.342450617088951,0.345426112663104,-1.38922844839598,-1.38963598822584
schedule_7,schedule_7/1610576071_42.csv,100,0.555927149248038,0.564606398992238,-0.810702869798983,-0.796303579316056
schedule_7,schedule_7/1610577825_63.csv,100,0.690728419123618,0.711083579262528,-0.51012885201378,-0.484107904679269
schedule_7,schedule_7/1610578472_81.csv,100,0.618383811435578,0.626729797819656,-0.672949954306595,-0.689016106075166
schedule_7,schedule_7/1610579146_58.csv,100,0.679534703881216,0.711407051349533,-0.533655108226833,-0.516993801888248
schedule_7,schedule_7/1610580966_1.csv,100,0.735707198608086,0.715815739726446,-0.406952340211204,-0.443503935555442
schedule_7,schedule_7/1610635587_29.csv,100,0.472594492079337,0.490061422970808,-1.02512437575441,-0.990678243329994
schedule_7,schedule_7/1610635588_55.csv,100,0.631923319617505,0.66957112384174,-0.654131841692891,-0.60078042132234
schedule_7,schedule_7/1610635629_32.csv,100,0.62417551371982,0.65466685228621,-0.621383798817629,-0.562604285956578
schedule_7,schedule_7/1610635871_45.csv,100,0.707956036023381,0.745633254412807,-0.45850962126469,-0.41003849800025
schedule_7,schedule_7/1610638377_68.csv,100,0.712472614155025,0.758842852688209,-0.445758062276119,-0.3860166806997
schedule_7,schedule_7/1611165851_14.csv,100,0.335102537278527,0.338015342695489,-1.31156713146251,-1.30727593109877
schedule_7,schedule_7/1611166074_87.csv,100,0.303365651915178,0.303365651915178,-1.29305031861096,-1.29305031861096
schedule_7,schedule_7/1611166120_92.csv,100,0.454635213930448,0.463496565815901,-1.13885786008872,-1.11041683163496
schedule_7,schedule_7/1611166318_76.csv,100,0.464207293685367,0.458401859185714,-1.03820648349463,-1.06662256729535
schedule_7,schedule_7/1611166533_64.csv,100,0.521517631057361,0.512842768112787,-0.849228912553777,-0.862808384969406
schedule_7,schedule_7/1611166547_100.csv,100,0.392593244220475,0.392614926908789,-1.25438894093836,-1.25829464896802
schedule_7,schedule_7/1611166707_30.csv,100,0.340648537170693,0.343568827558261,-1.26684720912441,-1.26283963447469
schedule_7,schedule_7/1611175742_5.csv,100,0.37618733564304,0.379086706651415,-1.15559524201168,-1.15098020007336
schedule_7,schedule_7/1611178926_40.csv,100,0.419867355522804,0.425639104894975,-1.12592678929914,-1.12627828071342
schedule_7,schedule_7/1611209998_39.csv,100,0.63991489836677,0.61967791502263,-0.623730647431449,-0.653152943741329
schedule_7,schedule_7/1611209998_49.csv,100,0.813086800979066,0.784064073477905,-0.25868984380597,-0.307898497645597
schedule_7,schedule_7/1611210004_58.csv,100,0.651858230540055,0.657635118791305,-0.607994442070301,-0.615791135390008
schedule_7,schedule_7/1611210026_76.csv,100,0.715590786627952,0.692495941797453,-0.421443865687678,-0.454995582865307
schedule_7,schedule_7/1611210039_46.csv,100,0.502757781433404,0.50543421800269,-0.981834786223541,-1.00558268926494
schedule_7,schedule_7/1611210065_11.csv,100,0.49915385533004,0.505307214255361,-0.889900845149562,-0.883516264449599
schedule_7,schedule_7/1611210069_76.csv,100,0.59443287804099,0.608967660496815,-0.691447924026372,-0.673007532653773
schedule_7,schedule_7/1611210159_4.csv,100,0.687461744687924,0.667443365165801,-0.533517455880821,-0.589816995577827
schedule_7,schedule_7/1611210210_97.csv,100,0.455986544488754,0.432090286740434,-1.07282162825182,-1.14804136381257
schedule_7,schedule_7/1611210432_61.csv,100,0.500262691512906,0.496722900834773,-0.94219607438711,-0.972089643494403
schedule_7,schedule_7/1611210461_78.csv,100,0.419634265584906,0.419680349826745,-1.12502703148439,-1.13289076763596
schedule_7,schedule_7/1611210487_60.csv,100,0.596486262368815,0.600828418437553,-0.721264315459312,-0.718649679744152
schedule_7,schedule_7/1611210542_36.csv,100,0.529958885299571,0.515232745919504,-0.828756928481093,-0.866019575075336
schedule_7,schedule_7/1611210571_67.csv,100,0.574343901991615,0.56450206738977,-0.730213564911606,-0.759529506924593
schedule_7,schedule_7/1611210582_95.csv,100,0.539696913929148,0.527984191511379,-0.818966561218101,-0.848097427409455
schedule_7,schedule_7/1611210590_39.csv,100,0.731290826884074,0.77763740251414,-0.399795176424648,-0.339834454843776
schedule_7,schedule_7/1611210693_81.csv,100,0.737217328301878,0.740664605056037,-0.381160044906031,-0.377138566802665
schedule_7,schedule_7/1611210723_69.csv,100,0.720162426863188,0.760115366838247,-0.432018747399677,-0.386352568059663
schedule_7,schedule_7/1611210723_80.csv,100,0.634260229279927,0.632173742699292,-0.730935881295348,-0.730184539756062
schedule_7,schedule_7/1611210777_55.csv,100,0.51137852877477,0.505724156799358,-0.960141966827684,-1.01455284323073
schedule_7,schedule_7/1611210976_19.csv,100,0.441695560458563,0.429117022557181,-1.14229804812043,-1.1949515793673
schedule_7,schedule_7/1611210979_87.csv,100,0.443710310127759,0.443737521496611,-1.06133504664703,-1.06178769955441
schedule_7,schedule_7/1611211090_44.csv,100,0.49911003647566,0.510652284044857,-0.991043840080886,-1.00894614549899
schedule_7,schedule_7/1611213119_4.csv,100,0.500487019133749,0.488963064161177,-0.960869021628829,-0.978190278039571
schedule_8,schedule_8/1590419449_45.csv,100,0.579910440161894,0.591702703405247,-0.74577546153557,-0.719898950986566
schedule_8,schedule_8/1590419464_2.csv,100,0.414423683738684,0.417350850830762,-1.07494131267773,-1.06115216431698
schedule_8,schedule_8/1590419475_60.csv,100,0.531927714030454,0.538004842508388,-0.827166969539496,-0.807404684732332
schedule_8,schedule_8/1590419494_74.csv,100,0.672614565849831,0.678856264723228,-0.532942735122673,-0.510121573762579
schedule_8,schedule_8/1590419508_96.csv,100,0.625258240496194,0.645701953966367,-0.619862906231478,-0.571849492376423
schedule_8,schedule_8/1590419517_81.csv,100,0.539137281031362,0.544421318175345,-0.806088152783685,-0.803597184910153
schedule_8,schedule_8/1590419539_3.csv,100,0.609350627441264,0.623801267149704,-0.658690176329853,-0.639991208786613
schedule_8,schedule_8/1590419562_52.csv,100,0.383103304323561,0.386091079961907,-1.12483990229232,-1.122144867878
schedule_8,schedule_8/1590419629_86.csv,100,0.575696574855579,0.566984273120239,-0.661865169626362,-0.668854567707515
schedule_8,schedule_8/1590419690_88.csv,100,0.37724396049434,0.380010115572754,-1.15716925115706,-1.14426212827214
schedule_8,schedule_8/1590419800_48.csv,100,0.584890243171981,0.596636615749274,-0.765336181495312,-0.737013313448281
schedule_8,schedule_8/1590420373_29.csv,100,0.515506861816135,0.512529745950274,-0.849590511530998,-0.851041123004166
schedule_8,schedule_8/1590421183_85.csv,100,0.426904276620041,0.444306118775206,-1.04320643774863,-0.989471057199352
schedule_8,schedule_8/1590421494_29.csv,100,0.505384202020173,0.499580885006544,-0.865087131405484,-0.863112599578774
schedule_8,schedule_8/1590422477_64.csv,100,0.597101405690806,0.626832046756345,-0.734198959478165,-0.642595407419449
schedule_8,schedule_8/1590423598_56.csv,100,0.362625491704489,0.374268608972078,-1.20182957832573,-1.15923952077194
schedule_8,schedule_8/1609192730_4.csv,100,0.596943654232233,0.616907554846438,-0.685474858777048,-0.645401672704348
schedule_8,schedule_8/1609192755_36.csv,100,0.597047884170166,0.617212169903918,-0.691939945667797,-0.65505859659414
schedule_8,schedule_8/1609192767_26.csv,100,0.75326129005996,0.742377180502065,-0.381785101834677,-0.396382677561229
schedule_8,schedule_8/1609192783_11.csv,100,0.509691911710073,0.512509200908879,-0.802966057859217,-0.79100706853098
schedule_8,schedule_8/1609192793_34.csv,100,0.569332788398841,0.588902881252854,-0.792852631607835,-0.758091374468733
schedule_8,schedule_8/1609192808_71.csv,100,0.618736183692456,0.61284910857954,-0.663104629377144,-0.711132039329083
schedule_8,schedule_8/1609192824_72.csv,100,0.469039902784253,0.483211258430586,-0.925743780485024,-0.89192088795197
schedule_8,schedule_8/1609192852_50.csv,100,0.680713700542102,0.685248207872724,-0.563224126927728,-0.590253241878756
schedule_8,schedule_8/1609192859_90.csv,100,0.532379148658897,0.526749086297148,-0.777212595515949,-0.787537269438301
schedule_8,schedule_8/1609192895_63.csv,100,0.653745397479273,0.647963814220374,-0.643869366269278,-0.643862782631449
schedule_8,schedule_8/1609192942_73.csv,100,0.519633157198116,0.514182366178478,-0.868652019283741,-0.877950146605933
schedule_8,schedule_8/1609192988_16.csv,100,0.394401712183901,0.39955980201878,-1.25905317946341,-1.25546651354879
schedule_8,schedule_8/1609193019_19.csv,100,0.545618602909142,0.562666024002789,-0.888141134372714,-0.846423716291628
schedule_8,schedule_8/1609193029_59.csv,100,0.592932358766329,0.597673490221458,-0.750947964185407,-0.755661646990887
schedule_8,schedule_8/1609193055_9.csv,100,0.559036991920389,0.566251959040625,-0.825508395151319,-0.81155039145313
schedule_8,schedule_8/1609431258_25.csv,100,0.561381517770094,0.579021817272552,-0.769317436464543,-0.720488487840164
schedule_8,schedule_8/1609431905_2.csv,100,0.514986514579356,0.512449934486089,-0.893466184696118,-0.897367239812908
schedule_8,schedule_8/1609432026_83.csv,100,0.419327994406344,0.421366088860989,-1.18064935856295,-1.18557788713416
schedule_8,schedule_8/1609432848_95.csv,100,0.393289610935903,0.413946949866001,-1.20490412547562,-1.13281570840379
schedule_8,schedule_8/1609434835_38.csv,100,0.474194875315228,0.474201597875841,-0.950079150107889,-0.94677798079225
schedule_8,schedule_8/1609442111_55.csv,100,0.481792967914077,0.493366646626668,-1.00234928940071,-0.971414350176595
schedule_8,schedule_8/1610551401_31.csv,100,0.48207299309447,0.484935472722473,-0.946759562039077,-0.932471675276186
schedule_8,schedule_8/1610551477_61.csv,100,0.539733803787135,0.554003090996448,-0.818858681178736,-0.784586068892912
schedule_8,schedule_8/1610551551_43.csv,100,0.519311052700606,0.530873786789202,-0.880654240051033,-0.864632090005715
schedule_8,schedule_8/1610551609_59.csv,100,0.540510983438724,0.535328173134076,-0.823749579577493,-0.825181361990172
schedule_8,schedule_8/1610551650_2.csv,100,0.65819006460906,0.647230443449653,-0.563156874212164,-0.583205592830539
schedule_8,schedule_8/1610551754_77.csv,100,0.44587270126746,0.4458491045734,-0.979602597140896,-0.962894984346101
schedule_8,schedule_8/1610551895_87.csv,100,0.572314875191534,0.577594145526556,-0.783683594084576,-0.781854261617724
schedule_8,schedule_8/1610551935_97.csv,100,0.42259261373448,0.434582490254337,-1.03366538072175,-1.00009196299241
schedule_8,schedule_8/1610551957_20.csv,100,0.397480700039319,0.403943396259003,-1.11248851696031,-1.0789418752384
schedule_8,schedule_8/1610552054_64.csv,100,0.759891030217938,0.788551217980673,-0.339945428963837,-0.302846685328701
schedule_8,schedule_8/1610552147_3.csv,100,0.516197668513477,0.527785463214396,-0.839278165063321,-0.812721074587219
schedule_8,schedule_8/1610552245_47.csv,100,0.619218517429684,0.618369447440422,-0.704739875349909,-0.697636484372917
schedule_8,schedule_8/1610552295_65.csv,100,0.42392549504624,0.42142763978519,-1.10007845469654,-1.12907281827543
schedule_8,schedule_8/1610552462_43.csv,100,0.497359079261265,0.515745131893759,-0.928970927093704,-0.866244303164136
schedule_8,schedule_8/1610552576_14.csv,100,0.522801039829538,0.519593602283474,-0.823150853106658,-0.826403106087086
schedule_8,schedule_8/1610552708_31.csv,100,0.639355667777653,0.636187861188928,-0.586691998842298,-0.582450417860269
schedule_8,schedule_8/1610552956_40.csv,100,0.569664895494311,0.56357576460953,-0.757691260723715,-0.776017561101897
schedule_8,schedule_8/1610553144_63.csv,100,0.53929623197909,0.551004504094444,-0.819110769405748,-0.79916785960415
schedule_8,schedule_8/1610553476_66.csv,100,0.477180934811592,0.476930321352521,-0.876909531023943,-0.866114101313263
schedule_8,schedule_8/1610553659_10.csv,100,0.831137214263077,0.792098700879973,-0.244144002135085,-0.298441583113997
schedule_8,schedule_8/1610553724_52.csv,100,0.454527906503532,0.463098350558276,-0.987316052033877,-0.961022056611943
schedule_8,schedule_8/1610553944_60.csv,100,0.752939993027464,0.722814666830033,-0.351386342500814,-0.402922719568358
schedule_8,schedule_8/1610554178_5.csv,100,0.454162265591659,0.459929113442502,-0.934625790113969,-0.918540393961362
schedule_8,schedule_8/1610554403_67.csv,100,0.52226315235556,0.539460663325954,-0.875186782136178,-0.84727405378723
schedule_8,schedule_8/1610554815_44.csv,100,0.583662080976469,0.59922515094335,-0.783939539326181,-0.726994839262051
schedule_8,schedule_8/1610554994_90.csv,100,0.580813125602069,0.586543901408128,-0.727655501382098,-0.734375540178839
schedule_8,schedule_8/1610555499_97.csv,100,0.585405143195118,0.580511446193006,-0.785810483634559,-0.75101441417585
schedule_8,schedule_8/1610556103_22.csv,100,0.733787618667608,0.747494740559142,-0.431001827069452,-0.402372834383952
schedule_8,schedule_8/1610556718_57.csv,100,0.54491149222537,0.547049331750586,-0.845408606930796,-0.839681294248652
schedule_8,schedule_8/1610557236_13.csv,100,0.591590051072787,0.600489240753321,-0.64554619485486,-0.62479007663355
schedule_8,schedule_8/1610557366_63.csv,100,0.658062227025799,0.664446858876204,-0.609622050311737,-0.609851453594601
schedule_8,schedule_8/1610558493_56.csv,100,0.483398332967612,0.492269772398322,-0.938912984774299,-0.907522071017693
schedule_8,schedule_8/1610559366_80.csv,100,0.539551994698928,0.558210422916895,-0.765764392650132,-0.716494280008484
schedule_8,schedule_8/1610560234_5.csv,100,0.575391354547849,0.560603336196912,-0.683247054874153,-0.717091571235573
schedule_8,schedule_8/1610561454_14.csv,100,0.459922412213934,0.462615555257164,-0.935390274149078,-0.927827429461828
schedule_8,schedule_8/1610562614_96.csv,100,0.74928746207656,0.772479903404166,-0.377128727737608,-0.34666602194888
schedule_8,schedule_8/1610563317_63.csv,100,0.477627364522959,0.480408998699418,-0.955082299546705,-0.95510602212825
schedule_8,schedule_8/1610563923_32.csv,100,0.51420815998454,0.546118874297367,-0.839904204774513,-0.755783168655761
schedule_8,schedule_8/1610564242_13.csv,100,0.566031686830675,0.58584859402572,-0.724033414503466,-0.676780337464826
schedule_8,schedule_8/1610565373_98.csv,100,0.619864191820211,0.592723359444688,-0.594795436205769,-0.658156337960793
schedule_8,schedule_8/1610566061_31.csv,100,0.540513449826105,0.549908227508609,-0.853371790807606,-0.839305995775999
schedule_8,schedule_8/1610566828_4.csv,100,0.519686735326306,0.51383920886832,-0.839473809887755,-0.857294249983903
schedule_8,schedule_8/1610567733_9.csv,100,0.53129488175509,0.550242669062031,-0.822743991738908,-0.784083483375067
schedule_8,schedule_8/1610568212_64.csv,100,0.607978661271038,0.607949878691965,-0.677230050895074,-0.679391026307298
schedule_8,schedule_8/1610572402_47.csv,100,0.553123762379688,0.57260090601744,-0.838389793565619,-0.813103719405096
schedule_8,schedule_8/1610572889_30.csv,100,0.553909611073574,0.576874720160813,-0.745920358145958,-0.696900302721055
schedule_8,schedule_8/1610573186_55.csv,100,0.559257623739785,0.573629693276355,-0.846041209196847,-0.828451472241841
schedule_8,schedule_8/1610574345_19.csv,100,0.531500512460395,0.538396792757203,-0.864201896663888,-0.848525868380783
schedule_8,schedule_8/1610577826_86.csv,100,0.564451480377863,0.581183975005728,-0.72545055464379,-0.690145792982047
schedule_8,schedule_8/1610578884_92.csv,100,0.591977049899819,0.623015240826415,-0.729268732184434,-0.663521320171277
schedule_8,schedule_8/1610579126_77.csv,100,0.674864920213469,0.676076784693644,-0.481072030732644,-0.478023604608259
schedule_8,schedule_8/1610580262_92.csv,100,0.571367559575668,0.559249234571971,-0.804995550651369,-0.812302810737957
schedule_8,schedule_8/1610581813_66.csv,100,0.531379442787772,0.535204932363365,-0.829073538984644,-0.815656660267915
schedule_8,schedule_8/1610635977_87.csv,100,0.775884866052277,0.799075317080814,-0.342753934538149,-0.312515067080136
schedule_8,schedule_8/1610637582_36.csv,100,0.376190249072013,0.387768588225477,-1.16673310467259,-1.1172413704079
schedule_8,schedule_8/1610692213_74.csv,100,0.509035931372457,0.520291526062867,-0.948171482776236,-0.912801663133599
schedule_8,schedule_8/1610692246_100.csv,100,0.425419385739921,0.445018773385551,-1.14986666214598,-1.09940558955293
schedule_8,schedule_8/1610692282_60.csv,100,0.578932381503497,0.58841406146134,-0.687066843510819,-0.670663270004715
schedule_8,schedule_8/1610692283_52.csv,100,0.434867708306142,0.43782200542799,-1.0657449833348,-1.05064505204871
schedule_8,schedule_8/1610692311_74.csv,100,0.403674009599594,0.414734152228094,-1.12362520344417,-1.10075803082049
schedule_8,schedule_8/1610692362_76.csv,100,0.636322535610038,0.653044100026282,-0.568044070114972,-0.532583006717149
schedule_8,schedule_8/1610692489_31.csv,100,0.485011857300278,0.487824225649852,-0.845588376638922,-0.834767677124893
schedule_8,schedule_8/1610692515_62.csv,100,0.646724868620412,0.62642818938676,-0.54309941574795,-0.575588866225405
schedule_8,schedule_8/1610692836_66.csv,100,0.567560655138162,0.579148502188018,-0.816613591739101,-0.787335963368734
schedule_8,schedule_8/1610692840_15.csv,100,0.617061979463038,0.637141076172484,-0.649439387330112,-0.61869169905511
schedule_8,schedule_8/1610695797_38.csv,100,0.523008671620497,0.517333268090723,-0.788609721163869,-0.794179098015708
schedule_8,schedule_8/1610947330_45.csv,100,0.444256961739451,0.445228230562635,-1.07125847598344,-1.05039766641698
schedule_8,schedule_8/1610947331_28.csv,100,0.553018127541772,0.543859014218543,-0.823317025464634,-0.871083824097524
schedule_8,schedule_8/1610947343_57.csv,100,0.4832092293186,0.490509826494078,-0.974314237564392,-0.942965674521881
schedule_8,schedule_8/1610947346_38.csv,100,0.302267995930463,0.305150553099328,-1.32303445184388,-1.31924745498139
schedule_8,schedule_8/1610947363_67.csv,100,0.485523242274174,0.502856100531809,-0.89475824035792,-0.862698623795039
schedule_8,schedule_8/1610947379_71.csv,100,0.448591874874482,0.465929464406579,-1.06804285424019,-1.01627775099816
schedule_8,schedule_8/1610947454_20.csv,100,0.473993139949829,0.491292611850032,-0.970612961483829,-0.926416208778132
schedule_8,schedule_8/1610947479_24.csv,100,0.537231585346541,0.519411875977735,-0.815201933291057,-0.877714530298504
schedule_8,schedule_8/1610947541_69.csv,100,0.550686394312466,0.539126774649899,-0.780866789188429,-0.817975469381234
schedule_8,schedule_8/1610947695_9.csv,100,0.836907818298258,0.787538532413957,-0.226133306515054,-0.308472235043212
schedule_8,schedule_8/1610947721_86.csv,100,0.597218887609328,0.600872473017352,-0.738357511162559,-0.73171993415468
schedule_8,schedule_8/1610950459_27.csv,100,0.465670270863425,0.45985567297856,-0.983515723234703,-0.992806291106889
schedule_8,schedule_8/1610952102_43.csv,100,0.504529922694405,0.510580224528384,-0.829236580035987,-0.807760296274953
schedule_9,schedule_9/1609192626_96.csv,100,0.650141834475178,0.644323881504135,-0.610619236616603,-0.623082138482534
schedule_9,schedule_9/1609192639_1.csv,100,0.70314639322904,0.737620549079255,-0.462503988760061,-0.413958388633905
schedule_9,schedule_9/1609192642_74.csv,100,0.530709587005781,0.533611359502719,-0.791939742265845,-0.79086530759527
schedule_9,schedule_9/1609192664_55.csv,100,0.540852708587418,0.555362038399496,-0.870649605083017,-0.839843580760873
schedule_9,schedule_9/1609192665_1.csv,100,0.532191168487373,0.543447620565199,-0.879808080614096,-0.843346748747188
schedule_9,schedule_9/1609192674_23.csv,100,0.629523454105642,0.634878751284477,-0.590634699821669,-0.593360639171255
schedule_9,schedule_9/1609192674_87.csv,100,0.62282339168205,0.619265133186043,-0.593858142867837,-0.591758091656761
schedule_9,schedule_9/1609192681_5.csv,100,0.501343982595126,0.496930096570473,-1.0017297455345,-0.990754183356426
schedule_9,schedule_9/1609192685_53.csv,100,0.638119792856048,0.664144637646154,-0.530295478229602,-0.496572224352331
schedule_9,schedule_9/1609192688_36.csv,100,0.565178228133409,0.590066958602412,-0.746504731665461,-0.69658342360768
schedule_9,schedule_9/1609192693_45.csv,100,0.445846502017968,0.457505530662896,-1.07467815001406,-1.05450506069879
schedule_9,schedule_9/1609192696_47.csv,100,0.518004821237702,0.524074297027863,-0.870210767743707,-0.858303370955175
schedule_9,schedule_9/1609192702_89.csv,100,0.396033115327079,0.393073294830074,-1.13869384593442,-1.15846925329359
schedule_9,schedule_9/1609192708_64.csv,100,0.486423229500136,0.495013343263786,-0.926405081647501,-0.925634965327049
schedule_9,schedule_9/1609192722_37.csv,100,0.631846741024984,0.656429690692601,-0.620931746872549,-0.579632666706765
schedule_9,schedule_9/1609192729_65.csv,100,0.538171056840821,0.535272390819201,-0.719303279801637,-0.716933051205344
schedule_9,schedule_9/1609192739_85.csv,100,0.707405671172078,0.747973033541863,-0.450890673874,-0.398567158952404
schedule_9,schedule_9/1609192748_74.csv,100,0.625633935981532,0.640695647450983,-0.628212017436913,-0.635538896047623
schedule_9,schedule_9/1609192783_95.csv,100,0.613627645308882,0.646851453341867,-0.617420949181158,-0.553229092896886
schedule_9,schedule_9/1609192784_52.csv,100,0.507297265365868,0.521482170490462,-0.853909063288,-0.819042637782879
schedule_9,schedule_9/1609192809_53.csv,100,0.413862983251797,0.436713018354455,-1.15810302538647,-1.11375058180044
schedule_9,schedule_9/1609192833_30.csv,100,0.694887569371727,0.726759038461983,-0.460561652561629,-0.419976362236609
schedule_9,schedule_9/1609192853_21.csv,100,0.458507747935802,0.45440863798938,-1.0574860590324,-1.09425793851584
schedule_9,schedule_9/1609192884_4.csv,100,0.446308940048349,0.452034881160104,-1.08456560110737,-1.05617295895332
schedule_9,schedule_9/1609192901_10.csv,100,0.742029107800449,0.788404768270794,-0.367987345831371,-0.307952702301983
schedule_9,schedule_9/1609192918_8.csv,100,0.63621131843922,0.660654857335563,-0.608303406102815,-0.583341146951734
schedule_9,schedule_9/1609193022_60.csv,100,0.546814486837197,0.558183702509235,-0.900134127858474,-0.866564918701945
schedule_9,schedule_9/1609193065_7.csv,100,0.372069225935719,0.378290825748597,-1.21169479007678,-1.19283899239184
schedule_9,schedule_9/1609193218_38.csv,100,0.554069296863741,0.574339838829281,-0.756856900066371,-0.716630993019803
schedule_9,schedule_9/1609431342_93.csv,100,0.636232686455243,0.632690448038537,-0.633066595221344,-0.642411928337356
schedule_9,schedule_9/1609431380_86.csv,100,0.701466745763317,0.726597179653735,-0.438799420506077,-0.414757055505571
schedule_9,schedule_9/1609432091_6.csv,100,0.401770785617691,0.402151667250077,-1.1034632193735,-1.09699452246652
schedule_9,schedule_9/1609432752_7.csv,100,0.450990537966561,0.450018455419848,-1.02690162922344,-1.03326468436637
schedule_9,schedule_9/1609435206_92.csv,100,0.575962251995151,0.593294645476086,-0.68840072533441,-0.662539075894907
schedule_9,schedule_9/1609444043_58.csv,100,0.503688472327817,0.509388873926713,-0.877643542499824,-0.875405214814838
schedule_9,schedule_9/1609444081_93.csv,100,0.733256484902192,0.773266790688073,-0.350718197974208,-0.298645038823319
schedule_9,schedule_9/1609444101_39.csv,100,0.804061575275099,0.786870423669505,-0.349291902894827,-0.360689910950444
schedule_9,schedule_9/1609444148_48.csv,100,0.517159244653305,0.528898857910237,-0.808494164652406,-0.789531868095003
schedule_9,schedule_9/1609444211_37.csv,100,0.539695544691335,0.528594032356076,-0.754893021086072,-0.768872535296689
schedule_9,schedule_9/1609444447_6.csv,100,0.479970836047419,0.48852453197522,-0.977842107964104,-0.95373115823118
schedule_9,schedule_9/1609444810_44.csv,100,0.49838645150848,0.504116004364891,-0.811364366416986,-0.785423573820374
schedule_9,schedule_9/1609445735_52.csv,100,0.618866559544377,0.638838558130669,-0.589244720647708,-0.581733353280498
schedule_9,schedule_9/1609448199_16.csv,100,0.60173040618894,0.630362595904579,-0.655571184276605,-0.611279220010547
schedule_9,schedule_9/1610551400_6.csv,100,0.577280593730533,0.587952515462595,-0.713649122062367,-0.722956496030737
schedule_9,schedule_9/1610551439_37.csv,100,0.574532078592774,0.562978297193687,-0.67722527957201,-0.725546328943575
schedule_9,schedule_9/1610551494_95.csv,100,0.593278524353299,0.594762310081693,-0.782344376915213,-0.774520519856274
schedule_9,schedule_9/1610551522_30.csv,100,0.420705769094335,0.426485005887952,-1.09855596861762,-1.09085813503972
schedule_9,schedule_9/1610551589_36.csv,100,0.676512323782308,0.705199294150836,-0.489893327850148,-0.464398144173323
schedule_9,schedule_9/1610551714_70.csv,100,0.574194528766555,0.594477080151264,-0.739915037299276,-0.721834774687126
schedule_9,schedule_9/1610551777_68.csv,100,0.801216569232661,0.809989517828061,-0.248295639412447,-0.238160944030905
schedule_9,schedule_9/1610551786_2.csv,100,0.77645063488917,0.813748760541962,-0.311973939626373,-0.262119395454714
schedule_9,schedule_9/1610551874_16.csv,100,0.390237933320666,0.395904149517356,-1.14994249320701,-1.14251067324634
schedule_9,schedule_9/1610551934_81.csv,100,0.64546274801281,0.690093790098142,-0.52910266821777,-0.459988668762486
schedule_9,schedule_9/1610552018_83.csv,100,0.472747923276835,0.469697376493608,-0.910924051368996,-0.91680888178543
schedule_9,schedule_9/1610552073_38.csv,100,0.660506257894548,0.68665210275314,-0.546416535475276,-0.511053113592514
schedule_9,schedule_9/1610552090_58.csv,100,0.67378873838264,0.660194115680744,-0.439962864130808,-0.458060248281997
schedule_9,schedule_9/1610552294_96.csv,100,0.596107084817961,0.608582358089659,-0.71430136025403,-0.692197388614501
schedule_9,schedule_9/1610552367_39.csv,100,0.537514885127562,0.557617773965954,-0.801066610328013,-0.765328454116045
schedule_9,schedule_9/1610552487_82.csv,100,0.634259439150827,0.667337384207141,-0.603398096823468,-0.57866929683162
schedule_9,schedule_9/1610552522_52.csv,100,0.436518664363924,0.427820132570219,-1.02796279203326,-1.04678757252398
schedule_9,schedule_9/1610552664_61.csv,100,0.320702542502621,0.320702542502621,-1.26967109759172,-1.26967109759172
schedule_9,schedule_9/1610552948_49.csv,100,0.654444044317218,0.651502667692893,-0.575563309667833,-0.608596915214281
schedule_9,schedule_9/1610553088_61.csv,100,0.387972545938656,0.399564685297321,-1.17876449594224,-1.14157572414334
schedule_9,schedule_9/1610553219_14.csv,100,0.550847865378731,0.547978534830221,-0.843074161810503,-0.890967552687405
schedule_9,schedule_9/1610553278_23.csv,100,0.654327990187583,0.651024046227244,-0.562250699232887,-0.557370811951797
schedule_9,schedule_9/1610553400_46.csv,100,0.379421091741882,0.382284281288245,-1.19191455039369,-1.18246408302972
schedule_9,schedule_9/1610553648_15.csv,100,0.536237194025079,0.539143156303894,-0.782296271995956,-0.772706869854187
schedule_9,schedule_9/1610553899_91.csv,100,0.595532440259119,0.607032981187026,-0.668890799412342,-0.639364495605474
schedule_9,schedule_9/1610554007_19.csv,100,0.636235500181172,0.685392139726954,-0.555417074888701,-0.476013291936005
schedule_9,schedule_9/1610554081_90.csv,100,0.574842393570503,0.59305522178981,-0.743223173102672,-0.730680719273111
schedule_9,schedule_9/1610554295_24.csv,100,0.622609255146095,0.631457448365182,-0.559975683249665,-0.544558372720495
schedule_9,schedule_9/1610555284_45.csv,100,0.486054857666908,0.477591076375214,-0.925223152589607,-0.940949857501665
schedule_9,schedule_9/1610555593_60.csv,100,0.588648016148252,0.600237966426308,-0.747683016154948,-0.732913454710975
schedule_9,schedule_9/1610555733_5.csv,100,0.76148409916081,0.810855222177804,-0.323324033414606,-0.259882276167066
schedule_9,schedule_9/1610556394_13.csv,100,0.494638203166162,0.497371513829593,-0.944191637432867,-0.963973575581945
schedule_9,schedule_9/1610557885_1.csv,100,0.550755483442824,0.596858569646621,-0.734242102281402,-0.659786616190295
schedule_9,schedule_9/1610558029_90.csv,100,0.542955424171667,0.563400649782329,-0.794631478603009,-0.757942489700222
schedule_9,schedule_9/1610559133_8.csv,100,0.434224755871458,0.435473927776954,-1.09394124115903,-1.1086435645972
schedule_9,schedule_9/1610560037_35.csv,100,0.5506656643342,0.543784563270631,-0.775258413062406,-0.781702722956053
schedule_9,schedule_9/1610561889_78.csv,100,0.455632974309722,0.477703690736782,-1.08235740928463,-1.04217699763458
schedule_9,schedule_9/1610562154_86.csv,100,0.567472687655193,0.575666224972318,-0.75077093912819,-0.744812123101859
schedule_9,schedule_9/1610563203_29.csv,100,0.665301769229433,0.651324070775603,-0.552340591471361,-0.578786237648757
schedule_9,schedule_9/1610563902_100.csv,100,0.449313031959898,0.455031053290151,-0.977753927242231,-0.971379036462404
schedule_9,schedule_9/1610564929_21.csv,100,0.602054589137701,0.604799641106908,-0.707358362057324,-0.706732417429807
schedule_9,schedule_9/1610565472_23.csv,100,0.475463579264877,0.484133388132178,-1.00738726582197,-1.00838781192782
schedule_9,schedule_9/1610565773_85.csv,100,0.511178135565075,0.528788206548217,-0.909900620873972,-0.882662572773716
schedule_9,schedule_9/1610566569_8.csv,100,0.546177908392364,0.566249550493993,-0.739070884906455,-0.702134893450671
schedule_9,schedule_9/1610567663_13.csv,100,0.533683792134264,0.545562047884865,-0.835883894957695,-0.799121687496719
schedule_9,schedule_9/1610568885_71.csv,100,0.546335062422965,0.547606450738577,-0.793202453748016,-0.804733390462307
schedule_9,schedule_9/1610569672_60.csv,100,0.628227115642045,0.625171402964436,-0.656037679029747,-0.665269787791613
schedule_9,schedule_9/1610570120_15.csv,100,0.450394570954681,0.459101507477682,-1.04203870563062,-1.04572160319771
schedule_9,schedule_9/1610571802_31.csv,100,0.524483720410422,0.524627093422755,-0.825498193474877,-0.825607892477815
schedule_9,schedule_9/1610572754_100.csv,100,0.670350853505148,0.678350928562907,-0.515554697914757,-0.516537260603135
schedule_9,schedule_9/1610574103_71.csv,100,0.499385848224103,0.513753261459891,-0.928375311129143,-0.9105684384766
schedule_9,schedule_9/1610574614_32.csv,100,0.579144829494525,0.610137300238299,-0.788878522915793,-0.734818218865554
schedule_9,schedule_9/1610574841_2.csv,100,0.530950452471796,0.525262313680927,-0.838531469653535,-0.84797510165044
schedule_9,schedule_9/1610577119_79.csv,100,0.569413808491393,0.59551333666036,-0.743706304246356,-0.706827465676069
schedule_9,schedule_9/1610578653_3.csv,100,0.494915068282159,0.512252029544067,-0.872966727032639,-0.829575230883668
schedule_9,schedule_9/1610579873_61.csv,100,0.396198748639886,0.387895915165993,-1.19006526630761,-1.21448591330988
schedule_9,schedule_9/1610580850_81.csv,100,0.382488029304928,0.376664943455909,-1.23136021109727,-1.25003929271151
schedule_9,schedule_9/1610581008_60.csv,100,0.593969884390573,0.589063322923987,-0.758111829972889,-0.780864393265861
schedule_9,schedule_9/1610635800_78.csv,100,0.607838407788599,0.639275277325218,-0.647988544476077,-0.598027660370245
schedule_9,schedule_9/1610635959_61.csv,100,0.469516217453577,0.477981582935902,-0.902502129578899,-0.895585079169945
schedule_9,schedule_9/1610636571_99.csv,100,0.555545012635745,0.558552361786809,-0.761941092396929,-0.76211635756712
schedule_9,schedule_9/1610639669_9.csv,100,0.541141310423702,0.540800386668646,-0.811177752134029,-0.823133049640459
schedule_9,schedule_9/1610692949_98.csv,100,0.578308934121888,0.589941740472336,-0.636470296218739,-0.609419563252806
schedule_9,schedule_9/1610693114_18.csv,100,0.471890146795569,0.477705822160061,-1.00380968908101,-1.02361397080752
schedule_10,schedule_10/1610551135_31.csv,100,0.469208802075063,0.466899000387731,-1.00918103850731,-1.01205915029972
schedule_10,schedule_10/1610551148_47.csv,100,0.545167167946929,0.565672617892447,-0.785040000324907,-0.712439470493954
schedule_10,schedule_10/1610551151_94.csv,100,0.593465398134914,0.619676621225585,-0.721938119997229,-0.667179247921197
schedule_10,schedule_10/1610551165_25.csv,100,0.553398923766572,0.567041427749899,-0.767488166402163,-0.730473676063867
schedule_10,schedule_10/1610551165_88.csv,100,0.763379667385461,0.806535293097546,-0.339124656469738,-0.281959462989482
schedule_10,schedule_10/1610551180_15.csv,100,0.637201414873039,0.622984635675043,-0.597630658221624,-0.601120422339314
schedule_10,schedule_10/1610551180_72.csv,100,0.611380736313626,0.61391205027642,-0.741979493623785,-0.695068818170896
schedule_10,schedule_10/1610551181_26.csv,100,0.504313328676877,0.516664748897014,-0.948319234164068,-0.920641359381547
schedule_10,schedule_10/1610551184_70.csv,100,0.602994045577147,0.645831230247336,-0.70474550464903,-0.56860741549829
schedule_10,schedule_10/1610551191_99.csv,100,0.41774142392843,0.420110637389196,-1.07829137280972,-1.08333611376915
schedule_10,schedule_10/1610551194_52.csv,100,0.31670630414509,0.319124864876261,-1.44823030711108,-1.44688033962153
schedule_10,schedule_10/1610551202_39.csv,100,0.519579836828121,0.545430204647333,-0.862296811012641,-0.775802967983324
schedule_10,schedule_10/1610551203_20.csv,100,0.620665330392398,0.656048686292135,-0.594119055878528,-0.532072112148033
schedule_10,schedule_10/1610551214_15.csv,100,0.482914135090418,0.488686947298215,-0.961510548684111,-0.947294238293125
schedule_10,schedule_10/1610551214_53.csv,100,0.496414116470913,0.495526768485513,-0.952859794700677,-0.955672928353555
schedule_10,schedule_10/1610551221_42.csv,100,0.653358428835468,0.689048138468273,-0.582435204231965,-0.471708759891954
schedule_10,schedule_10/1610551225_32.csv,100,0.613217200543881,0.614419545309639,-0.687519483873865,-0.670269963405607
schedule_10,schedule_10/1610551239_22.csv,100,0.48380364522314,0.494614529555227,-1.02019710464468,-0.98573405369437
schedule_10,schedule_10/1610551240_95.csv,100,0.77718266550195,0.759590241230326,-0.378534101666338,-0.39907271198226
schedule_10,schedule_10/1610551254_88.csv,100,0.668684736129962,0.677545235932385,-0.527314581985337,-0.520136611738538
schedule_10,schedule_10/1610551280_75.csv,100,0.633635035500421,0.626553556213339,-0.680734470678163,-0.675500004817348
schedule_10,schedule_10/1610551287_98.csv,100,0.617559883877626,0.623241916895431,-0.595838030758189,-0.578303834552484
schedule_10,schedule_10/1610551301_80.csv,100,0.587973585729895,0.588062982286797,-0.730121474726502,-0.720415883551448
schedule_10,schedule_10/1610551304_89.csv,100,0.588137200552108,0.605232440299697,-0.734354069829117,-0.699311551739578
schedule_10,schedule_10/1610551305_88.csv,100,0.699995530732345,0.678214879628652,-0.416687550824843,-0.451887024672377
schedule_10,schedule_10/1610551319_40.csv,100,0.695620357867832,0.682659237168273,-0.466746071176435,-0.468881278282377
schedule_10,schedule_10/1610551320_74.csv,100,0.503086270726522,0.491492948123211,-0.842614477385938,-0.858665156479805
schedule_10,schedule_10/1610551365_82.csv,100,0.514561438349668,0.522874720414904,-0.891971808693015,-0.867463426770864
schedule_10,schedule_10/1610551365_89.csv,100,0.487842015386848,0.488880286924574,-0.94483880085104,-0.925051784130309
schedule_10,schedule_10/1610551402_42.csv,100,0.55505800230461,0.552503241914043,-0.78844761637294,-0.79390909427617
schedule_10,schedule_10/1610551448_54.csv,100,0.526249837127867,0.518042532260727,-0.819545845951008,-0.831597570002405
schedule_10,schedule_10/1610551571_32.csv,100,0.524704555371371,0.542487400965952,-0.867737237677304,-0.827656630477217
schedule_10,schedule_10/1610551644_45.csv,100,0.533577408204676,0.547118052855095,-0.945870646210423,-0.849788239351685
schedule_10,schedule_10/1610551672_9.csv,100,0.416014781998829,0.423393920829804,-1.0743820773925,-1.0456154170879
schedule_10,schedule_10/1610551824_16.csv,100,0.325426916394921,0.331128519318743,-1.21868997742214,-1.19799601447841
schedule_10,schedule_10/1610551875_17.csv,100,0.657280427848748,0.674124280942961,-0.558283769507884,-0.537685119681362
schedule_10,schedule_10/1610551918_80.csv,100,0.420597846804547,0.428890079485072,-1.13767144211501,-1.13209759794227
schedule_10,schedule_10/1610552031_99.csv,100,0.565489514319195,0.573964788278381,-0.780037383767191,-0.775250409326128
schedule_10,schedule_10/1610552074_58.csv,100,0.463008512529433,0.451399523909067,-1.03914186707162,-1.08298183963323
schedule_10,schedule_10/1610552139_69.csv,100,0.4839554305945,0.483732329123943,-0.925203705647377,-0.925102425473764
schedule_10,schedule_10/1610552200_41.csv,100,0.571141643974364,0.602676075312408,-0.778326255063282,-0.688637421185363
schedule_10,schedule_10/1610552312_99.csv,100,0.540825207190522,0.543795523303859,-0.795264058483577,-0.774024346893496
schedule_10,schedule_10/1610552357_64.csv,100,0.588178584851553,0.605904612219648,-0.716917864217346,-0.66563670088887
schedule_10,schedule_10/1610552485_57.csv,100,0.622290797757933,0.604893942736385,-0.625374910434316,-0.654524199543206
schedule_10,schedule_10/1610552532_23.csv,100,0.424513503922536,0.447707132640056,-1.1298187394542,-1.08900635891118
schedule_10,schedule_10/1610552719_17.csv,100,0.706960866968246,0.702647450601771,-0.453556365375113,-0.455349458467305
schedule_10,schedule_10/1610552970_25.csv,100,0.513036848608231,0.513248295783248,-0.84605862657991,-0.84004533265631
schedule_10,schedule_10/1610553026_96.csv,100,0.574906804015228,0.596164376378557,-0.729655157177377,-0.689134748282854
schedule_10,schedule_10/1610553116_88.csv,100,0.580461571178087,0.589491813306796,-0.669830420350012,-0.634581956967644
schedule_10,schedule_10/1610553350_46.csv,100,0.505774885496552,0.500068379167105,-0.856750331839228,-0.877393799066723
schedule_10,schedule_10/1610553468_94.csv,100,0.51454427922812,0.529045962471024,-0.848788129535037,-0.821942666732685
schedule_10,schedule_10/1610553616_57.csv,100,0.415465833605837,0.412110660430317,-1.09821678475365,-1.10081194658827
schedule_10,schedule_10/1610553748_3.csv,100,0.552727278928731,0.558435816271243,-0.77911426588234,-0.749323539000231
schedule_10,schedule_10/1610554079_16.csv,100,0.735656044301532,0.749893630902416,-0.39312405914725,-0.375609592137417
schedule_10,schedule_10/1610554196_33.csv,100,0.605604760174236,0.624605301669087,-0.708669023522384,-0.694980712114728
schedule_10,schedule_10/1610554301_99.csv,100,0.45242523706108,0.462446509831016,-1.02415988977936,-0.973017635951621
schedule_10,schedule_10/1610554476_32.csv,100,0.604355967890207,0.626375040369986,-0.661124362113444,-0.611334648951971
schedule_10,schedule_10/1610555347_84.csv,100,0.703409013601219,0.734631995303078,-0.470382937931554,-0.419931610806033
schedule_10,schedule_10/1610555596_18.csv,100,0.411948734015362,0.41237214608532,-1.13066874446658,-1.11376377432302
schedule_10,schedule_10/1610556049_83.csv,100,0.582383464050507,0.601127131912176,-0.734122270973456,-0.710724611234973
schedule_10,schedule_10/1610556249_30.csv,100,0.640881351016791,0.649660413395314,-0.655785732593974,-0.642561545389681
schedule_10,schedule_10/1610557363_12.csv,100,0.354628898737027,0.363408857514587,-1.22324898461553,-1.16764367956095
schedule_10,schedule_10/1610557813_70.csv,100,0.524488090411097,0.525778316008263,-0.796992676572295,-0.772767042107987
schedule_10,schedule_10/1610557984_88.csv,100,0.644442548225613,0.612691536842046,-0.57812802248617,-0.639910752332302
schedule_10,schedule_10/1610558317_76.csv,100,0.391655235300137,0.388689437442441,-1.17727256189544,-1.18054845896103
schedule_10,schedule_10/1610559607_14.csv,100,0.638695149431472,0.667686681272933,-0.611293841867613,-0.572267569336244
schedule_10,schedule_10/1610560732_90.csv,100,0.540359026979883,0.548953033647181,-0.886454577878798,-0.877621844884787
schedule_10,schedule_10/1610561391_10.csv,100,0.424812388518475,0.416406008143499,-1.06574641663407,-1.07335597781381
schedule_10,schedule_10/1610562715_54.csv,100,0.635953113603716,0.636263432363189,-0.677416086358606,-0.653824581933985
schedule_10,schedule_10/1610563229_12.csv,100,0.5298697913364,0.529848828847912,-0.874819097617139,-0.852347708265726
schedule_10,schedule_10/1610563850_79.csv,100,0.434850445329871,0.43767769832869,-1.07740832286537,-1.07773960850961
schedule_10,schedule_10/1610564322_54.csv,100,0.57983504474465,0.570883477772143,-0.697679605727395,-0.720652640290529
schedule_10,schedule_10/1610566125_44.csv,100,0.654719266893971,0.667996751357793,-0.576537491089281,-0.573452608469071
schedule_10,schedule_10/1610566693_33.csv,100,0.564113367463348,0.55266883489512,-0.825698105223914,-0.818864118435539
schedule_10,schedule_10/1610567243_74.csv,100,0.544764073285674,0.53606850320821,-0.804830721208558,-0.807155008058005
schedule_10,schedule_10/1610569034_28.csv,100,0.462270184797475,0.459474284852382,-0.958686433091206,-0.9686737191065
schedule_10,schedule_10/1610569817_30.csv,100,0.666224811435807,0.663326529708892,-0.535260867567921,-0.533572821906858
schedule_10,schedule_10/1610570504_99.csv,100,0.479145511047469,0.496362605209417,-1.01453927381794,-0.944914498763679
schedule_10,schedule_10/1610573001_55.csv,100,0.695954833780701,0.675669077059224,-0.522773528354804,-0.527873889089442
schedule_10,schedule_10/1610574091_84.csv,100,0.568353112798579,0.583366148036621,-0.774936201617054,-0.759305687797732
schedule_10,schedule_10/1610574532_42.csv,100,0.649754189325733,0.669932605736166,-0.629023706991844,-0.614531846587031
schedule_10,schedule_10/1610575002_79.csv,100,0.582123079308405,0.588080055396245,-0.721504210169113,-0.704374875513158
schedule_10,schedule_10/1610577972_22.csv,100,0.679643915996113,0.71658900429034,-0.472932822140551,-0.390789382679062
schedule_10,schedule_10/1610579459_92.csv,100,0.536757091928916,0.554278646319218,-0.899934165194528,-0.808628010695658
schedule_10,schedule_10/1610635583_98.csv,100,0.381429304969552,0.375813969912521,-1.18578518601378,-1.17252451691292
schedule_10,schedule_10/1610635596_11.csv,100,0.446988963190996,0.453157344822293,-1.14489686174153,-1.13330597121226
schedule_10,schedule_10/1610635616_42.csv,100,0.856330475183939,0.812902826324014,-0.206351259591491,-0.262220412471939
schedule_10,schedule_10/1610635628_38.csv,100,0.401638849666723,0.405978462571471,-1.0081987119462,-0.990091184956682
schedule_10,schedule_10/1610635783_81.csv,100,0.420679565303679,0.429221937710704,-1.05126008348376,-1.01915543285301
schedule_10,schedule_10/1610635793_9.csv,100,0.471404714759961,0.479983366437411,-1.00284343259829,-0.950719450988271
schedule_10,schedule_10/1610635964_39.csv,100,0.800913868433027,0.771736802023698,-0.328206752270518,-0.339168954967749
schedule_10,schedule_10/1610636702_70.csv,100,0.569833201367064,0.582663947893549,-0.70744579681009,-0.667026757927364
schedule_10,schedule_10/1610639255_45.csv,100,0.684824543983877,0.666343216202532,-0.478914220616636,-0.499567425045995
schedule_11,schedule_11/1590419459_78.csv,100,0.582002627252768,0.591077324748949,-0.754000658767305,-0.740220696737995
schedule_11,schedule_11/1590419468_35.csv,100,0.522913613957327,0.534183098401735,-0.883397729938608,-0.840054943676078
schedule_11,schedule_11/1590419479_50.csv,100,0.4586725600033,0.467926008910584,-0.95433112734928,-0.918907879106109
schedule_11,schedule_11/1590419487_74.csv,100,0.840712059735104,0.806334968007561,-0.247749121845731,-0.29456440021314
schedule_11,schedule_11/1590419496_53.csv,100,0.648072611063448,0.65330093205514,-0.57864303185738,-0.562696803203819
schedule_11,schedule_11/1590419501_3.csv,100,0.692983720319096,0.669897590364669,-0.410794222832596,-0.440246675184364
schedule_11,schedule_11/1590419514_46.csv,100,0.634334594265552,0.660259858213843,-0.612351918215933,-0.591800097283448
schedule_11,schedule_11/1590419530_26.csv,100,0.47426838855713,0.480049781405967,-1.026279821041,-1.01086415245795
schedule_11,schedule_11/1590419581_60.csv,100,0.721610109110279,0.727379816809557,-0.396492274618241,-0.387614708535352
schedule_11,schedule_11/1590419680_80.csv,100,0.502456366458308,0.528296019030094,-0.94912030410198,-0.893897785586198
schedule_11,schedule_11/1590419903_92.csv,100,0.493263356183269,0.510521454403196,-0.940876657027595,-0.877462398390306
schedule_11,schedule_11/1590420096_71.csv,100,0.436673644403728,0.419239242164207,-1.05669546000412,-1.10084203415495
schedule_11,schedule_11/1590420672_83.csv,100,0.592329005567701,0.62666299553269,-0.709224600435929,-0.657097866947873
schedule_11,schedule_11/1590420907_47.csv,100,0.472862862477359,0.499928145336232,-0.965471356751395,-0.915567786292416
schedule_11,schedule_11/1590421655_88.csv,100,0.503054817170544,0.514512045941317,-0.944575304127127,-0.897474060863049
schedule_11,schedule_11/1590423170_94.csv,100,0.635495246267643,0.666108329319663,-0.621204656483284,-0.592141989037085
schedule_11,schedule_11/1590423808_25.csv,100,0.70970659831188,0.697970989070183,-0.497948709506615,-0.50377679218597
schedule_11,schedule_11/1609192739_53.csv,100,0.571859176258367,0.569555269205629,-0.819861076537458,-0.842535935027599
schedule_11,schedule_11/1609192747_31.csv,100,0.380539500563564,0.388704448947955,-1.14250742948724,-1.11687178851721
schedule_11,schedule_11/1609192765_75.csv,100,0.598830885490835,0.593939728149378,-0.700754765516065,-0.689016565315947
schedule_11,schedule_11/1609192783_24.csv,100,0.649801560034456,0.693159762907279,-0.576289008673442,-0.528520677363704
schedule_11,schedule_11/1609192819_61.csv,100,0.488060376172207,0.496942869195918,-0.982315725793785,-0.973119193211467
schedule_11,schedule_11/1609192827_34.csv,100,0.518711462874631,0.526155647642572,-0.999671859243749,-0.971679457952766
schedule_11,schedule_11/1609192871_68.csv,100,0.51313759248588,0.496985472181997,-0.896453646083228,-0.939344647080382
schedule_11,schedule_11/1609192911_71.csv,100,0.537557806660737,0.523650751152096,-0.907911693156351,-0.936473409736823
schedule_11,schedule_11/1609192969_76.csv,100,0.507497626790531,0.504889065079791,-0.949317072604318,-0.964374122675931
schedule_11,schedule_11/1609193050_75.csv,100,0.550592256908299,0.55860739150952,-0.768025091768788,-0.757192982295685
schedule_11,schedule_11/1609193202_99.csv,100,0.756864187264372,0.809044800944281,-0.333184828404508,-0.266139727827534
schedule_11,schedule_11/1610551333_78.csv,100,0.532515838194223,0.525938437580542,-0.754039796795355,-0.758276709720705
schedule_11,schedule_11/1610551353_61.csv,100,0.445041186831933,0.457713391635373,-1.0575960216694,-1.00135965248057
schedule_11,schedule_11/1610551395_75.csv,100,0.635834301238601,0.615589310260858,-0.56274821729891,-0.592240406277959
schedule_11,schedule_11/1610551427_52.csv,100,0.490302614156933,0.49931679872186,-0.950420739683737,-0.940923530514946
schedule_11,schedule_11/1610551449_74.csv,100,0.586845000037888,0.607815824036542,-0.709254731160638,-0.660077103306474
schedule_11,schedule_11/1610551548_74.csv,100,0.345598984271349,0.348132814386057,-1.14148992863949,-1.12992239065151
schedule_11,schedule_11/1610551588_9.csv,100,0.511759765694718,0.529147089390022,-0.894006891147051,-0.854094819433549
schedule_11,schedule_11/1610551643_12.csv,100,0.633943579831968,0.611355763966458,-0.606367466872965,-0.682351520033105
schedule_11,schedule_11/1610551677_84.csv,100,0.592430950364073,0.60250615346326,-0.664756085926612,-0.629147531007188
schedule_11,schedule_11/1610551759_39.csv,100,0.560898164930057,0.566679616997715,-0.725861514793812,-0.709299585054551
schedule_11,schedule_11/1610551805_85.csv,100,0.453093796990239,0.458905915415972,-1.04993799397116,-1.06308802352348
schedule_11,schedule_11/1610551875_27.csv,100,0.553359272934897,0.537597318076608,-0.871685034965514,-0.92351243947981
schedule_11,schedule_11/1610551923_18.csv,100,0.630865784242184,0.648608419290539,-0.593429133734324,-0.573263773971906
schedule_11,schedule_11/1610552050_27.csv,100,0.492973750966058,0.487048240590256,-0.919323385825648,-0.914919860745351
schedule_11,schedule_11/1610552134_100.csv,100,0.730691432304835,0.782894665755252,-0.399256984896531,-0.332353826411417
schedule_11,schedule_11/1610552202_57.csv,100,0.65919980789772,0.71138804846083,-0.572725169122613,-0.505796771053356
schedule_11,schedule_11/1610552331_15.csv,100,0.632811659167288,0.638135392377271,-0.650258592262779,-0.617432215083768
schedule_11,schedule_11/1610552478_97.csv,100,0.456193777779705,0.477721197984598,-1.07234968801474,-1.014941248491
schedule_11,schedule_11/1610552535_47.csv,100,0.515341064816965,0.526049002680875,-0.857639820344221,-0.813594928191022
schedule_11,schedule_11/1610552665_85.csv,100,0.515874357047876,0.531103220449512,-0.876080181763357,-0.821454317370535
schedule_11,schedule_11/1610552815_40.csv,100,0.563234847014407,0.578935910592095,-0.762113294914044,-0.727738812933355
schedule_11,schedule_11/1610553016_66.csv,100,0.543548861495482,0.557988184431123,-0.801624306803132,-0.755592287897665
schedule_11,schedule_11/1610553142_49.csv,100,0.563713437132419,0.554867783151775,-0.727826086206984,-0.74911562154189
schedule_11,schedule_11/1610553321_54.csv,100,0.703593469035758,0.747098389370314,-0.440451289675661,-0.385553766966993
schedule_11,schedule_11/1610553398_11.csv,100,0.52820046746283,0.531352790523028,-0.804805994106306,-0.7897484084205
schedule_11,schedule_11/1610553593_40.csv,100,0.750052479403077,0.764226519437427,-0.328776097791738,-0.315661646947791
schedule_11,schedule_11/1610553755_69.csv,100,0.601725395141469,0.619007388871033,-0.687941624671045,-0.652017334328924
schedule_11,schedule_11/1610553945_11.csv,100,0.572773049055902,0.587451164798515,-0.705652887748783,-0.67787205750039
schedule_11,schedule_11/1610554152_22.csv,100,0.439331926935553,0.428972361214013,-1.11034227827286,-1.15789680249487
schedule_11,schedule_11/1610554295_100.csv,100,0.548973128576882,0.560622676262943,-0.798294957781303,-0.762090038143291
schedule_11,schedule_11/1610555111_66.csv,100,0.633963820972725,0.633657467891449,-0.622828171814589,-0.644824537735626
schedule_11,schedule_11/1610555467_92.csv,100,0.644765463864404,0.666900216677667,-0.586327568708759,-0.562794546433352
schedule_11,schedule_11/1610555946_60.csv,100,0.552306632014964,0.551484251273889,-0.859390731419724,-0.822427003817755
schedule_11,schedule_11/1610556311_16.csv,100,0.625882405289255,0.630437813099598,-0.61497832990581,-0.592113587987175
schedule_11,schedule_11/1610557064_78.csv,100,0.57396553944438,0.597095249861026,-0.776480026103667,-0.736553025440958
schedule_11,schedule_11/1610557406_87.csv,100,0.476904474036478,0.490813499837479,-1.06754795038511,-1.04407014273684
schedule_11,schedule_11/1610557965_29.csv,100,0.527628655777832,0.533335806892476,-0.834601154130576,-0.811257244406487
schedule_11,schedule_11/1610558334_47.csv,100,0.52741431152939,0.536065095312772,-0.896063609231439,-0.874736826456983
schedule_11,schedule_11/1610559171_37.csv,100,0.612268064062007,0.61236836360048,-0.706113155797615,-0.703152020727413
schedule_11,schedule_11/1610559862_45.csv,100,0.299803162782603,0.308450324930722,-1.4648212431662,-1.44847927732156
schedule_11,schedule_11/1610560695_86.csv,100,0.544233247617829,0.552957210364418,-0.74863501187742,-0.715531871051226
schedule_11,schedule_11/1610561426_79.csv,100,0.577154106593837,0.585844657778627,-0.724927130984254,-0.696215037906647
schedule_11,schedule_11/1610562563_42.csv,100,0.540362349855483,0.546033862370507,-0.841487801784731,-0.828803824103406
schedule_11,schedule_11/1610563066_49.csv,100,0.472945510787398,0.478835582405886,-1.005634592445,-0.992220944424327
schedule_11,schedule_11/1610563791_98.csv,100,0.646763917523082,0.664644334855331,-0.646703843540161,-0.589916343245025
schedule_11,schedule_11/1610564359_3.csv,100,0.55800192013825,0.568430844557483,-0.845983606473623,-0.818908705641808
schedule_11,schedule_11/1610565923_68.csv,100,0.676665521529955,0.671668379466914,-0.509315228411097,-0.510350807203738
schedule_11,schedule_11/1610566624_96.csv,100,0.554113449618154,0.566065812306333,-0.804072688815149,-0.790754434774306
schedule_11,schedule_11/1610567254_92.csv,100,0.61515416435434,0.652689669133771,-0.654020289014515,-0.593812578404271
schedule_11,schedule_11/1610568605_86.csv,100,0.461478739664387,0.467857459249633,-0.956766561791378,-0.931312065031616
schedule_11,schedule_11/1610569345_100.csv,100,0.374286609738956,0.374310723399657,-1.23385979641989,-1.21881575317807
schedule_11,schedule_11/1610570480_40.csv,100,0.594563511090071,0.582091840813443,-0.698906506414567,-0.739199392060407
schedule_11,schedule_11/1610571649_2.csv,100,0.706255642097034,0.749901365654645,-0.444909685288905,-0.389956079735141
schedule_11,schedule_11/1610572741_73.csv,100,0.72894155978648,0.7340686696478,-0.412856186348048,-0.385199472863435
schedule_11,schedule_11/1610573279_83.csv,100,0.48700509078993,0.501117926166922,-0.882030258175057,-0.834017159709277
schedule_11,schedule_11/1610575088_87.csv,100,0.488645527570456,0.497534567567847,-0.979774292534769,-0.961857668139034
schedule_11,schedule_11/1610577216_72.csv,100,0.52003644204707,0.522453998672224,-0.808968192217754,-0.790519973521445
schedule_11,schedule_11/1610580140_87.csv,100,0.460810247248108,0.475289250296612,-1.01056393845041,-0.978436380652293
schedule_11,schedule_11/1610581337_49.csv,100,0.500825788459517,0.505844693998243,-0.84976692538283,-0.828431802265115
